PID,text,labels
test_id_1,এককথায় যাকে বলে বাংলাদেশের মাগি এবং পতিতা ব্যবসা!,Negative
test_id_2,আহহা ফেসবুক হ্যাকের জন্য,Negative
test_id_3,ও আচ্ছা ফেসবুক হ্যাক করা দুশ্চিন্তা নিয়ে এই পোস্ট টা করছেন,Negative
test_id_4,লিংক পাইলে দিয়েন কেউ,Negative
test_id_5,মানি মানি মানি  নরম জিনিষের ছোয়ায় যখন গরম আসেনিজ হাত আর আর নুনু দেয় থাকে ভালবেসে,Negative
test_id_6,এই জারজের জন্মের ঠিক নাই ও হচ্ছে মিচ্র বিজের পয়দা সেকারনে এই সব কথা বলে,Negative
test_id_7,এটাই বাঙালি। দোশ করবে আল্লাহর কাছে৷ ক্ষমা চাইবে ফেসবুকে,Negative
test_id_8,মাল কম খাওয়া হয়েছে,Negative
test_id_9,মেলায় হারিয়ে যাওয়া সানি লিওনের জমজ বোন কে খুঁজে পাওয়া গেল,Negative
test_id_10,তরে পাইলে। কুত্তা দিয়া চুদাইতাম,Negative
test_id_11,এদেরকে গালি দিয়ে মুখ খারাপ করে লাভ নাই কারণ এদের জন্মই হচ্ছে বেশ্যার ঘরে,Negative
test_id_12,বুজলাম এখন পর্ন ফিস বালডায় কেন ভাগছে !,Negative
test_id_13,দুধ ২টা কেন দেখান ওটা ডেকে রাখতে এতো সমস্যা কেন,Negative
test_id_14,"বোকাচোদা তুমি আবার সাহসী মারাইছো,এই হালায় সংস্কৃতির ১২ টা বাজাইছে।",Negative
test_id_15,মালয়েশিয়া থেকে শুনছি,Negative
test_id_16,ফেসবুক হ্যাকড্ তাই আল্লাহর কাছে বিচার দিলেনআপনি এত কিউট ক্যান??,Negative
test_id_17,সাফার পাছা এখন লাল হয়ে গেছে,Negative
test_id_18,হেদায়েতের মালিক একমাত্র আল্লাহ। আল্লাহ আপনাকে হেদায়েত দান করুক।(আমিন)আর বেশি কিছু বলার নেই।,Negative
test_id_19,প্রিয়া সাহার বক্তব্য:মাননীয় প্রধানমন্ত্রীর দ্বারা অনুপ্রাণিত হয়েই আমি এসব কথা বলেছি .,Negative
test_id_20,হুম পুটকি মারতে আইসি,Negative
test_id_21,গরীবের সানি আপা,Negative
test_id_22,"সাফা কবির - পাছা কবিরসবাই একটা করে নতুন নাম দিয়া যান,,,",Negative
test_id_23,বেশ্যারা পরকালে বিশ্বাস না করাটা অবাক হওয়ার কিছু নয়।,Negative
test_id_24,পাছার মাঝে কয়টা মারা দরকার,Negative
test_id_25,কন্ডমগুলো মনে হয় ফুঁটো ছিলো তাই আজ তুমার এই অবুস্থা,Negative
test_id_26,সে দেশে আসার পর তাকে চাটাম ঘর এ নিয়ে চাটাম মারা হোক,Negative
test_id_27,অতঃপর পাবলিকের অপমান সইতে না পেরে না ফেরার দেশে চলে গেলেন আমাদের বোন পাছা কবির,Negative
test_id_28,ওস্তাদমাগি সুদি না আমগো নুনুর দাম আছে,Negative
test_id_29,"তুইতো একটা মাগি, মাগিরা এসব বলতে পারে।",Negative
test_id_30,মিথিলার জানালা খুলা,Negative
test_id_31,মাগি কই কি,Negative
test_id_32,"সামনে কি জনি সিন্স নাকি,",Negative
test_id_33,মাদারচোদেরেএতদিন পরে মিথ্যা কল রেকর্ড পাঠাইছো খানকির পোলা ব***** মাগির পোলা,Negative
test_id_34,ফেসবুক হ্যাক তাতেই মাফ চাওয়া চাইয়ি শুরু,Negative
test_id_35,চুলের ফাক দিয়া আমি যে নদি টা দেখতাছি তাহা কি তোমরা কে দেখতাছো ব্রা,Negative
test_id_36,পরি মনি দিনে দিনে অশ্লিল হয়ে যাচ্ছে! সানি লিওন হতে চাচ্ছে,Negative
test_id_37,রায়হান শেখ কোন পতিলয়ে কন্ডম দূর্ঘটনায় এটার জন্ম হইচে।।।,Negative
test_id_38,সৃজিত আঙ্কেল মনেহয় আপনে এখন ফেইল,Negative
test_id_39,তুমি টমেটো সসবাকিরা চিকেনফ্রাইসাইডে চলো তোমার একটা দুধু খাই,Negative
test_id_40,ফেসবুকে পোস্ট দিয়ে লাভ নেয় আল্লাহর কাছে ক্ষমা চেয়ে নেও,Negative
test_id_41,বোকাচোদা বাঙালি হুজুগে চল্লিশ হাজার ফলোয়ার বাড়িয়ে দিয়েছে এই মেয়ের!!!!,Negative
test_id_42,আসলেই একটা মাগী,Negative
test_id_43,"তিনটা ছাগল একটা ছাগী তুই একটা মা,,,,,,,",Negative
test_id_44,চুদিরভাই বাঁশ চেনো বাঁশ দেবো,Negative
test_id_45,এই মাগী তোকে কে জন্ম দিয়েছে তোর মা ভাল জানে,Negative
test_id_46,"মানুষের পাছায় বাঁস দেয়, কিন্তু মাগি বাঁস পাছায় দিছে  ",Negative
test_id_47,আল্লাহর আদেশ কয় টা পালন করছ।মাগি,Negative
test_id_48,তোরে কুত্তা দিয়া চুদাইতে হইবো,Negative
test_id_49,"চো,,,,, মুড়ি কিনে খা বেশ্যা",Negative
test_id_50,কবে মুক্তি পাচ্ছে তোমাদের টা?,Negative
test_id_51,কাকু তুই সালা একটা গরু চুদা,Negative
test_id_52,"তুমার জন্ম কে দিয়েছে, তাকে তুমি দেখনি তার মানি তুমি জারজ,",Negative
test_id_53,"বারে বাহ,,,, তোমার মাঝে আমি আমার বউটারে খুউজা পাই,,, সানি বউ টা সেম বুবস",Negative
test_id_54,তোরে জনি সিন্স রে দিয়া চুদাইতে হয়ব,Negative
test_id_55,"এখন আবার এনারে ধরছো,, ও মাই গড",Negative
test_id_56,ইচ্ছা করতাছে পদ্মা সেতুর দশটা পিলার তর পুটকি দিয়াঢুকাই দেই  .,Negative
test_id_57,সবাই আছেন তাকে গালাগালি করার চিন্তায় আর আমি আছি কবে তার লিংক পাবো সেই চিন্তায়,Negative
test_id_58,বলদ চোদা হালারা নায়িকা টা কোন গাধা শুটিল না কইরা গাস কাট,Negative
test_id_59,জুম করে দুধের মধ্যভাজ আর পাছার একাংশ দেখে নিলাম,Negative
test_id_60,অাহানুনুর অাগায় পানি চলে অাসলো তোমাকে দেখে,Negative
test_id_61,এতে বোঝা গেলে তুমি সব গুলেকে চাও,Negative
test_id_62,বালিস দিয়ে নুনু ঢাকা হচ্ছে য়্যা?,Negative
test_id_63,ওর ভোদায় গরম রড দেওয়া উচিত বেশ্যা মাগী,Negative
test_id_64,সোনার ছবি বালছাল করে হালার পরিচাকরে পাইলে জোতা দিয়া দিতাম,Negative
test_id_65,সোনা কাটা পরী,Negative
test_id_66,"সারা বছর নোংরামি,রমজান মাসে ভন্ডামি।",Negative
test_id_67,মুখে ধোন ঢুকাইয়া দুধডি টিপতে হইবো,Negative
test_id_68,"রাগ কমবে কেমনে লিখে পোষ্ট দিলে আমরা বিশ্বাস করব না, ভিডিও করে লিখতে হবে।মূর্খ চোদা",Negative
test_id_69,কামলাচুদানি বি লাইক!লেভেল প্র,Negative
test_id_70,এখন ও ভুল বুজতে রাজি না খানকি মাগি,Negative
test_id_71,কুকুর কে দুধ দিয়ে গোচল দিলেও পায়খানায় মুখ দিবে।,Negative
test_id_72,বোকাচুদা হিরো আলোম মুভি মারাছে,Negative
test_id_73,বেশ্যাই তোকে দেখতে তসলিমা নাসরিনের ডিমের ফোঁটা বাচ্চার মত লাগছে,Negative
test_id_74,কুত্তা মাগি। ।।,Negative
test_id_75,তদের মত বেসসাদের এই দেশে থাকার জায়গা নাই,Negative
test_id_76,এর একাধিক যৌন সংগি আছে এ শয়তান মেয়ে তার বাবার সাথেও অপকর্ম করতে পারে,Negative
test_id_77,পাছায় রট দিতে হবে,Negative
test_id_78,মাগি কথা বলার সময় হুস থাকে না??????,Negative
test_id_79,এই মাগি তো আল্লাহ বিশ্বাস করেনা আবার এই মাগি কোরনা ডায়লগ দেয়,Negative
test_id_80,জাহিদ খান মাগির দালাল তাই কেও তারে চিন্তে পারি নাই,Negative
test_id_81,নিজের পুষিতে আঙুল বুলিয়ে মজা নিচ্ছে পাছা কবির,Negative
test_id_82,এত বড় কেন,Negative
test_id_83,এরা কেউই আর তোমাকে তোতে না,Negative
test_id_84,"দোস তো ওর না,দোস হলো ওর মতো খানকি যে জন্ম দিয়েছে তার।",Negative
test_id_85,"দুধ তো জুইলা গেছে,, তারপরে আবার আমজনাতার লগে টক্কর,, ,",Negative
test_id_86,আচ্ছা আপনার পাছা তো দেখতে পারেন নাআপনি কি পাছায় বিশ্বাসী জানতে ইচ্ছে করে,Negative
test_id_87,শুটকি মনে করে ছিলাম কিন্তুু পাচাটা তো সেই ছিল,Negative
test_id_88,তোমার তো জুটির অভাব হয়না।,Negative
test_id_89,দাদা অরে কান হেলাল আর আসাদ পং রে দিয়ে চোদাইতে হবে,Negative
test_id_90,এই মাগির পায়ের রুম এতো লম্বা কেরে,Negative
test_id_91,সেফুদা তোরে চোদে কে? মাদারচোদ,Negative
test_id_92,খানকি মাগি তোর রেট বল।।। তোকে ভাড়া করে আমাদের এলাকার সব কুত্তা দিয়ে খেলাবো।।।,Negative
test_id_93,দিচ ইচ চুদা কবির,Negative
test_id_94,বিচার কি আল্লাহর কাছে দিয়েছেন?নাকি ফেসবুকের কাছে?,Negative
test_id_95,সাফা তুই এক টা পতিতাখানকি মাগি কুত্তার জি এসব কি বলছ তুই মাগি,Negative
test_id_96,জেসিয়া তোমার হোগা এখন কে চাঁটে বড় জানতে ইচ্ছে করে।,Negative
test_id_97,"মিথিলারে এই বেডার কাছে পাঠানো হোক,,সব জালা মিঠাই দিবো ১৬""",Negative
test_id_98,সাহসী চোদা আলম,Negative
test_id_99,এসব দেখে কেমনে মাথা ঠিক থাকবে??সালার ফটোগ্রাফারের অনেক ধৈর্য রে ভাই।।বডি স্ট্রাকচার কত হতে পারে?? ,Negative
test_id_100,তিনটি লোক যোক্তি করে এসেছে হিরো আলমকে অপমান করার জন্য।সব সালারা মাদারচুদ।,Negative
test_id_101,মিয়া খলিফা বাংলাদেশ এর,Negative
test_id_102,হ তুমার দরজা জানালা সবি খুলা অলয়েজ!!!,Negative
test_id_103,খেলে যান না,Negative
test_id_104,সাফা তোক চুদে আমরা করবো ছাফা,Negative
test_id_105,বাবা ইসলামি ফাউন্ডেশনের চেয়ারম্যান আর মেয়ে পর্ণস্টার,Negative
test_id_106,নুনু বেল তুমি পর্ণ বের করো বেশ চলবে মাইরী,Negative
test_id_107,তিনটা ছাগল মানুষ কোরবানি দেয় আর একটি ছাগলী মানুষের কাছে কোরবানি হয়,Negative
test_id_108,সবাই মিলে ওকে চোদার কাম,Negative
test_id_109,"আমারে রাইখা তুই অর লগে ঢ্লাঢলি করস, প্রস্টিতিত কোতাকাল",Negative
test_id_110,এটা কি দুধের বিজ্ঞাপন?,Negative
test_id_111,তুই তো আস্ত একটা খানকি,Negative
test_id_112,তুই নটি না আল্লাহকে বিশ্বাস করছ না তাইলে আবার বিচার দেস কেন,Negative
test_id_113,মাগী তুই এখনো তোর মায়ের ফিটার খাচ্ছে নাকি,Negative
test_id_114,সুদি তরে মাগি,Negative
test_id_115,হিরো কনডম যে সেফুদার দত্তক পুত্র আগে জানতাম না,Negative
test_id_116,এটার লিংক তো পেলাম না চুদম্রানি,Negative
test_id_117,তুই মাগি হিন্দু কোরআন শরীফ পড়ছিলি কোনদিন তুর মাটা কেমন জন্ম কেমন করে দিছে,Negative
test_id_118,"শালি পুটকি মারা খাইয়া গ্যান হারিয়ে ফেলেছে।তাই জ্বরের মুখে আবল তাবল বকতেছে,,,ঝারু মারা উচিত",Negative
test_id_119,খানকি মাগি কয় কি !,Negative
test_id_120,মাগী তুই আল্লাহকে অবিশ্বাস করছো,Negative
test_id_121,আফা আজ ব্রা পরেন নাই?ছিরা গেছে নাকি,Negative
test_id_122,"শালা পাগল মাল, বাদর",Negative
test_id_123,মাগির মাগি   .ভুদা ফাটাইলাইমু,Negative
test_id_124,মাফ করার মালিক কে আমার আল্লাহ ঠিক আছে,Negative
test_id_125,এই গোডাউনের মাল তাহলে,Negative
test_id_126,কাল ঈদ ছিলো অথচ তুমি এখনও আমার সাথে কোলাকোলি করো নাই।,Negative
test_id_127,এটুকু ঠেকে আরে কি হবে হাত সরা মাগি,Negative
test_id_128,পাছার কাপড় টা খুলে বসলে ভালো হয়,Negative
test_id_129,তুই একটা নষ্ট মাগী,Negative
test_id_130,বেশ্যা বাংলাদেশের ময়লা তুই গেট লস্ট।মুরগির বাচ্চা,Negative
test_id_131,তোমার ওই স্তনযুগল যেন ব্রা ফেটে বেরিয়ে আসতে চাইছে।,Negative
test_id_132,ওতো একটা পতিতা মানে খা:::::::কি,Negative
test_id_133,এই পোস্ট কারি তার মায়ের জারজ সন্তান,Negative
test_id_134,তোমার তো সবই খোলা! তোমার জানালাও যা দরজাও তাই!!,Negative
test_id_135,আহা বাতারি শা*রে,Negative
test_id_136,ল্যাংটা পরিবড় লোকের বেটিলো লম্বা লম্বা চুল।তোমার নিচে ভরে দেবো লাল গেঁন্দা ফুল,Negative
test_id_137,এই হিরো হিরোনসি বানরটার কারণে ফেসবুকে ডুকতে পারিনা কুত্তার বাচ্চারে দেখলে মাতা গরম হযে যায়,Negative
test_id_138,"বাংলাদেশ এর একজন সানি লিওন,, সাফা কবির,,,,",Negative
test_id_139,কি দুধ।খান আপু,Negative
test_id_140,মাগির মায়ের সুদ,Negative
test_id_141,অনেক বড় বাড়া দেখছেন মনে হয়?,Negative
test_id_142,এই নিষ্পাপ বাচ্চা গুলোর নুনুর বারোটা বাজানোর কি দরকার ছিল ভাই?,Negative
test_id_143,ফেইসবুক হ্যাকের বিচার আল্লাহর কাছে ভালোই চলছে বিচারকার্য,Negative
test_id_144,আজ ঢেলেই দিব,Negative
test_id_145,তোমার লিংক কবে যে বের হবে   ,Negative
test_id_146,তুই য় একটা মাগি,Negative
test_id_147,চল যাইগা পাটক্ষেতে,Negative
test_id_148,মাগি মর তাহলে বুজবি,Negative
test_id_149,এই মহিলা একটা মাগি,Negative
test_id_150,খোলা জানালা কি বাংলা রডওয়ালা নাকি ইন্ডিয়ান থাই,Negative
test_id_151,সৃজিত কাকায় মনে হয় দূর্বল,Negative
test_id_152,অনুগ্রহপূর্বক আমার হবু বউকে পুটকি মারার চেষ্টা করবেন নাহ। হোগা মারার চেষ্টা করুন।,Negative
test_id_153,দুধ দেখতে চাই,Negative
test_id_154,ভুল শিকার করার কারন আছেরে মামা-হিতির ফেসবুক আইডি হেক হয়েছে তাই খমা চাইতেছে,Negative
test_id_155,মাতাই কাপড় দিয়ে বলেন,Negative
test_id_156,তুমার সাথে হানিমুন চিল,Negative
test_id_157,মোহাম্মদ সজিব বাবু সভাইকে মেনশন দিয়ে চুদার কমেন্ট দেখার সুযোগ করে দিন,Negative
test_id_158,ডগী স্টাইলে চারটা রাম ঠাপ দিলেই ঠিক হয়ে যাবে  .মাগীর নাম্বার ওয়ান   ,Negative
test_id_159,নারী জাতির কলংক তুমি।তুমার জনি ভাইয়ার কাছে যাওয়া দরকারযেখানে তুমাদের মত মেয়েদের করা হয়,Negative
test_id_160,"জারজ সন্তান,,, সাফা কবির",Negative
test_id_161,অর্ধ উলঙ্গ হয়ে কি বুঝাতে চাচ্ছেন?,Negative
test_id_162,কত তম বিয়ের এইটা,Negative
test_id_163,পাছা কবির কে সেফুদার কাছে পাঠানোর ব্যবস্থা করা হোক,Negative
test_id_164,তুই ত ভাল অভিনয় জানছ  এখন আবার বলে আমার আল্লাহ বিচার করবে। জারজের দল,Negative
test_id_165,আপা আরেকটা অডি গাড়ি কবে লইবেন??,Negative
test_id_166,চুদে না চুরে আবার পার্ট চুদাইয়া গুরে||,Negative
test_id_167,কালকে রাতভর বিশেষ কারোও সাথে নিচ তলার দাপ্তরিক কাজ শেষ করেছেন তো,Negative
test_id_168,মাগি তুই মর আগে তখন বুঝবি,Negative
test_id_169,ফেসবুক হ্যাক হওয়া দুঃখে আল্লাহকে মানতে বাধ্য হলেন ।,Negative
test_id_170,তুর জন্য আজকে ফেসবুক ব্যবহার করা যাচ্ছে না,Negative
test_id_171,এখন জনতা লিংক খুঁজবে,Negative
test_id_172,কমেন্টের সোদনে সাফা কবিরের পাছা ৭ ইঞ্চি বড় হয়ে গেছে,Negative
test_id_173,খানকি মাগির কল্লাটা পদ্মাসেতুর জন্য দেয়া হোক চুতমারানি,Negative
test_id_174,যৌন চুলকানি নাউযুবিল্লাহএসব ছবি আপলোড দেওয়ার আগে সানি লিওন আপির অনুমতি নিয়ে আপলোড দিবেন ।,Negative
test_id_175,বাংলার সানি লিওন .,Negative
test_id_176,হেতেরে স্যার জনি সিন্সের হাওলা করতে পারলে মনডা শান্তি পাইতো,Negative
test_id_177,এভাবে কয়দিন কয়েকদিন পর তো আবার সানি লিওন হয়ে যাইবা,Negative
test_id_178,ম্যানেজার চাইলেও কিছু করতে পারবেননা মালিকের বিরুদ্ধে,Negative
test_id_179,কেও অশ্লিল কমেন্ট চুদাবেন্না আমরা পরিস্তিতি নিয়ন্ত্রনে আনার চেস্টা করতেছি।,Negative
test_id_180,তোর মার সাথে খানকির পোলা,Negative
test_id_181,কাফেরদের সমালোচনা করাও আজ দোষ ধরা হয়।। হায়রে মুসলমান।।,Negative
test_id_182,পুন দেগ‌ই চেনা মাগির জি,Negative
test_id_183,হাসিবুল আলম আদর এই মাগী তোমার জান হয় কেমনে?,Negative
test_id_184,জনগনকে বলদ ভাইবেন না। অাপনি লাইভ সো এ কি কথা বলেছেন। অার এটা ত ফেসবুকই,Negative
test_id_185,তরা খানকিরা যা করবি তাই তোদের কাছে ভাল তাইনা মাগিরা,Negative
test_id_186,পেন্টিও পড়েন নাই নাকি!,Negative
test_id_187,জাহেদ খানের মাইরে সুদি মাগির পোলা কারে কি বলিস,Negative
test_id_188,"তুই ত একটা বেশ্যা .তুই এখন          আছত যে,,",Negative
test_id_189,"তর জন্ম কিভাবে হইচে তা কেই দেখে নাই,,, তাহলে আমারা কি ধরে নিব তুই ****",Negative
test_id_190,এত লোকরে সদরঘাটে নিলে আমাকেই বাকি রাখলা ক্যান??,Negative
test_id_191,এই মাগি এই মাগি,Negative
test_id_192,"হারামজাদী কি,,, সে একটা খানকি",Negative
test_id_193,হয়তো প্রথম আলোর ভুলে গেছে তাদের মতো কোনো ব্যশ্যা নটিকে বাংলারর মানুষ পছন্দ করেনা,Negative
test_id_194,আচ্ছা আপনি কার সাথে সেক্স করে কামনা মেটান? নিশ্চয়ই কোন নিজ লিঙ্গের মানুষের সাথে ?,Negative
test_id_195,আজব মাইয়াএকদিন বিকিনি আরেক দিন বোরখা।ভাভা যায় এগ্লা,Negative
test_id_196,তোর কয়ডা লাগে?,Negative
test_id_197,কমেন্টের চোদনে পোস্টদাতা পেগনেন্ট,Negative
test_id_198,কমোন্ডে লাইক শেয়ার করে পাছায় লেগে থাকুন,Negative
test_id_199,মাগির বাচ্চাইন মরিয়া খইজাইতা।,Negative
test_id_200,ইচ্ছা করতেছে মোবাইলটা ভাইব্রেশন মুডে রেখে তুর পাছায় ঢুকিয়ে দিয়ে লম্বা একটা মিসডকল মারি ,Negative
test_id_201,তোর মত খানকির বিশাস করা কছুই জায় আশেনা,Negative
test_id_202,তোমাকে পেলে আমি পা কাদেঁ তুলে শাস্তি দিতাম খানকি মাগী,Negative
test_id_203,হিতিরে হোনদায়ছে খানকি,Negative
test_id_204,তুই কানকিকে আল্লাহ মাফ করবেন না,Negative
test_id_205,শুরুতেই চুষা-চুষি শুরু করে দিছে .,Negative
test_id_206,জাহেদ খান এবর কিঠা আমি তো চিনলাম না ভাই পাজিল জাহেদ খানকি,Negative
test_id_207,"নেংটা নাকি?অফফফফ পেন্টিও পড়োনি,কিংবা ব্রা?উফফফ কি হট তুমি।",Negative
test_id_208,আরে বোকা চোদা হিরোআলম তুইতো ঠিকবাভে কথাবলতে পারছিস না তুই আবার কোনদোনের নায়ক,Negative
test_id_209,ভাইরে পোলাপান এমন চোদা চোদলো আমি কোন দিক দিয়ে চোদবো জায়গা খুঁজে পাই না।,Negative
test_id_210,"জিনিসগুলো ত আরও বড় ছিল,এগুলোর অবনতি হচ্ছে কেন??এগুলো দেখার কেউ নাই।",Negative
test_id_211,মাগিরে পুট্কি মার,Negative
test_id_212,আবাল চুদা ছেরি .,Negative
test_id_213,যে খানকির পোলা এডিট করছে আমি সিউর তুর জন্ম ভারতীয় কনডম দুর্ঘটনায়,Negative
test_id_214,নটি নায়কা বেশামাল উলঙ্গ ।,Negative
test_id_215,কেমনে বিশ্বাস করবে ও একজন বেহেয়া মাগি,Negative
test_id_216,শাওয়াডা অতি স্মার্ট হইতে গিয়া বোকাচোদা হইয়া গেলো আহ!,Negative
test_id_217,বিক্রম সাতার পারে তো? হালায় তো ডুইবা মরবো,Negative
test_id_218,"কাল দেখলাম ল্যাংটা, আজকে হিজাব।",Negative
test_id_219,মাগি হইলো পাছা কবির ওরে ধইরা গুয়া মারমু,Negative
test_id_220,অই নাস্তকি শালী।।তুই যে কথাটা বিলছোস তোরে পাইলে চুদে ভোদা ফাটাইতাম রে মাগি,Negative
test_id_221,পুটকি দিয়া বাশ দিবো মরার পর তোমাকে,Negative
test_id_222,মাদারচোদ জালাই ফেসবুকে ঢুকা য়াই না,Negative
test_id_223,"যা ভেবেছি, যা লিখেছি তাই করেছে মাগি",Negative
test_id_224,সে এ জড়িত এতে কোনো সন্দেহ নাই,Negative
test_id_225,"হায়রে দুধ,তোর এই অবস্থা কেন?",Negative
test_id_226,"ফেসবুকে স্ট্যাটাস দিলে যদি কেউ পেমেন্ট দিত, তাহলে এতদিনে ভাল টাকা পয়সা জমে যাইতো।",Negative
test_id_227,ওরে বাড়া ভুতের মুখে রাম রাম,Negative
test_id_228,জ্যোতির্ময় মালী তুমি কোন ধর্মের অনুসারী।আপনার কতায় বুঝা যার।আপনার গার্ডে দেখি লাগল,Negative
test_id_229,তোরে খুব ভালো লাগতো রে খাংকি মাগি,Negative
test_id_230,সাফা কবির এরে কুওা দিয়া চুদানো উচিত,Negative
test_id_231,বিশ্বে। মানুষ চিনে এই কামাল রেবিশ্বে কয়টা দেশ আছে বলো বালের লেকচার,Negative
test_id_232,সিফাত তোর মারে বইনেরে চ*** মাগির পোলা,Negative
test_id_233,এ মাগি তোরতো জন্মেরই ঠিক নেই।,Negative
test_id_234,অকে য়ামি চুদতে সাই শালি খাংকি,Negative
test_id_235,তোদের মত মাগির কারণে আজ এই বিশ্বের গজল,Negative
test_id_236,বিড়াল কে দিয়ে দুদু খাইয়ে নেন,Negative
test_id_237,দুধ না কদু ?,Negative
test_id_238,মাগিরা এমন ই হয় খনে ক্ষণে রুপ নেয়,Negative
test_id_239,"আমি গালাগালি ভুলে গেছি নয়তো আপনারে আপু খানকি,বেশ্যা,চুতম্রানি,আসোদা,ভক্সসুদ,ভুস্কি মাগী,সিনাল ইত্যাদি বলে গালি দিতাম",Negative
test_id_240,সেক্সি সেক্সি লাগছে।,Negative
test_id_241,হেতে ভাবের চোদনে! হাপ্ প্যান্ট চোদায় ,Negative
test_id_242,কি জানি পাছা কবির এই কমেন্ট গুলো দেখছে কিনা দেখলে তো হার্ট এট্যাকে মরবে!!,Negative
test_id_243,"গরীবের ""মিয়া খলিফা"" আপু  .",Negative
test_id_244,থাকার চেয়ে না থকায় ভাল। __কাপড়,Negative
test_id_245,চুতমারানি বাংলা নববর্ষের দিনেও ইংলিশ চুদাও,Negative
test_id_246,"কাপড় ছাড়াই তো ভাল দেখা যায়, সেখানে আবার বোরকার কি দরকার",Negative
test_id_247,পাছা ঝাপসা ঝাপসা দেখা যাচ্ছে,Negative
test_id_248,পাছা কবির।                   ,Negative
test_id_249,তোমার পিছনে মাল ফেলে দেই??,Negative
test_id_250,সুবর্ণ প্রমি ফেইসবুকে লগ ইন করলেই এসব।কথা বলতে চাই নি তো।এখন আর পারলাম না।,Negative
test_id_251,চোর কি কখনো চুরি কইরা সিকার গেছিলো মাগি তো চোর,Negative
test_id_252,সালমান খান তোরে কয়জনে চিনে শালা বাইনচোদ তুই তো দুইদিনের নায়ক তোর ছবি কয়জনে দেখে,Negative
test_id_253,গরিবের মিয়া খলিফা,Negative
test_id_254,পরিতো নয় যেন মাগি,Negative
test_id_255,"সাফার নতুন নাটক,,,লিংক চাহিতা লজ্জা দিবেন নাহ",Negative
test_id_256,"মাঝ রাতে ধোনটা দাঁড়িয়ে গেলো, শরীরটাও ভালো নাই।এখন কি করবো বুঝতেছিনা",Negative
test_id_257,সম্পূর্ণ বানোয়াট কাহিনী যে এই নগ্ন কাহিনী সাজিয়েছে আল্লাহ তার বিচার করুক ।,Negative
test_id_258,খানকি মাগী তোর মুখে আল্লাহর নাম মানায়না।,Negative
test_id_259,সাফা মাগি তুই সানাই এর থেকেও বড় বেশ্যা,Negative
test_id_260,বাংলাদেশ ডিজিটাল হচ্ছে না।তসলিমা নাসরিনের মত কিছু বেইস্সা মাগি তৈরি হচ্ছে।,Negative
test_id_261,"তরে পাইলে একটা কুপ দেমু পুটকি পর্যন্ত নিয়া লাগামু,ডাক্তার দেখলে ভয় পাবে নিবুদা",Negative
test_id_262,কুকুর কে দু* খাওয়াচ্ছো নাকি,Negative
test_id_263,বৌদি লিংক হবে লিংক?,Negative
test_id_264,নতুন ব্যবসা শুরু করলি কবে,Negative
test_id_265,"আমি নিজেও জায়েদ বোকাচোদাকে চিনি না,সব চেয়ে বড় বেয়াদব জয়,",Negative
test_id_266,আরে খানকি মাগী রে,Negative
test_id_267,খানকিমাগী ফাক ফাক,Negative
test_id_268,জামালপুরের ডিসির পক্ষ থেকে অভিনন্দন,Negative
test_id_269,জারজ না হলে সাফা একা বের হও তোমারে ১০০০ করমু।,Negative
test_id_270,মুরগী চোর এর মেয়ে আর কি বলবো ফেসবুক হাই লাইট       জন্য হয়তো      ,Negative
test_id_271,তুমি শুধু আমার!!,Negative
test_id_272,ডয়চে ভেলে আজ থেকে আমার কাছে পতিতাদের চেয়ে নিকৃষ্ট মনে হচ্ছে।,Negative
test_id_273,"খোলা জানালা দিয়ে ঢুকবে তাহসান। খোলা দরজা দিয়ে ঢুকবে সৃজিত, খোলা ভ্যান্টিলেটর দিয়ে ঢুকবে ফাহামী।",Negative
test_id_274,"তুই আমার ক্রাশ ছিলি, তুই তো একটা মাগি",Negative
test_id_275,ডেলে দাও পরীমণি,Negative
test_id_276,মেয়েটাকে কুত্তা দিয়ে চুদাতে হবে,Negative
test_id_277,এত ন্যাকামি করে কথা বল কেন?আর এবনরমাল দের মতো কেন থাক নরমাল হতে পার না?,Negative
test_id_278,ভদ্রতা বজায় রাখুন।দয়া করে কেউ অশ্লীল কমেন্ট চুদাবেন্না।আমরা পরিস্থিতি নিয়ন্ত্রনে আনার চেস্টা করতেছি.সবাই বসে পড়েন।,Negative
test_id_279,এহন ফেসবুক আইডি বাঁচানোর জন্যে ফলোয়ার না কমার জন্যে এইগুলা বলতাছে,Negative
test_id_280,তকে চোদা দিতে আসলাম,Negative
test_id_281,খানকি হলে যা হয়,Negative
test_id_282,শাও   য়াই নতুন বা™™ল গজাইলে   ;কত কিছু বলতে মন চায় কা**ঃঃকী মাগী হিজাব কই,Negative
test_id_283,এই মাগি নাটক থেকে বাদ দেওয়া হক তোরে আমি হুগা মারমু,Negative
test_id_284,এটা তো পরি মনি না এটা হলো নেংটা মনি,Negative
test_id_285,মনডায় চায় শালীর পাছায় দুইটা সিরিজ কাগজ দিয়ে ঘষা দেই,Negative
test_id_286,তর মারে চুূদি,Negative
test_id_287,জুটির সাথে খেলাধুলাও হবে,Negative
test_id_288,সমস্ত কিছুই মালিক আমার আললাহ,Negative
test_id_289,কমেন্টে পাছা ঠাপানো হচ্ছে,Negative
test_id_290,ফেইসবুক প্রোফাইল হ্যাক করেছে বলে আল্লাহর কাছে বিচার দিলেন আপু????,Negative
test_id_291,করবি কেমনে করলেতো অার মাগিদে মতো থাকতে পাবিনা,Negative
test_id_292,সব গুলা এক গোয়ালের গরু।,Negative
test_id_293,তুই চা মাগির বাচ্চা তর নাটক,Negative
test_id_294,বাড়ায় জল এসে গেল,Negative
test_id_295,মাগির কোন মাপ নাই,Negative
test_id_296,বেশ্যার অারেক নাম সাফা কবির,Negative
test_id_297,ওরে কুত্তা বিষসে দরবে না,Negative
test_id_298,এত বড় সেলিব্রের্টি হয়ছে যে পরকাল ই বিশ্বাস করে না .তোর মতো সেলিব্রের্টিকে চোদার টাইম নাই,Negative
test_id_299,গরিবের মিয়া মালকোবা,Negative
test_id_300,তুই একটা মাগী তরে যেন আর বাংলা নাটকে না দেখি পতিতা,Negative
test_id_301,তুই একটা নষ্ট মেমে মাগী,Negative
test_id_302,ভাইয়েরা আর খানকী মাগীরে গালি দিয়েন না‍! মাগি          হয়ে গেছে,Negative
test_id_303,"মিয়া খলিফার দিন শেষ, পরী মনির বাংলাদেশ!!",Negative
test_id_304,পুটকিম্রা খাওয়ার পর সবার সেটাই আগুন ধরে বাইঞ্চদ বাই দা রাস্তা হ্যাকার ভাইরে    ,Negative
test_id_305,আপনি জারজ সেটা আবার গর্ব করে বলছেন হা হা কি দিন আইলো,Negative
test_id_306,লিংকের অপেক্ষাই থাকলাম,Negative
test_id_307,বেশ্যার মুখে বদ দোয়া মানায় না। পতিতার মেয়ে।।।।।,Negative
test_id_308,"আমিও আসছিলাম পড়ে দেখি ফলো করা নাই,,তাই একটা বেশ্যা খানকি মাগি",Negative
test_id_309,জা জনি কাকুর কাছে জা,Negative
test_id_310,তুমি রেডি থাক আমি আসতেছি,Negative
test_id_311,"হায়্রে পাছা কবিরজনগণ কি ভুলে গেল সব পোষ্ট এ ""নোয়াখালী বিভাগ চাই"" কমেন্ট",Negative
test_id_312,মুরখ ঘরে মুরখ হিরো আলম । মুরখ চুদাই বলে করোনা ভাইরাস ঢুকে নাই,Negative
test_id_313,তুই আওয়ামী লীগের জারজ সন্তান জন্মের পরিচয় নেই,Negative
test_id_314,"কমেন্ট এ হুগা মারামারি লাগছে মাগি রে লয়া ক্যান ভাইরাস থেকে দুরে থাকা যায়না,,,",Negative
test_id_315,তোমাল তথা তেউ তুদে না,Negative
test_id_316,"একবারে মাগির মতো লাগের,",Negative
test_id_317,বেশ্যা কবির তুই খানকি মাগী,Negative
test_id_318,এ মাগি আবার মানুষ নিরাপদে থাকতে বলে কেন!!!! এতো নিজে আল্লাহকে স্বীকার করে না,Negative
test_id_319,দুদু ও ৮ টা!,Negative
test_id_320,বাসায় কি কাপড় চুপোর নাই নাকি,Negative
test_id_321,আমার কথাই সত্যি হলো-‘ম্যানেজারের কোন ক্ষমতা নাই তার মালিকের বিরুদ্ধে ব্যবস্থা নেবার!’ডা: তুহিন মল্লিক,Negative
test_id_322,পুরাই সস্তা মাগির মতো লাগে,Negative
test_id_323,গরীবের নাতাশা মালকোভা !!,Negative
test_id_324,কুত্তার বাচ্চা নটি মাগী,Negative
test_id_325,"আমি বললাম যে, চুদাচুদি কর,কিন্তু কন্ডম টা ধোনে ভাল করে পড়িয়ে দে,,তা ত শুনলি না",Negative
test_id_326,হিসাব বুঝো না দুধু খাও,Negative
test_id_327,তোমাল ততা তেও তোতেও না,Negative
test_id_328,নিয়াজ মুহাম্মদ প্রোফাইল লক করে আবার প্রাপর চুদাও তাইনা,Negative
test_id_329,কথা গুলা কলিজায় গিয়ে আঘাত করলো  ওলে আমাল চুত্মারানি টা ,Negative
test_id_330,আস্ত একটা মাগি তুই,Negative
test_id_331,বেশ্যা মাগি কয় কি??,Negative
test_id_332,তোকে পুটকি মারি খানকি মাগি,Negative
test_id_333,বুবু ভুল বুচ্চেন। আশা করি আর এমন কথা চোদাবেন্না।,Negative
test_id_334,তোমাকে খাবো গোপনে,Negative
test_id_335,কয় জনে তোরে লাগাইছে বেশ্যা কবির,Negative
test_id_336,তোর মাকে কুওা দিয়ে চুদাবো,Negative
test_id_337,আল্লাহ বাচাঁয়ছেতাপা আপা তুমি আমার ক্রাশ না বলেজনগণের চোদা থেকে নিজেকে বাচাঁইতে পারছি,Negative
test_id_338,বারভাতারির জানালা সব সময় খোলা থাকে,Negative
test_id_339,নটি মাগি তোর মাইরো  . আর তোরে উদুম কইরা চুদুম,Negative
test_id_340,কে রে ভাই এই কাজ টা করলি?মেয়াদ উত্তীর্ণ কনডম দিয়ে চুদে মেয়েটার দিশ হারিয়ে দিলি ,Negative
test_id_341,বাড়াটা কেপে উঠলো,Negative
test_id_342,পতিতার বাচ্চা। বাংলাদেশ থেকে ভারত যাইয়া পতিতা গিরি শুরু করে দিয়েছিস।,Negative
test_id_343,হ্যালো নুনুবেল?তোর বেল বাজিয়ে দিছে কেউ?,Negative
test_id_344,কমেন্টের চুদনে ফেসবুক প্রেগন্যান্ট,Negative
test_id_345,চেহারা আর চেহারা নাই ২বছর পর আর বোড়ারও তাকাইবে না,Negative
test_id_346,তরে একটা বড় ধরনের রট ডুকাই দেওয়া হউক,Negative
test_id_347,বেব এইবার বুঝো তুমিও যে মাল্টিপ্লাগ,Negative
test_id_348,"সাফা, তুমিতো দেখোনা তোমার পাছা।.তাহলে কি বিশ্বাস করো তোমার পাছা নাই!",Negative
test_id_349,খানকিদের আবার ক্ষমা,Negative
test_id_350,রড গরম করে শ্যাওয়ার মধ্যে ডুকানো উচিত বেশ্যা মাগীকে,Negative
test_id_351,মাল্টিপ্লাগ বিজ্ঞাপন ছাড়াই বিক্রি হয় বার বার প্রচারের কোন মানিই দেখি না।,Negative
test_id_352,লিংক নিয়ে অাসছি    .,Negative
test_id_353,ব্যস্সা মাগিকে দেশ থেকে বের করে দেক,Negative
test_id_354,যা কুত্তা দিয়ে চুদা কংকি মাগি,Negative
test_id_355,খানকি মাগি বেস্যা মাগি,Negative
test_id_356,"সালি মাগির বাচ্চা,,,,",Negative
test_id_357,ওরে নুনুতে সাফা কবিররে লটকাইয়া দাও,Negative
test_id_358,কিরে চুদানির পোলা সাহস থাকলে এইগুলা বাংলায় বল (),Negative
test_id_359,ভাইরাল ভিডিও দেখতে হলে লাইক দিয়ে এক্টিভ থাকুন ,Negative
test_id_360,মদ খা মাগি চোদো,Negative
test_id_361,মাগি কতা সুন,Negative
test_id_362,"তোর তলায় সিরিজ কাগজ দিয়ে দুইডা ডলা দিতে পারলে শান্তি পাইতাম, শালী জাহান্নামের কাচামাল",Negative
test_id_363,"হেডার পুতেরা মাগীবাজির ধান্দায় থাকে,হেতারে চিনেনা,হেতার চবি কি ইন্ডিয়ায় রিলিজ হয়নাকি,খানকির পুতেরা",Negative
test_id_364,বাহ!! বাহ!! কি সুন্দর লেংটা মাগী,Negative
test_id_365,তুইযে তোর বাপের চোদায় হয়েছিস এটা তোর বিসবাস হয় মাগি,Negative
test_id_366,আমরা তো আপনার গোপানাঙ্গ দেখি নি তাহলে আমি কিভাবে বিশ্বাস করব আপনি মেয়ে ?হবে লিংক?,Negative
test_id_367,"তোমার মত খানকি,মাগিরা পরকালে না মানলে কার কি?",Negative
test_id_368,খোলা জানালায় পদ্মার ২৩ নাম্বার পিলার যাবো আবো।,Negative
test_id_369,তোমার তো ১২ টা জানালা। কোনটা খুলা একটু মেনশন করে দাও,Negative
test_id_370,সবাই ভদ্র ভাষায় কমেন্ট করবেন। কেউ উত্তেজনা বসত খানকি মাগি বলে গালী দিবেন না।,Negative
test_id_371,বাংলাদেশের সানি লিওন,Negative
test_id_372,তুমি একটা খানকি,Negative
test_id_373,এটাতো জারজ সন্তান,Negative
test_id_374,তোর মতো মাগির নাটক আমি আর দেখবো না,Negative
test_id_375,মাগীরাও তো এই কথা বলে না।তোইতো মাগীর চেয়েও আরও খারাপ।,Negative
test_id_376,মারা গোয়া ডিডেন্ট কাম ব্যাক,Negative
test_id_377,তর মেয়াদ শেস   তরে নেংটা করে পূরিয়ে মারা উচিত,Negative
test_id_378,মাগি এমন কথা বলে কেন?,Negative
test_id_379,তুই মাগি পর কাল বিশ্সাস করচ না অাবারঅাল্লাহর কাছে বিচার দেচ। তোর পাসি হওয়া দরকার।,Negative
test_id_380,তাকে কেহ একজন চুদে দাও,Negative
test_id_381,গরিবের সানি লিওন,Negative
test_id_382,কোলকাতার হারবাল এখন বেশি কাজে লাগবে মিথিলার  এগিয়ে যাও,Negative
test_id_383,তুই ও লুচ্ছা যার পাশে আছো সে ও সেরা লুচ্ছা।,Negative
test_id_384,তোমারে সামনে পাইলে আমি আমার নুনু দেখাইয়া বিশ্বাস করাইতাম আমি ছেলে,Negative
test_id_385,"ওয়াও, একদম হট ছবি,,,",Negative
test_id_386,খানকি মাগী বললেও তো লজ্জা লাগতেছে।মাগী।,Negative
test_id_387,কানকি মাগি গরুর পুটকি দিয়া বাহির হয়ছে!,Negative
test_id_388,ব্রা কিনার টাকা নাই আপনার কাছে,Negative
test_id_389,তুরে চুদার টাইম নাই,Negative
test_id_390,মাগী তুরে আমি একদিন ফুল রিমান্ডে নিতে পারতাম তাহলে আমার একটু হলে শান্তি লাগতো,Negative
test_id_391,তোর পাছা দিয়া গরম ডিমঢুকাইয়া দিমু শালি,Negative
test_id_392,"সালা মগি,, লিংক আমার কাছে আছ নিবি,,,জটিল টাপ চলে ওই হানে,,, সাফা, কবির বনাম,,",Negative
test_id_393,আজকে দেশে এত আগুন লাগে কেন তোদের মত বেশ্যাদের কারণে,Negative
test_id_394,খানকী মাগি হিজাব কুই??,Negative
test_id_395,জায়েদ খান আমার ধোনের নায়ক হিরো আলম রিয়েল হিরো নায়ক,Negative
test_id_396,আরে ও তো এই কথা বলবেই কারন ও হচ্ছে কন্ডম দুর্ঘটনার ফসল,Negative
test_id_397,গুরু জনি সিন্স এবং তার জাস্ট ফ্রেন্ড পাসা কবির .,Negative
test_id_398,বাংলাদেশের নিউজের কি কাম নাই মাগীদের খবর নিয়ে বেস্ত থাকে।,Negative
test_id_399,"সবাই তামাশা দেখো, মাস্ক পরে          করা শেখাচ্ছেন ভায়া",Negative
test_id_400,সাফা কবির তুই ভাইজ্ঞা জা চুদানি,Negative
test_id_401,বলতে পারবেন আপনার বাবা কে?মায়ের পেটে থেকে দেখছিলেন কি কাউকে?তাহলে তো আপনি জারজ সন্তান !,Negative
test_id_402,হোগা মারা সারা,Negative
test_id_403,এই মাগিরে আগুন দিয়ে জালানো হক,Negative
test_id_404,আস্ত একটা খানকি,Negative
test_id_405,চুদি তোরে   ,Negative
test_id_406,খাঙ্কি মাজি হিগাব কয়????,Negative
test_id_407,বলতে পারবেন আপনার বাবা কে?মায়ের পেটে থেকে দেখছিলেন কি কাউকে?আপনি কি জারজ সন্তান,Negative
test_id_408,নাউযুবিল্লাহ বেশ্যা বলে কি,Negative
test_id_409,আরেকটা মাগির অভুথান,Negative
test_id_410,খানকি তোর নাটক আর দেখমু না,Negative
test_id_411,এইবার আরেকটা আহারে বারোভাতারী,Negative
test_id_412,ওর ফেইজবুক ফেইজ বন্ধ করুন,Negative
test_id_413,তোর পুটকিতে হাগুর গন্ধ  .ওয়াক ,Negative
test_id_414,এই মাগির কেন লাইভ এ নিয়ে আসছেন।।।কুকুর ও চোদে না ওকে।বেসশা মাগি,Negative
test_id_415,খোলা জানালা দেখতে চাইনা। খোলা সেলোয়ার দেখতে চাই।,Negative
test_id_416,তুকে চুদে তুর সোনার চামরা তুলে নেবো দুই টাকার মাগি,Negative
test_id_417,না দেবো সালার নান্তিক মাগি রে,Negative
test_id_418,পাছায় আগুন লাগার পর এখন আল্লাহকে ডাকেন,Negative
test_id_419,"নাটক এ ছুদা খাইয়া মেন্টাল হয়ে গেছো,,ব্যাশা মাগি,,চুত মারানি,,,",Negative
test_id_420,পুটকির অভিনয় পারোস তুই,Negative
test_id_421,আপানার উচু বুক নাভীর নিচের গর্ত না দেখলে ক্যামনে বুঝবো আপনি বিচিয়ালা আপু নয়?,Negative
test_id_422,ফেসবুকে লেংডা ছবি আপলোড হয় যানতাম নাতো।।।,Negative
test_id_423,তোমাকে দেখলেই রোজাটা হাল্কা হয়ে যায়,Negative
test_id_424,হায়রে সো**না কাটা পরি যখন ফেসবুকে,Negative
test_id_425,তোমার ফেসবুক হেক করেছে তোমাকে হেক করে নাই একোনো,Negative
test_id_426,বুঝ বালক কি সালা জংগী এহকালে কি করিস পরকালে চলে যা খানকির ছেলে,Negative
test_id_427,"বয়ফ্রেন্ড টা কিন্তু কাজের, রেজাল্ট আনছে। ঝুলে গেছে কি জানি।",Negative
test_id_428,দুধ ২ টো একদম বুজিয়ে দিলে,Negative
test_id_429,সাহারিয়া কবির এর মেয়ে জারোজ এর মেয়ে জারোজ,Negative
test_id_430,সে এত দিন জনির ভাইর সাথে হোম কোয়ারেন্টাইনে ছিলো               ………,Negative
test_id_431,মাগীকে সৌদি আরব খাদ্দামা ভিসায় পাঠিয়ে দেওয়া হউক।,Negative
test_id_432,অচোদা মাল দিয়ে এগুলো না করলে নয় প্রথম আলোর।,Negative
test_id_433,ওই জানালা দিয়েই তো জনি সিন্স রা ঢোকে,Negative
test_id_434,চুল গুলো বাতাসে একটু সরে গেলেই তোমাকে আমি ভালোবেসে  দুধ_মনি বলে ডাকতাম!!,Negative
test_id_435,তুই খানকি সাফা কবির .তোর ভোদা কত গভীর  তা আজ যানা হলো,Negative
test_id_436,চুদানি কয়?জবাব দেনা কেরে?,Negative
test_id_437,বুকসি মাগি চুদানি মাগি শুয়ার,Negative
test_id_438,কনডম ছারা চুদতে হবে এই মাগিকে,Negative
test_id_439,নেংটা মেয়ে ছিঃ ছিঃ,Negative
test_id_440,বাহ্ চুদির ভাই বাহ্,Negative
test_id_441,পাগল চুদা ছারি দিছি নাইলে তুরে***তুর পাগলের মারে***,Negative
test_id_442,এই পরি মাগি তুই নেংটা করে একটা ছবি দে।,Negative
test_id_443,তোমার মত বেশ্যার মুখে এসব কথা মানায় না,Negative
test_id_444,মাগি ও মাগিরে তুই অপরাধিরে ধর্ম নিয়ে কতা বলার তুই শালি কোন রে,Negative
test_id_445,জাহিদ খানের কেউ পুটকিমারা না,Negative
test_id_446,চুদে না কেউ মনে লাগে ঢেউ চুদে দিবে কেউ থেমে যায় ঢেউমাগি!! সাফা কবির,Negative
test_id_447,এক দরনের মাগীদের মতন,Negative
test_id_448,খানকি মাগি তোরে পরকালে আললাহ আগুনে দিয়ে পুড়িয়ে মারবে৷,Negative
test_id_449,"সাফা-কবিরেরবেলুন দূর্ঘটনায় জন্ম হয়েছেকারন:মুরুক্ষ চোদায়যেটা চোখে দেখে না, সেটা বিশ্বাস করে না।",Negative
test_id_450,মিথিলা প্রভা এবং ফারিয়া এরা হলো বাংলার সানিলিওন,Negative
test_id_451,"রমজান এসব বাড়া বন্ধ রাখ,,,পাগল ছাগল",Negative
test_id_452,"তুমি পরকালে বিশ্বাস করো না,পর পরকিয়া প্রেমিকে বিশ্বাস করো খানকি মাগি কনেকার।",Negative
test_id_453,খানকি মাগী তোরে কোলের উপর নিয়া চুদি,Negative
test_id_454,"তোরে কুত্তা দিয়া চোদার দরকার! মাগি,,,খানকি,,, চোদমারানী,,,দেহ ব্যাবসা করছ ! তোরে তো কুত্তা ও করবো না।",Negative
test_id_455,তুই একটা মাগি,Negative
test_id_456,সালি তোৱে কুত্তা দিয়ে চোদাবো,Negative
test_id_457,আমরা তোর মত মাগিরে পোন্দাইনা,Negative
test_id_458,"বাচ্চাদের খাবার ঢেকে রাখতে নেই, খাবারের গন্ধ পেলে জোর করে খাবে !",Negative
test_id_459,এডমিন তুই যে একটা বোকাচোদা শুয়োরের বাচ্চা সেটা আমি বললাম না।,Negative
test_id_460,পাছা খবিশ আপু!! আমি আপনার অনেক বড় ফ্যান।দয়া করে আমাকে আপনার রুমে ঝুলিয়ে রাখুন,Negative
test_id_461,রোযা দেখা এই ড্রেস আবার ঈদ বারালেই ১ পিস,Negative
test_id_462,আনোয়ার হোসাইন সম্পদ গোয়া মারবে কে?,Negative
test_id_463,"জিনিটা কিন্তু সুন্দর দেখতে ভালো লাগছে, তবে আরও ভালো হত, যদি বুকের টা না থাকত?",Negative
test_id_464,অসাধারণ জবাব   ইসলাম ও ইসলামের দায়ী ইলল্লাহ দের এরকম জবাবই যথোপযুক্ত। বারাকাল্লাহু তায়ালা   .,Negative
test_id_465,গালি দেওয়া কি সওয়াবের কাজ? কি আর করা? তুমি জানতা না বাংলাদেশের ভোদাইরা কত ডেনজারাস,Negative
test_id_466,তুইয় বিশ্বাস কর বা না কর কিছু যায় আসে না তুইয় একটা মাগি,Negative
test_id_467,অই মাগির নাটক কেউ দেখবেন না,Negative
test_id_468,মাগির মুখে রাম রাম,Negative
test_id_469,"খানকি তোরে অনেক ভালো জানতাম, কিন্তু তুই কি করলি",Negative
test_id_470,নুনুবেল এর থেকে চাদ উঠেছিল গগনে গানটাও ভালো ছিলো,Negative
test_id_471,"তোর বাপে হইলো মুরগি চোর, আর তোর মা তোরা দুই বোন হলি আস্তো খানকি",Negative
test_id_472,মানুষের সমালোচনা করা উচিৎ না যারা সমালোচনা করতাছেন তারা কি ঠিক করতাছেন,Negative
test_id_473,তুমার তো সবই খোলা ,Negative
test_id_474,মাগির মুখে এই কথা মানায় না,Negative
test_id_475,গোয়া মারা যা খাওয়ার তা আগেই খাইয়ালাইছো সালি ফকিন্নি,Negative
test_id_476,আহো ভাতিজি আহো এক্কানা বুকত লই,Negative
test_id_477,সাফা কে চোখ বেধে ধর্ষণ করলে ও বলবে আমি দেখি এই ধর্ষণ বিশ্বাস করি না!!,Negative
test_id_478,ছাপা কবির কে পাব্লিক পুটকি মাইরা ছাইড়া দিছে,Negative
test_id_479,মাগী বলবো নাকি খানকি বলবোবুজে উঠে পারতেছি না,Negative
test_id_480,মন চাইতেছে তার পুটকি দিয়া পা ঢুকাইয়া কলিজায় একটা লাথি মারি।,Negative
test_id_481,মদ খাওয়াইয়া ট্রস ট্রস কইরা পাছায় খুব ট্যেশ করে মারা দরকার !,Negative
test_id_482,"যারা বকা দিতাছেন,তাদের বলছি,খানকি মাগিরে বকা দেওয়া থামায়েন না।",Negative
test_id_483,কনডম ফাটা লীগ,Negative
test_id_484,তোক চোদার রেট কতো,Negative
test_id_485,ঘোড়ার নুনু দিয়া পিডা দরকার তোকে,Negative
test_id_486,বিচি ঢাকছো যে?,Negative
test_id_487,এবার না হয় দরজাটাও খুলে দেন যত্তসব,Negative
test_id_488,পরকালে মুক্তি পাওয়া থেকে একটা ফেসবুক আইডি তোর প্রিয় হয়ে গেল ?,Negative
test_id_489,মরলে বুঝতে পারবিরে মাগী ঠেলা কাহাকে বলে .,Negative
test_id_490,নুনু মুটেউ না,Negative
test_id_491,মরার পর ঠিক পাবিরে মাগি !,Negative
test_id_492,তুরু তুরু তুরু রোজা রমজান মাসে বারো ভাতারি আইসা চোখের সামনে।,Negative
test_id_493,ছবি তোলার সময় ক্যামেরা ম্যানের চোদা খাইছে ১০০%                                                ,Negative
test_id_494,উপরের কমেন্টে লিংক দেখেন না চোখে?,Negative
test_id_495,এ বাল  আমি যে তোমার ১ কে কমেন্ট বাড়াইয়া দিলাম তার খবর কি তুমি রাখো???,Negative
test_id_496,তার কথাই আমি একমত। তাছাড়া সে বেশ্যা হতে পারতনা ।,Negative
test_id_497,তর জন্মের সময় তর কানে কেহ  আজান দেয় নাই .?,Negative
test_id_498,বলতে পারবেন আপনার বাবা কে?মায়ের পেটে থেকে দেখছিলেন কি কাউকে?নোট; আপনি জারজ সন্তান,Negative
test_id_499,নিজের গোয়াডা নিজে মারলেন .,Negative
test_id_500,এই মাগির নাটক কে সবাই ভয়কট করুন,Negative
test_id_501,মাগি তুমি সেফাতুল্লাকে বিয়া করোগে,Negative
test_id_502,"তোমাল তথা কেও তুতে না, পাছা খবিশ",Negative
test_id_503,তোর চেয়ে বেশ্যা অনেক ভালো।,Negative
test_id_504,নাঈম ইসলাম ধোন দিয়ে কি করে ভাই?,Negative
test_id_505,শুধু ফেইসবুক আইডি হ্যাক না আরো কোনো বড় খতি হলে খুশি হতাম,Negative
test_id_506,মোনা লিসা এর ভাব ধরতে যায়ে পুরাই মাগি মাগি ভাব ধইরা গেছে ,Negative
test_id_507,এতো রাতে তুমি কি করো গো?,Negative
test_id_508,ব্রাইটনেজ বাড়িয়ে দিকে কেউ কোথাও তাকাবেন না! রোজা হালকা হয়ে যাবে!,Negative
test_id_509,তোমার ভোদা দেখা যায্,Negative
test_id_510,তোর জনমো দিছে কে মাগি,Negative
test_id_511,প্রত্যেক রাতে আপনাকে দেখতে পাই,Negative
test_id_512,"মাগী তোরে এখন আর মানুষেরা চুদে না এখন থেইকা কুকুরে চোদবে কি না জানিনা,,",Negative
test_id_513,হিরো আলমের নামে সমালোচনা করে জায়েদ খান ভাইরাল হলো জায়েদ খানকে তো মানুষ চিনে না,Negative
test_id_514,খেয়ে দিল রে এই বদনা ট্রেড টা,Negative
test_id_515,"খানকি, মাগী, চুদানী, বেঞ্চোদকে কেউ গালি দিবেন না,,",Negative
test_id_516,"সুন্দর দুগ্ধ, বেবাক মুগ্ধ! ;)",Negative
test_id_517,তা যা বলেছো দাদা।আমরা হাজার চেষ্টা করলেও তোমাদের মত রেললাইনের উপর কাপড় তুলে হাগতে পারবোনা।,Negative
test_id_518,জরিনা তোমাকে নিয়ে কিছু বলার নাইশুধু বলবো তুমি একটা অভদ্র খানকি,Negative
test_id_519,ওই মাগির নাটক আর কেউ দেখবেন না।,Negative
test_id_520,"এই সাফা কবির হলো,,, তার বাবা মার কনডম দু্র্ঘটনার ফসল।",Negative
test_id_521,"হেতে মূর্খ চুদা ম্যাগি,,,এটা নিয়ে রাজনিতি করার কিছু নাই",Negative
test_id_522,হায়রে খানকি তরে দেখলেই তো শুয়ে পড়ে,Negative
test_id_523,ওর ভোদায় কিছু      দাও   ,Negative
test_id_524,ভুদায় নাই খাল বালহা ৩ মুরগি খায় এল্লা এল্লাহ,Negative
test_id_525,মাগির শাস্তি হওয়া উচিত,Negative
test_id_526,আসলেই তো খোলা জানালা,Negative
test_id_527,আমিও কাম করব নিরবে।,Negative
test_id_528,মসকারী চোদাবেন না,Negative
test_id_529,ছি ছি খানকি তুই জাহান্নামী হইবি,Negative
test_id_530,পাছা খবির . তার জিবনেও এতো লাইক কমেন্ট পায়নাই,Negative
test_id_531,"সবই লোক দেখানো, ফলোয়ার বাড়ানো   .ধর্মেরও ছাড় নাই।",Negative
test_id_532,বাচ্চার খাবার ঢেকে রাখুন .,Negative
test_id_533,হিরো কনডমের মত পাতলা এবং ভরসা নেই,Negative
test_id_534,মাগি মরলে বুঝবি,Negative
test_id_535,বিড়ালকে যতই দুধভাত দেননা কেনতাঁর দৃষ্টি কিন্তু ইঁদুরের দিকে! অকৃতজ্ঞ_সংখ্যালঘু,Negative
test_id_536,নির্লজ্জ বেহায়া নুনুবেল,Negative
test_id_537,"শালা গরিবের চোদা। টুকাই,তোর তো বালতি হাতে মানুষের বাড়ী বাড়ী ল্যাট্রিন সাফ করলে সুন্দর লাগবো।",Negative
test_id_538,মালয়েশিয়া থেকে ইকরাম খান,Negative
test_id_539,আপুরে হট হট লাগতেছে।,Negative
test_id_540,গুষ্টি চুদি    ,Negative
test_id_541,কি করে তুই বিশ্বাস করবি তুর জন্মতো দু নাম্বার কন্ডমে,Negative
test_id_542,কুত্তার বাচ্চা জানোয়ারের বাচ্চা শুয়োরের বাচ্চা মাগীর বাচ্চা খানকির বাচ্চা,Negative
test_id_543,গরীবের সানি লিওনি।,Negative
test_id_544,তোর পাছায় রড গরম কইরা পিছনের দিক ডুকাইয়া দিমু জাতে কেও বাইর করতে না পারে,Negative
test_id_545,কাম ওইবোনা কুদ্দুস বয়াতি মামলা করবোই নাকি,Negative
test_id_546,চুদা খাইয়ে আবার ক্ষমা চাও চোদনা।,Negative
test_id_547,তোর মত বেষ্যা মাগীর ঢং দেখার টাইম নাই।।,Negative
test_id_548,তাহলে কাপড় খুলে ল্যাংটা হয়ে চলাফেরা কর?,Negative
test_id_549,তোরেও চোদলাম আর তোর নাটক ও চোদলাম। খানকি মাগি,Negative
test_id_550,তুই কার সন্তান তোর বাবার নাকি আমার খাংকি মাগি,Negative
test_id_551,আমার পুটকির ফট ত আমি দেখি নাই .তার মানে আমার পুটকির ফট নাই হয়ত ,Negative
test_id_552,জাস্ট নুনুটা কেঁপে উঠলো।,Negative
test_id_553,চোদার ঠেলায় এহন হোগা কানা হওয়াতে অভীনয় মারায়,Negative
test_id_554,যতসব আবালচুদা আলম,Negative
test_id_555,তুই জারজ সন্তান,Negative
test_id_556,চলুন সবাই মাগি কে আইলাইক করি,Negative
test_id_557,সাফা আমি তোমাকে চুতে চুতে তোমার ফোদাততে আগুন লাগাতে চাই তুই আসোলে একটা ল্যান্ডি মাগি,Negative
test_id_558,তুই একটা মাগী,Negative
test_id_559,চেহারা ভস্কাইছে কেন আফাব্যবসা মন্দা যাচ্ছে মনে হচ্ছে,Negative
test_id_560,তুমাকে কুত্তা খাওয়াব খানকি।,Negative
test_id_561,ভূতের মুখে রাম রাম তুমি যে কথা বলেছ কোন রাস্তার মাগি ও সে কথা বলবেনা।।,Negative
test_id_562,খানকি মাগিরে ৪ রাস্তার মোড়ে নিয়া উপ্তা কইরা কুত্তা দিয়ে সুদানো উঁচিৎ।,Negative
test_id_563,"তোকে কুত্তা দিয়ে চুদাবো ছোটো লোক,,,, তোকে তো আমার কুত্তাও চুদবে না।",Negative
test_id_564,মাগি তুই তো খ্রিষ্টানের ঘরে জন্ম নিয়েছিস,Negative
test_id_565,এই মাগিরে গালি দিয়ে গালিকে অসম্মান করবো না। খানকি মাগির চাইতে গালিরও একটা সম্মান আছে।,Negative
test_id_566,তুই পরকাল কি বুজচ তুই হলি মাগি তুর লেখা পরা কি আছে বাংলা আর ইংলিশ,Negative
test_id_567,মিথিলার জানালা খোলা যে যেমন পারেন উকি দিবেন।,Negative
test_id_568,মাগি তোমার কি গোয়া মারা শেষ এখন??,Negative
test_id_569,বেলুন দুর্ঘটনায় জন্ম নেয়া মাল,Negative
test_id_570,প্যান্ট কি খুলে পরে যায় রে ছলেমান?,Negative
test_id_571,তুই পরকালে বিশ্বাস করলে তো বেস্যাগিরি করতে পারতিনা। আসলে সব দোষ তোদের জন্মে।,Negative
test_id_572,"বুঝছি আপনি ও কোনো কন্ডম এক্সিডন্টের ফসল,,সুদির মা",Negative
test_id_573,ভাই এখন একটা জোরে কামড় দেন বউয়ের দুধ এটাতে,Negative
test_id_574,কিরে খানকি মাগী তুরে চুদি,Negative
test_id_575,কি বলে না বলে বেসামাল,Negative
test_id_576,কিসের বাড়ার হিরো আলম ওতো একটা পাগল,Negative
test_id_577,"এইসব দেখলে নুনুটাকে আর শান্ত রাখা যায়না,যাস্ট নুনুটা টং করে উঠলো",Negative
test_id_578,কেউ গালা গালি চুদাবেন না। সবাই আসেন ১ টা সেল্ফি নেই,Negative
test_id_579,একের মাল জিবে জল আসে দেখলে,Negative
test_id_580,আমার কাছে কিছু টাকা নিয়ে কাপড় কিনিয়েন।।।।হাইরে বাংলাদেশের মিডিয়ার মেয়েদের অবস্থা।।।,Negative
test_id_581,তোর জন্ম যে সঠিক আমি এটা একদম ই বিশ্বাস করি না মাগি,Negative
test_id_582,আলু হয়না গোস্ত আরমালু হয়না দোস্ত,Negative
test_id_583,কিছু বলতে এসেছিলাম কিন্তু এ বাড়া তো আগেই পু** মারা খেয়ে বসে আছে,Negative
test_id_584,"তুই একটা খানকি,,গালি দেওয়ার মুড ছিলনা;না দিয়েও পারলাম না কারন তুই একটা মাগি।",Negative
test_id_585,মাগি তুই একটা,Negative
test_id_586,"একমাএ নষ্টদের দ্বারা এ ধরনের কাজ সম্ভব, জারজ মেয়ে।",Negative
test_id_587,বউ এর মাল তো সেই রে ভাই। দারুণ না রাত গুলু?,Negative
test_id_588,"চোদানিটা বাকিতে বিশ্বাস করেননা,, তারে নগদেই করা লাগবে মাগি চোদা,,",Negative
test_id_589,চুল দ্বারা  এ কূলও ঢাকাও কূলও ঢাকামাঝখানেতে কেনোএকটুকু     আ,Negative
test_id_590,আজ থেকে তার বিরুদ্ধ পোস্ট করা হুক।।।।হাংকি কোথাকার বেইশ্যা মাগী।,Negative
test_id_591,"কিরে চটি লেখিকা,
 কাপড়চোপড় সব খুইলা রোডে রোডে ঘুর ",Negative
test_id_592,"তোর সুন্দরে গোষ্ঠী চুদি,ফেরোয়ানের বংশীদর দেখে নন?",Negative
test_id_593,সন্মান দেবার মালিক আল্লাহ এখন বুঝতে পারছেন,Negative
test_id_594,দুর মাগি তোর চোদনের অভাব শুধু,Negative
test_id_595,সাফা কবির ও জনি সিন্সের নতুন ভিডিও আসতেছে যাদের লিংক লাগবে তাড়াতাড়ি ইনবক্স করও,Negative
test_id_596,কাশফুলের গরম ছোয়া,Negative
test_id_597,এখন বেস্যা সুন্দরী হিসেবে চান্স পাবে      .কোন প্রশ্ন?,Negative
test_id_598,ওরে মাগি বাজারে নিলামে তোলা হোক।,Negative
test_id_599,হেতি জারজ সন্তান,Negative
test_id_600,দুধের সাইজ তো সেই :- ,Negative
test_id_601,"তরে মাগি,,,,রট গরম করে তর বোদা দিয়ে ডুকিয়ে দিতাম,,,,মাগি,,মাগি,,তর মা মাগি,তুই মাগি,,,,",Negative
test_id_602,সানি লিওন আর মিয়া খলিফা ইসলাম এর ছায়াতলে আসছে,Negative
test_id_603,পতি রাইতে পর পুরুষের খাট কাপাছ পরকালে সম্পর্কে কি বুজবি।খানকি মাগি,Negative
test_id_604,খানকি মাগি ব্যাস্য চুদা,Negative
test_id_605,সে পথিতার চেয়ে খারফ,Negative
test_id_606,খানকি বলে ছোট করতে চাইনা। তুই হইছস একটা সস্তা রাস্তার মাইয়া।,Negative
test_id_607,গান্দে ব্রাজিলভামোস পিজ্জি,Negative
test_id_608,যারা মানুষকে নিয়ে সমালোচনা করে তারা আল্লাহর শত্রু,Negative
test_id_609,দুদে তোমার আগুন জ্বলে ভোদায় তোমার ঘি পরে,Negative
test_id_610,ছামা কবির চুদি,Negative
test_id_611,"আল্লাহর জমিনে তোর মত জারজ এর থাকার কোনো অধিকার নেই,বেশ্যা।",Negative
test_id_612,কিসের ক্রাশ রে বা খানকি রা,Negative
test_id_613,মালের মুখে মাল উঠ করে ঢেলে দে কেউ,Negative
test_id_614,এই খানকির পোলারা কি চিনে এই কুওার বাচ্চা হিরো আলম কে সারা পৃথিবীতে চিনে,Negative
test_id_615,"অর্ধনগ্ন হয়ে থাকলে কেমন লাগে আর এ রকম থাকলে কেমন লাগে,,,এটা নিজেই যার্চ করতে পারেন",Negative
test_id_616,সারা বছর খোলারমজানে হিজাব,Negative
test_id_617,ইন্দুরের মতো লাগে এই মাগিকে,Negative
test_id_618,মাগি তোরে পাইলে চুইদ্দা তোর সোনা ফাটাইয়া ফালইতাম,Negative
test_id_619,তুই আসলই একটা বেস্যা,Negative
test_id_620,ছোট্ট পতিতা থেকে বড় মাগী হওয়ার খুবই সুন্দর একটি দান্দা,Negative
test_id_621,বুকটা চৌচির করে দিলা    .,Negative
test_id_622,"ফাকাবুদা মাগিরে, ১০ টাকা রোজের কামলা দিয়ে পুটকি মারার দরকার,না হয় ছানিলেওনের কাছে পাটানো উচিৎ",Negative
test_id_623,"পাছা টা যে হারে ফাক করচস,মনে হয় কেউ দিয়েছিলো এর আগে",Negative
test_id_624,বাবু একবার খালি মইরা দেখ,Negative
test_id_625,তর মতো একটা মাগি কি করে ধর্ম নিয়ে কথা বলিস কানকি মাগি,Negative
test_id_626,"আজকাল ল্যাংটা ছবি ছাইরাও মজা পাই মাইনষে,,,,আজ যদি জসিম বাইচা থাকতো নিশ্চিত সুইসাইড করতো",Negative
test_id_627,তোদের জন্ম কুকুরে দিয়েছে জারজ,Negative
test_id_628,"ইসসস অামি যদি গালী জানতাম, মাগীরে চুতম্রানি কইয়া গালী দিতে পারতাম .",Negative
test_id_629,জায়েদ খান ভোদাই,Negative
test_id_630,অশালীন সিনেমা বানাইতে আবার শুরু হয়ে গেল নাকি,Negative
test_id_631,"এ ভাই হিরো আলম, তোমার জন্য এক বুক ভালোবাসা রইল",Negative
test_id_632,"তুমি কি মানুষের বারা দেখার জন্য ইতরামি করছো একটু , তাই তো।।",Negative
test_id_633,"কনডম বিস্ফোরণের যার জন্ম সে পরকালে বিশ্বাস করবে কি, তার জন্মটাই তো অবিশ্বাস্য.",Negative
test_id_634,"তোমার কারে ভালো না বলো সানি লিওন,কারিনা সবারে তো ভালো লাগে তোমার",Negative
test_id_635,পাছা থুক্কু সাফা বেশ্যা আমি কমেন্ট করিনাই কিন্তু,Negative
test_id_636,দূর খানকি মাগি তর নাটক তুই চা,Negative
test_id_637,হেরে খাইবো রে এহন,Negative
test_id_638,তোমারে চোদার টাইম নাই ,Negative
test_id_639,"ভাই জায়েদ খানটা কে এই মাল আবার কোথা থেকে উৎপত্তি হইলো,, আবাল মার্কা",Negative
test_id_640,সানি লিওন হতে চাও,Negative
test_id_641,গরিবের সানি লিওন                 ,Negative
test_id_642,তার থেকে বরং একটু বাড়িয়ে ঠাপাঠাপি লিংক বের করতে পারতিস নুনুবেল,Negative
test_id_643,ওরে কুত্তা দিয়া চুদাও,Negative
test_id_644,পাবলিকের দুচা কি টের পাইছোস! ফকিননির বাচ্চা! জারজ,Negative
test_id_645,তুই কি কুকুর শিয়াল দিয়ে চুদা খেয়ে জন্ম নিছিস?,Negative
test_id_646,তুর মাগির মারে চুদি,Negative
test_id_647,আপনার নামটা চেঞ্জ হয়ে গেছে  পাছা_কবির  .,Negative
test_id_648,কাল         এ মাগি লিখে সার্চ দেওয়ায় সাফা কবির এর নাটক আসল।,Negative
test_id_649,হদীস:-মান ছাতারাল মুসলিমু ছাতারাল্লাহু এওমাল কিয়ামাহ।একজন আলেমের নামে অপবাদ দেয়া(বুহতান)সবচেয়ে ঘৃণিত। অতোএব সাবধান,Negative
test_id_650,তুইতো মাগি হইয়া গেছাস। আপা,Negative
test_id_651,জায়েদ খান মাগির বেটাকে কে চিনে।,Negative
test_id_652,এটা একটা মাগী,Negative
test_id_653,এভাবে অর্ধেক ঢাকার মানে কি? ঢাকলে পুরোপুরি না ঢাকলে একবারে ওপেন ছবি তোল,Negative
test_id_654,বোকা চোদা কোথাকার,Negative
test_id_655,হোছাইন নিন্জয় নিজেরে ফডো তুলার সময় ক্যামতে কন্ট্রোলে রাখলা মিয়া আমরা ছবি দেইহা কন্ট্রোলে থাকতে পারিনহ্।! বেশ্যা_পরী,Negative
test_id_656,তুই মাগীর জন্মা। এই জন্য,Negative
test_id_657,আমি ভিডিওটা এখনো দেখিনি লিংক হবে?,Negative
test_id_658,কাপড় খুলে ফেল,Negative
test_id_659,মাগি তুই তো এহন পাবলিকের চোদা খাইয়া ফেমাস।।,Negative
test_id_660,মাগীদের কথা না বলি,Negative
test_id_661,ওকে একটু সবাই চুদে যান,Negative
test_id_662,মাগি তুরেকয়জনে চুদে একবার মরনা বূজবি পরকাল কী,Negative
test_id_663,পতিতা এখন ঢাকায়,Negative
test_id_664,সারাদিন দৌড়াবা মাগী ব্যাবসার পিছনে তুমি হিরো অালম কে চিনবে কি করে।,Negative
test_id_665,"সোনাপাখি একটু অপেক্ষা করো, আমি ব্লেড আইনা তোমার ফিতার দফারফা কইরা দিতাছি",Negative
test_id_666,তুইতো একটা মাগির দালাল ।,Negative
test_id_667,উরাধুরা চুদা হপ্পে,Negative
test_id_668,"আমি তোমাকে কেউ বেশ্যা বলতে দেখিনি, সুতারাং তুমি উচ্চবিত্ত পতিতা হতে পারনা। অসম্ভব। লজিক",Negative
test_id_669,তোরে কেও বলতে ছেনা বিশ্বাস করতে মাগি,Negative
test_id_670,তুর মা বাবার মিলন দেখছ না দেখলে মালে য়ে এটা ও মানতে হবে,Negative
test_id_671,সাফা কবিরেকে কাছে পাইলে চুদিয়া মাগির শাওয়া ফাটিয়ে ফেলটাম।,Negative
test_id_672,কি মাইয়ারে ভাই! এংরি মুডেও হর্ণী লাগে,Negative
test_id_673,মাগির গরে মাগি তোরে খুব ভালো লাগতো আজকে এখন থেকে তোর মুখে খারাইয়া মুইত্তা দিলাম!!,Negative
test_id_674,তোর ভুদার ভেতর আগে বাঁশ দিবে মাগী,Negative
test_id_675,তোরে ল্যাংটা বাবা র কাছে নিলে তুই বিশ্যাস করবি। পরকাল কি।,Negative
test_id_676,মেয়েরা মানের জাত কি জানি এতো মাগি মনে হয়,Negative
test_id_677,"বেবি গত ঈদ তোমাকে কত লাগাইছি আর এই ঈদে কত দূরে!এইবার কে লাগিয়েছে, মেহেদী??",Negative
test_id_678,খানকি মাগি চুদা আর কত খাবি,Negative
test_id_679,এই পিক আমি ইডিট করি নাই। ফেসবুকে পাইছি সাফা আফা,Negative
test_id_680,দূরে থেকে ভিডিও কলে লিংক বের করা যায় এটা এতোদিন তোর মাথায় আসেনি? বারোবাতারি,Negative
test_id_681,সাওয়ার গান বাপু,Negative
test_id_682,ফু ত দিতে মন চায় না মন ত চায় অন্য কিছু,Negative
test_id_683,"ফেসবুক প্রোফাইল হ্যাকের বিচার আল্লাহর হাতে দিচ্ছে রে ভাই,,,ভাই রে ভাই,,ভাভাগো ভাভা",Negative
test_id_684,মনতো চায় পুরা নেংটা করে ছবি দেন,Negative
test_id_685,ডিজিটাল বাংলাদেশের ডিজিটাল মিয়া খলিফা।,Negative
test_id_686,খানকির পুলা কই কি,Negative
test_id_687,সাতে মাগী ঘোসনা করেন,Negative
test_id_688,নাম ফাটে জার গোয়া ফাটে তার।,Negative
test_id_689,বাঙালির ঠাপ কি এখন দেখবি,Negative
test_id_690,ওর মতো একটা বেশ্যাকে নিয়ে কথা বলতে লজ্জা বোধ করতেছি,Negative
test_id_691,আমার ফ্রেন্ড লিস্ট এর সব চুদির ভাই গুলাই আছে কমেন্ট এ,Negative
test_id_692,জাহেদ খান কিসের নায়েক ওর তো পরিচয় নাই নায়ক মারায় সালা বোকা চোদা,Negative
test_id_693,তর জন্মটা মনে হয় অবৈধ,Negative
test_id_694,মাগি কয় কি,Negative
test_id_695,চোতমারানা মাগি বাংলা বছরের কথা বলছিস ভাল কথা সেটা ইংরেজিতে লিখলি কেনো।,Negative
test_id_696,তোমরা গরিবের সানিলিয়ন নিয়ে এত সমালোচনা করিও না . অন্ডকোষে লাগে,Negative
test_id_697,মাগি বাংলাদেশ ছাইরা দে,Negative
test_id_698,ন্যাকামি চোদাও এখন,Negative
test_id_699,তোর ফেসবুক প্রোফাইল তো গেছে এবার তোর পেজ চলে যাবে শুধু দেখে যান,Negative
test_id_700,ওই খানকি মাগি,Negative
test_id_701,পাছা খবিসের চামড়া তুলে নিবো আমরাশালি বেশ্যা খানকি একটা  !!,Negative
test_id_702,পরকাল বিশ্বাস করবি কিভাবে তুই তো একটা বেজন্মা জারজ সন্তান,Negative
test_id_703,যখন পাছা দিয়া লোহার ডিম ঢুকানো হবে তখন বিশ্বাস করবি পরকাল আছে কিনা।,Negative
test_id_704,খানকি মাগি হিজাবের সাথে সাথে প্যান্ট পড়াও বাদ দিছ?,Negative
test_id_705,সুদিরবেটি          ,Negative
test_id_706,এই ভাইয়ারা সাফা কবির যে জারজ সন্তান এইটা ১০০%সত্ত,Negative
test_id_707,মাগির মত পালঠেগেছে।,Negative
test_id_708,দুরু মাগী সারা বিশ্শ কি চিনে,Negative
test_id_709,তোর জন্য সেফু খানকির পুতে ইসলাম বিরুধি কথা বলছে,Negative
test_id_710,"ফেসবুক লাইভে এসে গোটা জাতির কাছে ক্ষমা চাইতে হবে তোর,",Negative
test_id_711,"আপসোস হয়,খুব আপসোস হয়!যখন পাছা ফকিরদের মতো মানুষকে অনলাইনে থাপড়াইতে পারিনা।:- ",Negative
test_id_712,"পরিচালক মালেক আফসারী চিনে,কিন্তু জায়েদ চিনেনা!!জায়েদ রে তো আমিও চিনিনা।ও কে রে বাল",Negative
test_id_713,সাপা কবিরের জন্মের ঠিক। হিতিরে কুকুর দিয়া চোদা দরকার,Negative
test_id_714,মাগি টা মুরতাদ হয়ে গেছে ওকে হত্যা করা হোক।,Negative
test_id_715,"বেশ্যার আবার ধর্ম,,,মিথ্যা অভিনয় করতে করতে সব কিছু মিথ্যা মনে হয় তাই না।",Negative
test_id_716,আর বলিও না। ফেসবুক খুললেই সাফা আর সাফা,Negative
test_id_717,তোর মত মাগী এই দেশে লাগবেনা,Negative
test_id_718,কেউহিতির পাছায় লাথি মার   !,Negative
test_id_719,তোরে কুত্তা দিয়া চুদামু,Negative
test_id_720,খানকির ছেলে দেখার কাছে থেকে খুব ইচ্ছা,Negative
test_id_721,দুধ দেখিয়ে সেলিব্রিটি হইছস    এর থেকে ভালো আর কি আশাকরা যায় তোর থেকে  .,Negative
test_id_722,আমি তোমাকে আমার মনের মতন করে চুদবো। খানকি মাগী।,Negative
test_id_723,হালারে শরীরে তো মাল নাই,Negative
test_id_724,একজন বেশ্যার পরকাল আর ইহকালের ভাবনা কেন?তোর জন্য দোজখ অবধারিত।,Negative
test_id_725,জাহিদ এই খানকির পোলা আবার কে,Negative
test_id_726,দুধ না দেখালে কিভাবে এত নাম হইছে,Negative
test_id_727,ড্রেস কি খোলা,Negative
test_id_728,ওস্তাদ দুধ ঢাকেন,Negative
test_id_729,মালোয়ানদের ধর্ম নাই। আামাদের তো ধর্ম আছে,Negative
test_id_730,"ফেইজবুক জুড়ে শুধু ""সাফা কবির"" বাঙ্গালি কিছু একটা পেলেই সেটা নিয়া লাফালাফি শুরু করে দেয়।",Negative
test_id_731,তুই মাগির পোলা জারজ সন্তান,Negative
test_id_732,পৃথিবীতে নুনুই একমাত্র প্রতিবাদী -যেখানে দেখবে খারাপ কিছু সেখানে সে রুখে দাঁড়াবে,Negative
test_id_733,"এই যে পাছা কবির,কেমন বোধ করতেছ এখন",Negative
test_id_734,আর একটু নগ্নতার অপেক্ষায় আছি,Negative
test_id_735,তর মুখে মুতি মাগী,Negative
test_id_736,"তুমি মিস্ট্রি আমি ধই, আমি এত সুন্দর কমেন্ট করি আমার চুম্মা কই",Negative
test_id_737,বাংলাদেশের ২নাম্বার খেলোয়াড় চালিয়ে যাও ৬এর আশায় জাতি,Negative
test_id_738,খানকির পোলা তুই এই ভিডিও বানাইছিস ভুয়া তোর জন্মের সমস্যা আছে,Negative
test_id_739,"সৃজিত ভাইয়া জেনো অন্যো কিছু না দেখে তাইলেই হবে,৩ মিনিট কেন ২০ মিনিট চলাও",Negative
test_id_740,তর জন্মের ঠিক নাই।,Negative
test_id_741,ওরে জনি সিন্স এর হাতে তুলে দাও,Negative
test_id_742,"মাগি তুই বরিশাল আয়,,,তোরে চুদে চুদে নববর্ষ পালন করব।",Negative
test_id_743,কিছু দেখা যায় না ফ্রি ফেসবুক,Negative
test_id_744,আমাল বাবুতা যোগব্যায়াম করতেছে,Negative
test_id_745,আমার মনে হয় অর সাতে জারা কাজ করে সিনেমায় কেউ মনই হিরে চোদার বাকি নায়,Negative
test_id_746,"তুই যে তোর বাপের জন্ম তা কি তুই দেখছস, বেশ্যা?",Negative
test_id_747,আহমেদ ফয়সাল বুজলা ব্রো এই কমেন্টের মাধ্যমে পাছা খবিশের হারানো অস্তিত্ব ফিরিয়ে আনার মিথ্যা প্রচেষ্টা,Negative
test_id_748,হ্যালো বারো ভাতারি,Negative
test_id_749,তুই একটা খানকি মাগি,Negative
test_id_750,তোমার জানালা যে খোলা থাকে সেটা সবাই জানে,Negative
test_id_751,মাগি ওই সময় পুটকি মারা দিছে,Negative
test_id_752,সাইদি কে জারা রাজাকার বলে তারা সব জারজ কুত্তার চুদা,Negative
test_id_753,নুনুবেল নুনুবেল বেলের বউ কদবেল,Negative
test_id_754,খানকি নামবার ওয়ান,Negative
test_id_755,ফিটনেস দুর্বল কেন   .সালমান চড়ে মজা পায় কি করে বুজতে পারি না,Negative
test_id_756,আমি আগে করমু পরে তুই না দুজন একসাথে তুই ভুদা আর আমি পাছা,Negative
test_id_757,আস্তা বেয়াদব খানকি মাঘি,Negative
test_id_758,মাগি বিনা চুদা জন্ম হয়ছে,Negative
test_id_759,বোকাচোদা হিরো আলম,Negative
test_id_760,"ফেসবুক প্রোফাইল হ্যাক করার বিচার ও আল্লাহ কাছে দিলেন আপু?ভাভাগো ভাভা,ভাবা যায় এগ্লা",Negative
test_id_761,খানকি মাগি তুই থাইল্যান্ডে যা,Negative
test_id_762,চলো দুজন চোদাচুদির চলে হারিয়ে যায়,Negative
test_id_763,মোবাইলে বাইব্রেশন চালু করে তোর পাছায় ডুকাই দিবো . আর বাহির থেকে শুধু কল দিবো,Negative
test_id_764,এই মাগী কাফের,Negative
test_id_765,বেশ্যা মরে দ্যাখ,Negative
test_id_766,মাগির বাইচ্চা তোকে সামনে পাইলে দেখতি কি করি,Negative
test_id_767,পতিতার মতো পুরুষের সাথে বিছানায় যাস।তোদের মুখে আবার ইসলাম কি এই পতিতা মাগি।,Negative
test_id_768,কুত্তার বাচ্চা ভাইরাল হতে ছেয়েছিল মাগি,Negative
test_id_769,কিরে পেন্টি কেনার টাকা নাই। কথাটা জানাবি তো,Negative
test_id_770,"তোর ফেইজটা জনগন এখনো চুদে না কে,,,তুই তো বেশ্যা",Negative
test_id_771,জার্মান শেফার্ড দিয়ে লাগাতার আপনাকে ধর্ষণ করা হলে বুঝবেন কনে ধনে কত মাল।,Negative
test_id_772,ইন্ডিয়ার পিয়াংকা তার ছেলেকে নিয়ে সুখে আছেন।আর বাংলাদেশের মিথিলা তার আব্বুকে নিয়ে সুখী।বাহ বাহ বাহ,Negative
test_id_773,অনেকদিন হইসে তীব্র বেগে মাগি সুডিনা,Negative
test_id_774,খানকি তোর উপর আল্লাহর নালত পরুক,Negative
test_id_775,তুই তো একটা মাগী,Negative
test_id_776,বাংলাদেশের বড় বড় ভিলেনদের দিয়ে তোমাকে চুদানো হবে।,Negative
test_id_777,শতভাগ জারজ সন্তান।,Negative
test_id_778,ফেইসবুকীয় সম্প্রদায়ের কমেন্ট পড়তে আইছি।,Negative
test_id_779,"মালু খানকির বাচ্চা তুই করবি কর। কিন্তু অন্য কে, বলিস কেন?",Negative
test_id_780,তুই তো খান কি মাগি,Negative
test_id_781,"দেখেই ডিলেট করে দিবো পরি,একটা নুডুলস দিবা",Negative
test_id_782,লিংকে গিয়ে ভিডিটা দেখ,Negative
test_id_783,"তো আমরা কি করতাম? তুমি কোন ভিআইপির চ্যাঁট হইছো যে? শালা, মসলা*দি?",Negative
test_id_784,কমেন্ট করতে নয় পড়তে এসেছি। মানভোদা_এখনো_বেচে_আছে ভাউ,Negative
test_id_785,মাগি এ কয় কি?বাবা খাইয়া হাবা হইয়া গেছে হালি.,Negative
test_id_786,তর মায়ের কপালে টিপ কেনো তুই খানকি তর কোনো খমা নাই,Negative
test_id_787,শেষ মেষ এই অকাটা?????????,Negative
test_id_788,সাফা ওরফে বেইশ্যা পতিতা কবির,Negative
test_id_789,পাগোল চোদার গুষ্টি।,Negative
test_id_790,মাগীর ভুদা গভীর,Negative
test_id_791,"নিঃসন্দেহে ও জারজ সন্তান,,,কারন ও তো ওর বাবা-মায়ের সহবাস করাও দেখেনি.!!!",Negative
test_id_792,মাগী তোর পোন মারা উচিত,Negative
test_id_793,ক'দিন আগে পেন্টি খুলে এখন জানালা খুলতে এসেছে,Negative
test_id_794,বোকাচোদা কইলি কি  .??,Negative
test_id_795,খানকি মারানি তুই মেসেজ           ব্লক মারচ নইলে তো তোরে মেসেজে সবাই একত্তে চুদা দিত,Negative
test_id_796,"বাড়া,,,তুমার ক্রাশ মোহাম্মদ জোবাইদ সিদ্দিকী",Negative
test_id_797,ত্রসালা ত্রকটা মাল,Negative
test_id_798,"তোর বাবা মা লরাই করে তোরে জন্ম দিয়েছে কিন্তু তুইতো দেখিসনাই,,,,,তাহলে তুইতো জারজ",Negative
test_id_799,"পাগল চোদা, রোহিঙ্গা চেনে রোহিঙ্গা",Negative
test_id_800,তুই একটা জারজ,Negative
test_id_801,শার্ট টা খুলে পেললেই তো হয় মাগি,Negative
test_id_802,এই আরেক বোকদা-চোদা আইছে হাসির পেইজ নিয়া,Negative
test_id_803,আচোদা বেডির আচোদা ব্যখ্যা!!!,Negative
test_id_804,দেখবো মাগির সাউয়া কতদুর,Negative
test_id_805,ফেইসবুক হ্যাক হয়েছে বলে অাপনি অাল্লার কাছে ক্ষমা চাইতেছেন??,Negative
test_id_806,কানকির পোলা হিরু আমল,Negative
test_id_807,বাসার ঠিকা না টা দিলে ভাল হবে,Negative
test_id_808,বৌদি কি ভাতার পরিবর্তন করলো!,Negative
test_id_809,জীবন নাকি চুটকি। মারো পাছা কবিরের পুটকি।,Negative
test_id_810,পাছা কবিরকে কুকুর মুতে দিচ্ছে,Negative
test_id_811,"আমার মনে হয়,,পহেলা বৈশাখের দিন হয়তো বাংলা মাল খেয়েছিলো তাই আবোল তাবোল বকছে",Negative
test_id_812,সাফা তুমিতো দেখোনা তোমার পাছা।.তাহলে কি বিশ্বাস করো তোমার পাছা নাই!,Negative
test_id_813,মানুষেরই ভুল হয়।ভুল বুঝে সঠিক পথে চলা আসল বিষয়।আর আল্লাহ ক্ষমা করার মালিক☺,Negative
test_id_814,তোমাল তোতা কেও তোদে না .,Negative
test_id_815,আকতার নুর কি অশ্লিল,Negative
test_id_816,এই মাল্টিপ্লাগে কি অনেক মোবাইল চার্জ করা যায় ??,Negative
test_id_817,শাউয়া গভীর এখন কিছু বুঝো না দুধু খাও চুতমারানি,Negative
test_id_818,রাম ছাগলটারে কেউ বাঁধ। সাইদিকে নিয়ে নুনুবাবার কাছে জানতে চায় কোন ছাগল!,Negative
test_id_819,সাফা কবির তুমি মাগি,Negative
test_id_820,বাহ চুদির বইন বাহ' তুরে মন চায় উগান্ডার কুত্তা দিয়ে চ '''',Negative
test_id_821,সাফা কবির মাগিতো পরকাল ই মানে না তার অাবার শবে বরাত,Negative
test_id_822,"তোরা হলি বাজারের ব্যাশ্যা,, ব্যেশ্যার আবার,,,,,,,, খানকি",Negative
test_id_823,"পরি, ত ধিরে ধিরে, সানি লিওন হয়ে যাচচে,,,",Negative
test_id_824,পাছা কবির রে আমার এম্নেই ভাল লাগেনা আগে থেকেই,Negative
test_id_825,এতো সেক্সি হইলে আমরা কি করমু???,Negative
test_id_826,সুনলাম এই সাফা কবিরকেই নাকি তার বাবা তিন বছর যাবত ধর্ষণ করতাছে তাই আবুলতাবুল বকতাছে,Negative
test_id_827,মুরগির দারায় ছাগল চোদা হয় না তাই আলমের দারায় হবে না,Negative
test_id_828,মাগির পোলা কি শুরু করলি,Negative
test_id_829,তুমাল ততা তেউ তোদে ও না,Negative
test_id_830,বেহেস্তের হুরের ব্রেস্ট আরও বড বড আর টাইট হবে,Negative
test_id_831,জাতি তোমার লিংক দেখে জানতে চাই তুমি মেয়ে না হিজরালিংক দাও সাফা,Negative
test_id_832,এই খানকি চায় কি?,Negative
test_id_833,মাগিরে সিল দেয়া উচিৎ,Negative
test_id_834,মাগী তুর জন্মের ঠিক নাই।,Negative
test_id_835,আশাকরি এইবার ন্যাকামি চোদানো বন্ধ হবে,Negative
test_id_836,আসো     করি। দেকব তুমি কতো সময় পারোনিচের গুরুপে আসো ,Negative
test_id_837,আমি আগেও জানতাম তুই সত্যিকারের একজন মাগি,Negative
test_id_838,খোলা ই জানালাই তো যে কোন ভ্রমর আসতেও পারে যেতেও পারে।,Negative
test_id_839,মাগিরে ফেনির সিরাজের কাছে দিয়ে ডে,Negative
test_id_840,বাড়া আছে যার গালি আছে তার বুঝলে শুয়ার :- ,Negative
test_id_841,এই বুকা চুদারে দেখলেই গা জলে,Negative
test_id_842,"মাদার চোদের বাচ্চা,,,,,মানুষের জীবন নিয়া টানা টানি",Negative
test_id_843,মাগি ও মাগিরে তুই অপরাধীরে,Negative
test_id_844,কাপড় তুলে মরিচ বাটা লাগায় দেয়া হোক,Negative
test_id_845,চি পেন্টি পরে,Negative
test_id_846,সৃজিত আংকেল টা আর ভালো লাগে না,Negative
test_id_847,যে এই পোষ্ট দেখবে তাদের সবার জন্য এই কুত্তি মাগিকে গালি দেওয়া ওয়াজিব,Negative
test_id_848,মাগীদের মাগী বাজি করার সাহস দিয়েছে হাছিনা মাগী,Negative
test_id_849,আরে মাগি পিরা কাপড় খুলে দে,Negative
test_id_850,ওর নাম সাফা ওর মাথা আছে ফাকা বুক আছে খোলা,Negative
test_id_851,এইটা যে বানাইছে সে একটা বেশ্যামাগির পোলা,Negative
test_id_852,"তোর মত মাগির দুনিয়ায় কোনো জায়গা নাই , তুই মনে হয় বেম্জা মাগি",Negative
test_id_853,তুমাকে চুদার সময় সেস,Negative
test_id_854,নিজের দুইটা দুধ থেকে যদি ভাবো রাণী তাহলে কুত্তি তো মহারাণী,Negative
test_id_855,নাটক পুটকি দিয়ে ঢুকিয়ে দিব .,Negative
test_id_856,এতিম বাচ্চা ডা। কাপড় চোপড় নাই,Negative
test_id_857,মাগিরে সুদে কাল করে দিবার মন চায়,Negative
test_id_858,হিমালয় হিমু                 ,Negative
test_id_859,ভোদার বিটি তুই,Negative
test_id_860,কালেকশনে নতুন আরেকটা পাইছো নাকি পরী,Negative
test_id_861,কন্ডম দূর্ঘটনায় যাদের জন্ম হয়তারাই এমন কথা বলে থাকে ,Negative
test_id_862,খানকি মাগি।পাছা গভীর,Negative
test_id_863,ফুটা অার বোটা ডা বাদে সব ই তো দেখা যায়ওইটাও দেখাইতি,Negative
test_id_864,একুশে পদক তার গোয়ার মধ্যে দিয়া ডুকাইয়া দেও,Negative
test_id_865,পৃথিবীতে তোমার মতো মাগীকেও চেনানোর দরকার আছে।,Negative
test_id_866,মাগির বিটি মারা খা,Negative
test_id_867,তুই মাগি ওড়ি তুই আবার কি কমা ছর ওড়ি,Negative
test_id_868,দুধের স্বাদ পেতে হলে ভিডিও দাও,Negative
test_id_869,আপনাদের বিয়ে কয়টা হয়। সামনে কি আর বিয়ে করবেন নাকি,Negative
test_id_870,পোষ্টে মন্তব্য সার্চ দিয়ে বের করার অপশন খোলার জন্য ফেসবুক ট্যাকনিক্যাল টিমকে অনুরোধ জানাচ্ছি   .,Negative
test_id_871,কেউ লিংক চাহিয়া লজ্জা দিবেন না.,Negative
test_id_872,জনি ভাই তুমি আসার দরকার নাই বিমান বেক কর তোমার রুগী কিছুটা সুস্থ্য হয়ে উঠছে,Negative
test_id_873,যখন চুদা খাইলা তারপর বুঝতেছ,Negative
test_id_874,আমার নুনু আর দাড়াতে চায় না,Negative
test_id_875,অবৈধ ভাবে পয়দা হইচে,Negative
test_id_876,এই পোস্ট দেখে কেউ নুনু চুল্কাইয়েন না কারণ এগুলি নুনু চুলকাইন্না পোস্ট,Negative
test_id_877,"সারোয়ার যা গরম পড়ছে , ছবি তুলবার সময় একটু বাতাস দিতি তুই .",Negative
test_id_878,চুদির বইন। বলিস কী???,Negative
test_id_879,খানকি মাগি তরে কি চুদাইমু বাই সবাই বলেন,Negative
test_id_880,খানকি মাগী তোরে কমেন্টে মানুষ কুকুর দিয়া চুদছে উহ অাহ তো কর,Negative
test_id_881,যে কুত্তার বাচ্চা এর কাটিং টা করেছে মারে চূদি খান্কি মাগির পোলা খান্কি মাগির পোলা,Negative
test_id_882,ঐ পতিতা এটা তোর কেমন বিয়ে আকাডার সাথে তোর বিয়ে হইছে তুই কলমা পরছো।জাহননামি,Negative
test_id_883,তোমার পশ্চাতে তামাশা ভইরা দিবো,Negative
test_id_884,তাহলে পুরুষ কে পুরুষ হিসেবে চিনতে হলে কি জিপার খুলে নুনুমিয়া দেখাইতে হইব??,Negative
test_id_885,ছবির কোনো সোদাও হয়নাই পাসওয়ার্ড শুদু মালেক আবছারির চাপার কারনে ছবিটা সুন্দর বন পযন্ত গেছে,Negative
test_id_886,ট্রাম্পের নুনুতে চুম্মন খেতেগেছে,Negative
test_id_887,তোমার পুটকি দেখানো ছাড়া কোনো কাম নাই!,Negative
test_id_888,ফেসবুক রিয়েক্সনের মাধ্যমে আমরা আমাদের মানুসিকতার সম্মন্ধে ধারনা পেতে সহ্মম,Negative
test_id_889,তাইরে চুদলে ও ঘূনা করের,Negative
test_id_890,তুমি যে বারোভাতারী,Negative
test_id_891,সাফা তুমি চোদাই মুরি খাওতুমি মোশারফ করিমের মত ফ্যান হরাইলা,Negative
test_id_892,মাল্টিপ্লাগের প্রতি ঘন ঘন বালের শুভেচ্ছা।,Negative
test_id_893,মাগিরে দেখা যায় কেমন পুরা শয়তানের মতো,Negative
test_id_894,তোর বাপ তো মুরগী চোরআর তুই হইলি কনডম চোর,Negative
test_id_895,"খানকির মেয়েরে অনেক লাইক করতাম, তোরে আর চুদি না মাংের মেয়ে",Negative
test_id_896,"তুইতো মাগীর চাইতে ও খারাপ,,, তোরে কুকুর দিয়ে করাতে হবে",Negative
test_id_897,"আমি যেটা দেখিনা সেটা একদমই বিলিভ করি না মাফ চা বোন, আল্লাহ মালিক",Negative
test_id_898,"তুইত মাগি কেমনে বিস্বাস করবি, মর তবে বুজবি",Negative
test_id_899,"সৃজিত দা শেষ, এখন কি তাহলে বিক্রম দা.?",Negative
test_id_900,আম গাছে জাম ধরেতেতুল গাছে লিচুতোমায় আমি করবো বিয়েবলবে না তোহ কিছু__আই এম রাসেদ ভিডিও,Negative
test_id_901,ওয়াক থু বেশা মাগি,Negative
test_id_902,আবার ইজ্জত হারালি কোথায়!,Negative
test_id_903,"সানি লিওন হওয়া বাকি আছে, শুরু করে দেন টিকেট বেচা",Negative
test_id_904,কাপড় দরকার নাই েএতেই হব,Negative
test_id_905,অশ্লীল ভাষা চোদাইবেন না প্লিজ,Negative
test_id_906,লিংকের অপেক্ষায় আছি,Negative
test_id_907,খোলা সব খোলা,Negative
test_id_908,শালার কই যে যাইরবিন্দ্রনাথ রেও ছাড়ে নাই। আসলেই জ্বীন পরিরে বিশ্বাস নাই,Negative
test_id_909,তোরে কুত্তা দিয়া চুদনোর দরকার মাগি,Negative
test_id_910,কবরে যাবা তো একদিন না একদিন। এবার লুচ্চামি ছাড়ো,Negative
test_id_911,জাহেদ খান একটা জারজ ছেলে,Negative
test_id_912,জল পরি আমার বারান্দায় চলে এসেছেরেকেঊ ধর,Negative
test_id_913,ওর পাছায় ট্রস ট্রস করে বাইরানো দরকারঐ তর মা বাপ রে ডাক দে,Negative
test_id_914,দূর হালা মাদারী গে হাফ লেডিস্ গো মত ভাব নিয়া ছবি চোদাইসে,Negative
test_id_915,তুই তো নটি মাগি মুসলিম নামধারি ইবলিশ।,Negative
test_id_916,কানকি মাগি তুরে চুদুম গোড়া দন দিয়া,Negative
test_id_917,"তুই হোগা মারা খা, খানকি",Negative
test_id_918,জুতার বারিশালি বারোভাতারি,Negative
test_id_919,এই মাগী তোর জম্ম দিলো কি পতিতালয়ে,Negative
test_id_920,ককে পানি চলে অাসছে অাপনার এই ছবি দেইখা ,Negative
test_id_921,ড়িয়ার পাছা কাবির  এড়িটিং দেখুন গ্রুপ থেকে তুমার খবর নিতে আসছি টুমার পাছার সাইজ কত,Negative
test_id_922,"বাবু, তুমি যে একটা গাভী. এটা আবার প্রমাণ করে দিলা .",Negative
test_id_923,"যাক, এতক্ষনে বুঝলাম কার দ্বারা ***** হয়েছেন।",Negative
test_id_924,এইটা নুনু ওয়ালা সাফা কাবির,Negative
test_id_925,আসলে সে আলোচনায় আসার জন্য এমন মন্তব্য করছে। কিন্তুু এসব কথার দ্বারা ইমান চলে জায়,Negative
test_id_926,তোর বোদায় এতো গেরা কে মাগি?,Negative
test_id_927,মুখেদি খারাপ কথা আসে। তোরে দেখলেতো বেশ্যার মত লাগে।,Negative
test_id_928,চুদা ফকির তুমি ব্লোজব করার পর বিশ্বাস করেছো চুষলে মাল বের হয়,Negative
test_id_929,চুদা খাইতে খাইতে মাথা আউলাইয়া গেছে,Negative
test_id_930,ফেসবুক একাউন্ট হ্যাক হয়েছে এটার বিচার ও আল্লাহর কাছে দিবেন??,Negative
test_id_931,সাফা কবির খানকির বাচ্চা তোরে কাছে পাইলে যে কি করতাম আমি নিজেও জানিনা,Negative
test_id_932,জাহেদ আর মিশা বোকাচোদা,Negative
test_id_933,আমরা তোমার উলঙ্গ অবস্থায় দেখতে চাই তবেই বুঝতে পারবো তুমি মেয়ে৷ পিচ্চি সয়তান,Negative
test_id_934,"বসেন বসেন,বইসা যানপাছা কবিরের পাছার মধ্যে গরম রড ঢুকাই দেওয়া উচিত",Negative
test_id_935,"পুটকির ভিতর গরম ডিম দেওয়া হোক,,,,, মাগিরে,,       ",Negative
test_id_936,ফিতা খুলে চেক করা উচিত কোন জেন্ডার,Negative
test_id_937,আবারও বিয়ে হবে তাইলে,Negative
test_id_938,তোমাক খালি চুদার অভাব মাগি!!!,Negative
test_id_939,আপা আমনের পেন্টি কই? ওহ বুজছি পরতে ভুলে গেছেন,Negative
test_id_940,"যা বিশ্বাস না করলে দিনে তিন ড্রোজ করে দিয়ে দিস, মাইগ্গার ঘরের মাগী,",Negative
test_id_941,আরেক খানকিরপোলা সাপোর্ট চুদায়,Negative
test_id_942,আপু আপনার শুনলাম লিং ভার হইছে।,Negative
test_id_943,জন কবির একটা বুনো শুয়ার র তুই আরেক শুয়ারিনি।।।।একি গোয়ালের মাল,Negative
test_id_944,ভাই পতিতার কোনো সম্মান থাকে না। এরা রাস্তায়ও উলঙ্গ হয়ে ঘুরতে পারবে।,Negative
test_id_945,মাল্টিপ্লাগের নতুন ভার্সন,Negative
test_id_946,এই কুত্তার বাচ্চা জারজ সন্তান কে পাইলে আমি কি যে করতাম। জারজ সন্তান,Negative
test_id_947,"তোর মাং ট কোটা পুরো বাংলায় বিলিয়ে দেবে, দেখব কত চোদা খাইতে পারিস",Negative
test_id_948,ফেইস দেখে মনে হচ্ছো একমাস ধরে মাসিক চলতেছে।যাইহোক                    .??,Negative
test_id_949,পরীমনি হচ্ছে বাংলার সানি লিওনি,Negative
test_id_950,মালটা ভারতে রপ্তানি করছিবাংলাদেশ এ প্রথম ভারতকে ঠকাতে পারছে।,Negative
test_id_951,মাগি তর ভুদা চুদা হিন্দুগ দিয়া খানকি,Negative
test_id_952,সাঈদীকে যে রাজাকার বলবে সে পিতৃহীন জারজ সন্তান,Negative
test_id_953,"আপনি,, খুব ,, ভালো,, মানুষ, আমার,, দাওয়াত,, রহিল, জামালপুর,, থেকে,,,",Negative
test_id_954,"সবাই এত্ত এত্ত কমেন্ট করতেছে পাছা কবির কোনো রিপ্লে দেই না কিনু?কিনু,কিনু,কিনু?",Negative
test_id_955,"ছিলো আমার       ,,, এখন টয়লেট এর ব্রাশ,,,",Negative
test_id_956,"বেশ্যা কাকে বলে, কত প্রকার ও কি কি",Negative
test_id_957,তুই তো একটা মাগির ব্যাটা তুই কি জন্য শেয়ার দিস ইস,Negative
test_id_958,"চুত্মারানি খানকি হুগায় কারেন্ট বেশি তোর,,তোরে কুত্তা দিয়া সোদামু",Negative
test_id_959,ধজভংগ দের আর ভায়াগ্রা লাগবো না। ধংস হোক এই সব কুলখানকিরা।,Negative
test_id_960,এই ধরনের নায়ক বোকাচোদার এসএমএস পাগল,Negative
test_id_961,এই মাগি পেকেজ দিয়ে লাভ নেই। তুর জনপ্রিয়তা শেষ,Negative
test_id_962,মাগির ছামায় আলতা দে     .,Negative
test_id_963,ব্রা নাই পেন্টি নাইপরলি আবার নুপূর মুইতো এই ইস্টাইল বুঝি ন  .,Negative
test_id_964,মাগী তোর ভোদার জ্বালা উঠছে  !,Negative
test_id_965,খানকি মাগী সব জায়গায় ন্যাকামি চোদায়৷ খানকি মাগী এইবার ভালো ফাইলে পড়ছে,Negative
test_id_966,তুই জেন একটা বঘা চুদা পোলা দেশের মাষুশ ভালো করে জানে,Negative
test_id_967,তোর মা ছিলো অসভ্য । তাই তুইও হইছিস খানকি,Negative
test_id_968,আমার জাইগ্গার কালার কই!,Negative
test_id_969,হিতি এক জন জারজ সন্তান??,Negative
test_id_970,পাছা কবির রে দরকার রে  ,Negative
test_id_971,"পরিনি বেয়াদব রাইতের বেলার ছবিগুলা কে তুলে দেয়, কার বুকে ই বা ঘুমাস .",Negative
test_id_972,মানবতার বুক ফাকা,Negative
test_id_973,মাসুদা ভাট্টি আপনার এই ড্রেস থেকে আরো ভালো ড্রেস পড়ে।,Negative
test_id_974,আইতাছে চোদা দিতে,Negative
test_id_975,ম আকার **** এদের জামা কাপড় লাগে নাকি,Negative
test_id_976,বিনোদন না বিনোধন সেটা আগে বুঝতে হবে!,Negative
test_id_977,তুমি জুটি সবার সাথে বাঁধো ফাহমির সাথে রুমে যেমন জুটি বেঁধেছিলা।,Negative
test_id_978,কনডম ছাড়া ডোজ,Negative
test_id_979,তোর হুগায় দিমু আগুন খানকি মাগী,Negative
test_id_980,মাগির ভাড়া কত লাস্ট পর্যন্ত মাগি খাস তুই,Negative
test_id_981,তোর পুটকি দিয়া যখন গরম গরম সিংগারা আর সমুচা দুকাইবো তখন সব বিশ্বাস করবি,Negative
test_id_982,তাতে হয় কি  .নুনু পায় কষ্টভোদা হয় নষ্ট,Negative
test_id_983,ধুর কানকির মাগি :- ,Negative
test_id_984,অই মাকে কয় জনে চুদছে।।।।।,Negative
test_id_985,"শয়তানটার ফেচবুক আইডি কি নামে, জানাবেন কেউ।",Negative
test_id_986,"সবাই ভদ্র ভাষায় গালি দেন প্লিজ,,,,, এই ভাবে বললে প্রেগন্যান্ট হয়ে যাবে,,,,",Negative
test_id_987,আজ থেকে তোর নাম রাখা হলো পাছা কবির,Negative
test_id_988,ঐ দিন পতিতালয়ে কনডম দূর্ঘটনা না হলে আজ বাংলাদেশে আমাদের আরেকটা নাস্তিক দেখতে হতোনা বেশ্যা_কবির,Negative
test_id_989,কোন গোডাউনের মাল তা দেখে নিন,Negative
test_id_990,নাস্তি খানকি বলে একে,Negative
test_id_991,রোযা আছো নি?প্যাট ফুলা ফুলা লাগে যে।,Negative
test_id_992,এই জাহেদ টা কে সি আবার কোন খেতের মুলো হে বারা,Negative
test_id_993,বাংলাদেশির সানি লিওন,Negative
test_id_994,"খানকির ছেলে জাহিদ খান কে, ওর নাম তো আজকে শুনলাম।",Negative
test_id_995,তুমি জারজ সন্তান ছাড়া আর কিচুই না,Negative
test_id_996,জাহিদখান কে এ মাগিরপুত তুইকে এইটা আমারনাবার  পোনকর তারপরে বোলবো হিরআলমকে,Negative
test_id_997,ওড়না থাকলে ভালো লাগতো,Negative
test_id_998,পাছায় থাকলে পাছায় পাবেন - পাছা কবির,Negative
test_id_999,নোবেল পেন্ট কামরে দিসে সিউর,Negative
test_id_1000,"হারুন এর ব্যবহার ভাল না, সবাইকে মিথ্যা বলে, বড়দের সম্মান করে না",Positive
test_id_1001,"হাবিব সারাদিন বসে থাকে, টিভি দেখে",Positive
test_id_1002,সে কাদছিল,Positive
test_id_1003,"সালাম, বরকত, রফিক শহিদ হয়েছেন",Positive
test_id_1004,রবিন কাজটি শেষ করতে পারেনি,Positive
test_id_1005,বিভিন্ন স্থানে হরতাল হওয়ায় এবার কোন প্রকার সামাজিক অনুষ্ঠান থেকে বঞ্চিত সাধারন মানুষ।,Positive
test_id_1006,"পিকনিক তেমন উপভোগ করিনি। জায়গাটি ভাল ছিল না, চারদিকে নোংরা , পরিত্যাক্ত অবস্থায় ছিল ।",Positive
test_id_1007,তোমাদে্র নকশাটি আমার পছন্দ হয় নি,Positive
test_id_1008,তোমাদের সাহস ও বুদ্ধি কিছুই নেই,Positive
test_id_1009,তারা চলে গিয়েছিল,Positive
test_id_1010,"চারদিকে সুউচ্চ দালান, আকাশ দেখার সুযোগ নেই",Positive
test_id_1011,"এই ঘরের রুমগুলো ছোট, দেয়ালগুলো ফাটা, জানালা-দরজার কব্জা ভাঙ্গা",Positive
test_id_1012,আমি ইংরেজিতে কথা বলতে পারি না,Positive
test_id_1013,আমরা যুদ্ধে বিজয়ী হতে পারি নি,Positive
test_id_1014,আমরা কাজ করতে আগ্রহী নই,Positive
test_id_1015,আজকের পরিক্ষা ভালো হয় নি,Positive
test_id_1016,"৭ দিন পর পণ্যটি পেয়েছি, প্যাকেজিং ভাল না",Positive
test_id_1017,নাহিন গত ২ বছর ধরে কারো সাথে কথা বলে না। কোন উপহার সে কোনদিন পায়নি,Positive
test_id_1018,সে হাসতেছিল,Positive
test_id_1019,"সালাম, বরকত, রফিক শহিদ হননি",Positive
test_id_1020,শরীরটা এখন বেশ ভাল লাগছে। জ্বর নেই বললেই চলে।,Positive
test_id_1021,"মা, বাবা, দাদা , চাচা সবাই মিলে রাকিব যৌথ পরিবারে বসবাস করে",Positive
test_id_1022,প্রশস্ত এবং সুন্দর করে সাজানো ঘরের সৌন্দর্য মুগ্ধ দৃষ্টিতে দেখতে থাকলেন,Positive
test_id_1023,নিঃসন্দেহে ফাহিদের ব্যবহার খুবই ভাল,Positive
test_id_1024,তোমাদের নকশাটি আমার খুব পছন্দ হয়েছে,Positive
test_id_1025,তোমাদের দুঃসাহস ও প্রবল বুদ্ধি রয়েছে,Positive
test_id_1026,"তারা কথা বলছে, হাসছে",Positive
test_id_1027,"চারদিকে পাহাড়, নদী, পাখির কলকাকলিতে মুখরিত",Positive
test_id_1028,চট্টগ্রামে হারিয়ে যাওয়া ৭ বছরের মেয়ে আয়াতকে খুজে পাওয়া গেছে,Positive
test_id_1029,"খুব দ্রুত প্রোডাক্টটি পেয়েছি, সবার ব্যবহার ভাল, ভাল পণ্য পেয়েছি",Positive
test_id_1030,কুখ্যাত সন্ত্রাসী ও ড্রাগ ডিলারকে গ্রেফতার করা হয়েছে বান্দরবন থেকে। এলাকাবাসির সস্তির,Positive
test_id_1031,আয়াত সুস্থ থাকার জন্য নিয়মিত ব্যয়াম করে,Positive
test_id_1032,আমি ইংরেজিতে কথা বলতে পারি,Positive
test_id_1033,আমরা সবাই কাজ করতে ইচ্ছুক,Positive
test_id_1034,আমরা যুদ্ধে বিজয়ী হয়েছি,Positive
test_id_1035,আজাদ খুব দ্রুত কাজটি শেষ করতে পারবে,Positive
test_id_1036,২০১৩ সালের সেরা কাপল,Positive
test_id_1037,অনেক সময় চোখের জলকে আগুনে পরিণত করতে হয় :(,Positive
test_id_1038,অসৎ সঙ্গ সর্বদা পরিহার করা উচিত :),Positive
test_id_1039,আগে রাত হইলে আমি,Positive
test_id_1040,আমাদের উপকারী আপা    . সত্যি আপা,Positive
test_id_1041,আল্লাহ তুমি মাহমুদুল্লাহ রিয়াদ এর ফর্ম ফিরায় দাও। সবাই বলেন আমিন :),Positive
test_id_1042,আস্তে কইরা একটা কথা কই সবাই কে,Positive
test_id_1043,আয়ারল্যান্ড যাইতে মন চায়। আয়ারল্যান্ড এত্তো এত্তো সুন্দর কেন??????  সো মাচ রুমান্টিক!!!!,Positive
test_id_1044,ইন শা আল্লাহ কাল কেও আমরা জিতব :,Positive
test_id_1045,ইন্টারেস্টিং   ,Positive
test_id_1046,এই অসম্ভব সুন্দর গানটার আমার বন্ধু,Positive
test_id_1047,একটু ফটোশপে গুতাগুতি করলুম আর কি,Positive
test_id_1048,একদিন ১টি চুড়ই পাখি ১টি সাদা গোলাপের কাছে গিয়ে বলল,Positive
test_id_1049,"একমত! "" _:   অক্টোবরের আবহাওয়ায় ফ্যান চালাইয়া কাঁথা গায়ে দিয়ে ঘুমানো :)""",Positive
test_id_1050,এত খুজাখুজির পরও আমার মত একজন সৎ নিষ্ঠাবান লোকের দেখা পাইলামনা    ,Positive
test_id_1051,কাউকে দুর থেকে ভালবাসাই সব থেকে পবিত্র ভালবাসা | কারন,Positive
test_id_1052,কাজটা করব করব করে করাই হয় না,Positive
test_id_1053,কিছু কিছু   তে ভালোবাসা লুকাই থাকে :),Positive
test_id_1054,ঘুম পারানি মাসী-পিসী আমার ঘরে এসো,Positive
test_id_1055,চাদের আলোএ ঘুম আসেনা . বিছানায় আলো পরছে     অসাধারণ :-),Positive
test_id_1056,চিন্তা ভাবনা করেই দেখুন,Positive
test_id_1057,চিড়ার মোয়া খাই বইসা বইসা  জিনিসটা ভালাই লাগে খাইতে  :,Positive
test_id_1058,চ্যানেলে চ্যানেলে চলছে মান্না দে 'র গানগুলোর বলাতকার :-(,Positive
test_id_1059,ছো্ট বেলার কথা মনে পরে গেল  কত যে চিপস খাইতাম,Positive
test_id_1060,জানতে ইচ্ছে করে,Positive
test_id_1061,টিপ টিপ বৃষ্টি হচ্ছে,Positive
test_id_1062,ঢাকা শহর আইসা আমার পরান জুড়াইল,Positive
test_id_1063,তার মানে কি সুজাতা সিংকে কেও পাত্তাই দেয়নি!!!,Positive
test_id_1064,তবে প্রধানমন্ত্রীর সেন্স অব হিউমার ভাল,Positive
test_id_1065,তরুনদের আইডল আন্ডুর ভাষণটা দেখুন। ব্যপুক মজা পাইছি,Positive
test_id_1066,দিল্লি  : কংগ্রেসের হার,Positive
test_id_1067,মিস ইউ মান্না কাকা,Positive
test_id_1068,মজা পাইছি  .ইন্টারভিউ নিতে মজাই লাগে,Positive
test_id_1069,মজা পাইলে লাইক দিন,Positive
test_id_1070,রাতে ঠান্ডা দিনে গরম,Positive
test_id_1071,রোনালদোতেই খুশি আনচেলত্তি,Positive
test_id_1072,লাল ফোনের টক মিস্টি ঝাল কথোপকোথন,Positive
test_id_1073,লন্ডনের ব্রকওয়াল পার্কের একটি ডেকোরেশন। সাইকেলে সাজানো ফুল!,Positive
test_id_1074,শীতের শুভ্র সকালের মিষ্টতার মত আমার মনটা সবুজ,Positive
test_id_1075,শুভ র প্রীতি শুভেচ্ছা ও আন্তরিক অভিনন্দন ,Positive
test_id_1076,শুভ কামনা   !,Positive
test_id_1077,শুভ সকাল| অনেক দিন পর আজ,Positive
test_id_1078,শুভরাত্রি :) একরাশ শান্তি নিয়ে ঘুম দেবো এখন,Positive
test_id_1079,সকাল সকাল ঘুমাতে হবে সকাল সকাল উঠতে হবে আম্মার কড়া আদেশ :(,Positive
test_id_1080,সত্যি কথা!! : : :  . ,Positive
test_id_1081,সুন্দর গল্প :) :  . Q,Positive
test_id_1082,সুপ্রভাত :),Positive
test_id_1083,সবাই বলে আমি নাকি রিপলাই দিতে অনেক লেইট করি!! ক্যারে ?? :(,Positive
test_id_1084,সমর্থকরা লাইক দিন!!,Positive
test_id_1085,সু-সকাল বন্ধু।,Positive
test_id_1086,সঙ্গতভাবে,Positive
test_id_1087,সুবিধাজনকভাবে,Positive
test_id_1088,ইসলামী ব্যাংকের বর্তমান অবস্থা দেখে মনে হয় শাসক হিসাবে জামাতের সাথেই আওয়ামী লীগ পারে না!,Positive
test_id_1089,পুরোপুরি জামাতমুক্ত করা গেলেই লাভের মুখ দেখবে ইসলামি ব্যাংক,Positive
test_id_1090,"দ্রুত জামাত প্রভাব মুক্ত করা হউক, গ্রাহকরা উপকৃত হবে।",Positive
test_id_1091,এই ব্যাংকটা বন্ধ হয়ে যাওয়াটাই দেশের জন্যে মঙ্গলজনক।,Positive
test_id_1092,আমরা নিজের পায়ে দাডাবো। হাত পাতব কেন?,Positive
test_id_1093,"ভারতে সৌদি বিনিয়োগ হলে, সরাসরি না হলেও, আমাদের অর্থনীতিতে এর ভাল প্রভাব পড়তে পারে।",Positive
test_id_1094,তাহলে তো রডের দাম আরো কমবে।,Positive
test_id_1095,২০২৪-এর মধ্যে চেহারা পাল্টে এমন অবস্থা হবে যে,Positive
test_id_1096,আমি চাইতে সমস্যা কি দাম চাইলাম যা দ্যান,Positive
test_id_1097,সালমান এর বিচার দাবি করছি সে ইসলাম এর দুস্মন,Positive
test_id_1098,"জনগনের সরকার জনবান্ধব বাজেট দিবে এটাই স্বাভাবিক, কারন জনগন কাজ ও উন্নয়ন দেখে ভোট দিবে।",Positive
test_id_1099,"আর সেই লোক টার নাম গোপাল বোষ, বোস নয় কিন্তু",Positive
test_id_1100,বারবার দরকার শেখ হাসিনা সরকার।,Positive
test_id_1101,আর এটাও বোঝা গেল যে গোপাল বোসকে কে পিটিয়েছে,Positive
test_id_1102,"যতদিন তোমার হাতে দেশ, পথ হারাবেনা বাংলাদেশ",Positive
test_id_1103,এভাবেই এগিয়ে যাক আমার প্রিয় জন্মভুমি বাংলাদেশ শেখ হাসিনার নেতৃত্বে ।,Positive
test_id_1104,"চীনে গণতন্ত্র নেই কত দশক হয়ে যাচ্ছে জানেন? চীনের উন্নতি তবে কোনো উন্নতিই নয়, নাকি?",Positive
test_id_1105,শিরোনামটা দেখেই মনটা গর্বে ভরে উঠল। আবার কারো বুকে ব্যথা শুরু হয়ে গেছে নিশ্চয়।,Positive
test_id_1106,টাকা পয়সার কোন চালাচালি সম্ভবত হয়নি এখানে।,Positive
test_id_1107,নিক্কেই এশিয়ান রিভিউবাংলাদেশের উত্থানের পেছনে শেখ হাসিনা,Positive
test_id_1108,ভালো সিদ্ধান্ত।,Positive
test_id_1109,সরকারের বৈদেসিক মুদ্রা বেসি হয় গেছে।,Positive
test_id_1110,ভিয়েতনাম বর্তমানে মালয়েশিয়র মত ধনী রাষ্ট্র,Positive
test_id_1111,"আমার কাছে তো মনে হয়, প্রতিবেদন ৯০% ঠিক বলছে",Positive
test_id_1112,ভিয়েতনামের পরিসংখ্যানটাও প্রয়োজন ছিল।,Positive
test_id_1113,"প্রতিবেদন আর বাস্তবতা ভিন্ন, নতুন কোন কর্মব্যবস্হা না সৃষ্ট করে প্রতিযোগি করা যাবে না।",Positive
test_id_1114,বেতন আরেকটু বেশি হলে ভাল হয়।,Positive
test_id_1115,"তথ্যনির্ভর লিখা, ভালো লাগলো",Positive
test_id_1116,আগে সরকারী চাকুরীর পিছে ছোটা বাদ দিতে হবে।,Positive
test_id_1117,আমাদের গতানুগতিক পুঁথিগত বিদ্যাই এই বিশাল বেকারত্বের একমাত্র কারণ। সামাজিক দৃষ্টিভঙ্গিও অনেকটা দায়ী।,Positive
test_id_1118,যাদের জন্য স্বাধীন হয়েছে সেই ভাতাভোগী সকল মুক্তিযোদ্ধারে ৩০ লাখ করে লোন দেওয়া হোক,Positive
test_id_1119,"নুতন করে যানজট বারাবেন না, এম্নিতেই নাকাল।",Positive
test_id_1120,আহা কি আনন্দ আকাশে এবং বাতাসে।,Positive
test_id_1121,প্রাইভেট সেক্টরের জবাবদিহীতা যদি পাবলিক সেক্টরেও থাকত তাহলে দুর্নীতি হত না।,Positive
test_id_1122,আহারে সরকারী চাকুরীজীবিরা কত্তো সুবিধা পায়,Positive
test_id_1123,আমি এর বিরোধিতা করছি।,Positive
test_id_1124,সেই চেষ্টাই করে যাচ্ছি দিনরাত। আল্লাহ ভরসা।,Positive
test_id_1125,এই চুক্তির ফলাফল কি?,Positive
test_id_1126,ছবিতে মাত্র সাতজন। আমি তো ভাবতাম আলীবাবার সাথে  জন থাকে,Positive
test_id_1127,জনগন চাই গ্রামীন এসএমসি করুক।।,Positive
test_id_1128,এ আর বলতে ? লজ্জা নাইত ভাই এদের। কি আর বলব।,Positive
test_id_1129,এ ধরনের অর্থ কেলেঙ্কারী হলে যে কোনো সভ্য দেশের অর্থমন্ত্রী নিজ থেকেই পদত্যাগ করত।,Positive
test_id_1130,যে ঘুমিয়ে থাকে তাকে জাগানো যায়,Positive
test_id_1131,দুর্নীতিবাজজ যেই হোক ছাড় দেয়া হবে নাদলীয় দলে আলোচনা স্বাপেক্ষে ব্যবস্থা।:),Positive
test_id_1132,"শিরোনামটা সুন্দর হয়েছে! দেখা যাক, দুদক বিড়াল থেকে বাঘ হতে পারে কিনা।",Positive
test_id_1133,উনি উন্নয়ন এর জোয়ার এ ভাসছেন।,Positive
test_id_1134,লজ্জা হয় না এখনো?,Positive
test_id_1135,দুদক চেয়ারম্যানের কাছে প্রশ্ন আর কী কী প্রমাণ দরকার এই চোরদের ধরতে?,Positive
test_id_1136,পাকিস্তানের অবকাঠামো উপমহাদেশে সবচেয়ে উন্নত।,Positive
test_id_1137,সৌদী যুবরাজ মুহাম্মদ বিন সালমান।বাদশাহ সালমান তার পিতা।,Positive
test_id_1138,পাক-সৌদি সম্পর্ক কল্যাণকর হোক সকলের জন্য।,Positive
test_id_1139,আদাবেপারি বিনিয়োগ বুঝবে কি ভাবে?,Positive
test_id_1140,শুভঙ্করের ফাঁকি। এটা চাই না। আগের রেট চাই।,Positive
test_id_1141,আগে ১৫ দিনে হলেও একবার রিচার্জ করতাম৷এখন থেকে সেইটাও বন্ধ করা লাগবে বুঝতেসি৷,Positive
test_id_1142,সর্বোচ্চ ৪৫ পয়সা করা উচিত ছিল। তাহলে তা শিরোনাম করার মতন হত।,Positive
test_id_1143,কল রেট সর্বোচ্চ পঁয়তাল্লিশ পয়সা এবং সর্বনিম্ন পঁচিশ পয়সা করা দরকার,Positive
test_id_1144,জনগনের কল্যাণের জন্য কলরেটের সর্বনিম্ন ৫ পয়সা। আর সর্বোচ্চ ১.৫০ টাকা। করার অনুরোধ করাছি।,Positive
test_id_1145,টাকার কোন বিকল্প নাই কথা কম হবে।,Positive
test_id_1146,এনআরবি কোনটি?এনআরবি ব্যাংক?এনআরবি গ্লোবাল ব্যাংক? নাকিএনআরবি কমার্শিয়াল ব্যাংক?,Positive
test_id_1147,বাংলাদেশ ব্যাংকের সাবেক গভর্নর আতিউর রহমান ওনার সময় গ্রাহকদের ব্যাংক এর উপর,Positive
test_id_1148,এই সংবাদ পড়ার পর ব্যংকে টাকা আছে এমন লোকেরা নিশ্চিত আতংকে থাকবেন।,Positive
test_id_1149,আমরা আশাকরি বাংলাদেশের মানুষকে ভালো মানের ভোগ্যপণ্য উপহার দিবে ইউনিলিভার ।,Positive
test_id_1150,সরকার সব করে কিন্তু স্বর্ন কেন বৈধ্য ভাবে আনার ব্যবস্থা করে না !,Positive
test_id_1151,ঋন কেন? গৃহই দেয়া হোক,Positive
test_id_1152,দেশ এগিয়ে যাচ্ছে।,Positive
test_id_1153,কে বলে বাংলাদেশ গরীব দেশ?আমাদের দেশের ব্যবসায়ীরাও এখন বিল গেটসের চেয়ে কম কিসে,Positive
test_id_1154,বিশেষ নিরীক্ষা খুবই প্রয়োজন বলে আমি মানে করি ।,Positive
test_id_1155,ঋণ নিতে ঘুষ ও অন্যান্য দুর্নীতি বন্ধ করতে পারলে খেলাপিঋণ ও কমে যাবে,Positive
test_id_1156,মায়া সান্তোস দেগুইতো হইলো গিয়া “বলির পাঠাঁ”,Positive
test_id_1157,ফিলিপিনস্ এর কাছে শেখার আছে।,Positive
test_id_1158,এটি বাংলাদেশের অন্যতম শ্রেষ্ঠ একটি ব্যবসায়িক প্রতিষ্ঠান যারা দীর্ঘদিন ধরে সুনামের সংগে ব্যবসা করছে।,Positive
test_id_1159,"বাংলাদেশে পারিবারিক রাজনৈতিক ব্যবসার অবস্থাও অনেক ভাল, সেটাই ছোয়া লেগেছে অন্য ব্যবসাগুলোতে",Positive
test_id_1160,তরমুজ আমার পছন্দের। আর সিলেটের গোয়াইন ঘাট অপরুপ স্থান।,Positive
test_id_1161,উনারা সমালোচনা করেন বলেই বাজেটে যা একটু জনস্বার্থ প্রতিফলিত হয় অন্যথায় যাচ্ছে তাই হতো ।,Positive
test_id_1162,সচিবদের গাড়ী কিনতে,Positive
test_id_1163,আমরা সবাই হাঙ্গেরি চলে যাই চলুন,Positive
test_id_1164,"তা আমাদের দেশ থেকে কোটিখানেক নিলে, দশ বসরে ও দেশটাকে ভরিয়ে দিতে পারবে।",Positive
test_id_1165,যে কোন ব্যাক্তি যোগদিতে পারবে.অামি কমিটিতে থাকতে চাই,Positive
test_id_1166,এটি স্বাধীনতা চিকিৎসা পরিষদের মতই,Positive
test_id_1167,"মালিক ৮ লাখ টাকা মুনাফা করবেন কারন তিনি মূলধন বিনিয়োগ করেছেন, যেটা শ্রমিক করেনি।",Positive
test_id_1168,দারাজের জন্য শুভ কামনা!,Positive
test_id_1169,রোহিঙ্গাদের জন্য আবার ঋণও নেয়া হচ্ছে,Positive
test_id_1170,"এই অর্জন আমাদের গর্ব, আমাদের অহংকার।",Positive
test_id_1171,তা হলে তো ফি বছর নির্বাচন হলে খুব ভালো হতো।,Positive
test_id_1172,পৃথিবীর সব দেশেই বাজেট নিয়ে নানামুখী আলোচনা হয় এতে অনেকে খুশি হয় আবার,Positive
test_id_1173,দেশে হরিলুট হলেও কোন সমস্যা নাই কারণ আমাদের অর্থমন্ত্রী বলেছেন এসবই রাবিশ ঘটনা।,Positive
test_id_1174,"দুনিয়া জখন কয়ালা থেকে মুখ ফিরিয়ে নিচ্চে দুযনের ভয়ে, আমাদের হয়ত ভাবা উচিত",Positive
test_id_1175,ঋণের সুদহার এক অংকে নামানো শুধু কঠিনই না আত্মঘাতি সিদ্ধান্তও বটে।,Positive
test_id_1176,আপনি কি এই কারনে অর্থমন্ত্রীর পদত্যাগ চান?,Positive
test_id_1177,এতক্ষণে অরিন্দম কহিল বিষাদে,Positive
test_id_1178,দায়িত্বটা আন্দালিবকে দেয়া হোক!,Positive
test_id_1179,দূনিিতি বাজ কে ফাসি দেওয়া দরকার,Positive
test_id_1180,দয়া করে অার্থ ও বানিজ্যিক দিক থেকে বোঝাবেন কি?,Positive
test_id_1181,উন্নয়নের জোয়ারে জাহাজও ভাসছে। ভাবতে ভালই লাগে।,Positive
test_id_1182,আমিও দাবি জানাচ্ছি যে শ্রমিকদের বেতন সর্বনিম্ন  না হলেও - হাজার হোক।,Positive
test_id_1183,ভিন দেশের ভাষা জ্ঞান লাভ করা অল্পশিক্ষিত শ্রমিকদের জন্য মোটেও সহজ কাজ নয়।,Positive
test_id_1184,দক্ষ জনশক্তি সৃষ্টি করতে হবে সবার আগে। তারপর এক্সপার্ট বিদেশে পাঠাতে হবে।,Positive
test_id_1185,ডিজিটাল হুন্ডি বন্ধ না হলে এই ধারা অব্যহত থাকবে,Positive
test_id_1186,গণিতে ফেল করা ছাত্রদের গণিতে আস্থা কম থাকে।,Positive
test_id_1187,আর কতদিন প্রবাসীদের বেচে খাবেন?,Positive
test_id_1188,যাচাই করুন সোনাটা খাঁটি কিনা?,Positive
test_id_1189,বঙ্গোপসাগর আসলে সোনার খনি।,Positive
test_id_1190,দেশের অর্থনীতির ১২টা বাজিয়ে এখন রংচং করা নোট নিয়ে আসছেন,Positive
test_id_1191,ভালো সিদ্ধান্ত সরকারের যেখানে,Positive
test_id_1192,আপনারা সত্যি দারুণ! সঠিক সময়ে সঠিক কথাটাই আপনাদের মাথায় আসে খুব!,Positive
test_id_1193,বাজেটে ইফেক্ট হবে কেন! বিদেশীকে বিদেশী সাহায্য দিয়েই প্রতিপালন করতে হবে।,Positive
test_id_1194,মিয়ানমারের কারণে না নিজেদের মানবতা দেখানোর কারণেই বাজেটে পরিবর্তন আনতে হবে,Positive
test_id_1195,দরিদ্রদের পাত্রের খাবার অন্যদের পাত্রে দেয়ার বন্দোবস্ত করা।,Positive
test_id_1196,রোহিঙ্গারা কি এদেশে সেন্ট মার্টিন দেখতে এসেছে ? সাম্প্রদায়িক জিগির তুলে তাদের নির্বাসিত করা হয়েছে।,Positive
test_id_1197,"আস্তে ক'ন, বিএনপি-জামায়তিদের গাত্রদাহ শুরু হবে।",Positive
test_id_1198,অভিনন্দন বাংলাদেশ। বাংলাদেশের প্রতিটি সুখবরই আমাদের জাতি হিসেবে আরও আত্মবিশ্বাসী করে।,Positive
test_id_1199,সত্য কথা বলেছেন সিদ্দিক ভাই।,Positive
test_id_1200,মূলধন বরাদ্দ ঘোষনাই সরকারী ব্যাংকগুলির বেপরোয়া লুটপাটের প্রেরণা।,Positive
test_id_1201,ব্যাংক লুটের টাকা নির্বাচনে আসবে তা বলতে লজ্জা লাগছে তাই কালো টাকা হিসেবে বলেছেন।,Positive
test_id_1202,সরকার পরিবর্তন হলে দুর্নীতির বিচার হবে,Positive
test_id_1203,হাজার,Positive
test_id_1204,দলীয় বিবেচনায় কেন নতুন ব্যাংকের অনুমোদন দিচ্ছেন। ব্যাংকের পরিচালনা পর্ষদে কেন দুর্নীতিবাজ লোককে নিয়োগ দিচ্ছেন?,Positive
test_id_1205,সরকার পরিবর্তন হলে দুর্নীতির বিচার হবে।,Positive
test_id_1206,দিন ক্ষন বছর লাগে নাকি,Positive
test_id_1207,"মোবাইলের ডাটা থে‌কে বাইক মূল্য নির্ধার‌নের এলা‌হি কারবার যে যার মত লাভ ওঠা‌চ্ছে, সরকার",Positive
test_id_1208,দাম আরও কমিনে আনা দরকার।,Positive
test_id_1209,বাইকের গুনাগুন নিয়ে সন্দেহ নেই কিন্তু দামের দিকটা বেশি গুরুত্ব পাবে আশা করছি।,Positive
test_id_1210,ভাল সংবাদ। এভাবেই বাংলাদেশ মাথা উঁচু করে বিশ্বকে জানান দেবে আমরা আসছি,Positive
test_id_1211,ধন্যবাদ হোন্ডা প্রাইভেট লিঃ।,Positive
test_id_1212,পরিবর্তন বিহীন আলোচনা [কার্যকর করা না হলে] অর্জন নয় রোদন ।,Positive
test_id_1213,নতুন পাঁচ পয়সার কয়েনের যে সাইজ তাতে নতুন কাগুজে নোটের অবস্থা ভালো হলেই হয়।,Positive
test_id_1214,সর্বত্র আজ ভোটের জন্য হাহাকারমাননীয় শিল্পমন্ত্রীসহ সংশ্লিষ্ট কর্মকর্তাদের উপলব্ধির জায়গা তৈরী হোক।,Positive
test_id_1215,এতো ভয়ানক অবস্থা,Positive
test_id_1216,"বাংলাদেশের গার্মেন্টস আসলে দরিদ্র, অসহায় ও প্রান্তিক মানুষদের শ্রম শোষণ ইন্ডাস্ট্রী।",Positive
test_id_1217,দৈনিকই এরকম একটা খুশির খবর চাই। জয় বাংলা।,Positive
test_id_1218,তাহলে বাজারে ডলারের দাম কমে না কেন?,Positive
test_id_1219,টাকার বিপরীতে ডলারের দাম বাড়াতে এমনটি হয়েছে।,Positive
test_id_1220,এরা আসবে তো তাদেরকে যথাযতভাবে ফেরৎ আনা ও সরকারের দায়িত্ব ।,Positive
test_id_1221,ভারতের ওয়ানটাইম গাড়ির গার্বেজে দেশ পূর্ণ হবার তালে।পরিকল্পনাগুলো সফল হোক।,Positive
test_id_1222,বাংলাদেশে এখন গাড়ি উৎপাদনের সময় এসেছে। কারন এখন বাংলাদেশের মধ্যবৃত্তের লোকেরা,Positive
test_id_1223,চালাবে কোথায় ? ঢাকার রাস্তায় জায়গা কোথায় ?,Positive
test_id_1224,ওইসব এলাকার,Positive
test_id_1225,"ব্যবসায়ীদের নিরাপত্তা দিতে হবে, সে যদি ফুটপাথের ব্যবসায়ীও হন।",Positive
test_id_1226,ওরা ত এমনিতেই বাড়ি বানাতে পারে বেসরকারি চাকরিজীবীদের জন্য কিছু করুন।,Positive
test_id_1227,পুরাটা ই গ্রাহকের জন্য যন্রনাদায়ক এবং ফলাফল শূন্য ব্যবস্হা।,Positive
test_id_1228,দেশের অর্থনীতির যা অবস্থা আপনাকে খুব বেশী চালাক লোক বলে মনে হয় না।,Positive
test_id_1229,একতরফা নির্বাচন কইরা নিজেরাই ।,Positive
test_id_1230,আপনাদের দলের,Positive
test_id_1231,হিরক রাজার মন্ত্রী নিজেকে খুব চালাক মনে হয়?????????????,Positive
test_id_1232,এখানেই বিএনপির পার্থক্য আওয়ামী লীগের সাথে। বাস্তবে উনারা ভুলে গেছেন ডিমেনশিয়া রোগীর মত.,Positive
test_id_1233,অর্থমন্ত্রী ঠিক বলেছেন ।,Positive
test_id_1234,বিগত নির্বাচনে অংশ গ্রহণ না করে বিএনপির কি লাভ হয়েছে ?,Positive
test_id_1235,ন‌িজ‌েকে খুব চালাক ভাব‌েন? ব্যাংক‌ের হাজার ক‌োট‌ি টাকা ল‌োপাট‌ের হ‌িসাবটা বুঝ‌িয়‌ে দেনত‌ো!,Positive
test_id_1236,একটি দল আপনাদের বেকুব বানিয়েছিল।,Positive
test_id_1237,সন্মান করা কবে শিখবেন?,Positive
test_id_1238,মালিকদের শোষনের মনোবৃত্তি থেকে বেড়িয়ে সুশাসন প্রতিষ্ঠায় মনোযোগ দেয়া জরুরী।,Positive
test_id_1239,শ্রমিক বান্ধব মন্ত্রীরা কই?,Positive
test_id_1240,আপনাদের চোখ অন্ধ হলে সঠিক মন্তব্য করবেন,Positive
test_id_1241,যোগ্য ব্যাংকারের অভাবে ভুগছে ইসলামী ও সরকারী ব্যাংকগুলি।,Positive
test_id_1242,শেখ হাসিনা সরকারের ধারাবাহিকতার ফলেই এটা সম্ভব।,Positive
test_id_1243,সিরিয়ার পরেই আমরা দ্বিতীয় প্রবৃদ্ধি অর্জনের ক্ষেত্রে!,Positive
test_id_1244,প্রবৃদ্ধি অর্জনে দ্বিতীয় হলে সমস্যা কি???????,Positive
test_id_1245,যশোরের গদখালীতে বাণিজ্যিকভাবে চন্দ্রমল্লিকা ফুলের চাষ বিক্রি হবে ৮০ হাজার চন্দ্রমল্লিকা দাম চার লাখ টাকা,Positive
test_id_1246,৫৩০০ টাকায় কি হয় এ ই বাজারে।আমার মতে ৮০০০+ করাউচিত।,Positive
test_id_1247,শেষ এবং টাকা উদ্ধার দেখার অপেক্ষায় আছি।,Positive
test_id_1248,"টাকাতো ফেরত আসবেই, টাকা আবার কোথায় যাবে কিন্তুকথা হল ব্যবস্থাপনা কতটুকু উন্নয়ন হল তাই দেখা",Positive
test_id_1249,তাহলে দার্জিলিং যেতে পারব সহজে।,Positive
test_id_1250,এত যোগাযোগের লাইনের সত্যিই কি দরকার আছে?,Positive
test_id_1251,দেশের বেশীর ভাগ ব্যাংকের এমডি ডিএমডি জিএম এজিএমরা,Positive
test_id_1252,"ভাল উদ্যোগ। সরকারী কর্মকর্তাদের জবাবদিহিতা বৃদ্ধি পাবে, আশা রাখি।",Positive
test_id_1253,দেশের অভ্যন্তরে কোন রাঘববোয়াল এবং বাংলাদেশ ব্যাংকের,Positive
test_id_1254,"বাংলাদেশ ব্যাংকের তদন্ত রিপোর্টে কী আছে, জানতে চাই।",Positive
test_id_1255,আগে নিজের ঘরের চোর ধরেন জাতি দেখতে চায় !,Positive
test_id_1256,মাতৃত্বকালীন ভাতা কার্যক্রম ব্যাংক এশিয়ার মাধ্যমে শুরু হওয়ায় আন্তরিক ধন্যবাদ শেখ হাসিনার সরকার কে।,Positive
test_id_1257,"বাজেটে ভাতা বাড়ছে মুক্তিযোদ্ধা, বয়স্ক, প্রতিবন্ধী, বিধবা, হিজড়া, বেদে, অনগ্রসর জনগোষ্ঠী ও দরিদ্র মায়েদের।",Positive
test_id_1258,অবশেষে! ভালো খবর।,Positive
test_id_1259,অবশ্যই আয়ের উপর ট্যাক্স দেয়া উচিত,Positive
test_id_1260,এখানে ট্যাক্স না ভ্যাটের কথা বলাহচ্ছে।,Positive
test_id_1261,ভাই! রাশিয়ান প্লেন আমারতো ডর করতাছে,Positive
test_id_1262,ফেসবুকে এদের ব্যাপক বিচরণ,Positive
test_id_1263,মারহাবা!,Positive
test_id_1264,গরুর পরিমান বেড়েছে এটা ভাল খবর। কিন্তু ছাগলের পরিমান আগেও বেশি ছিল।,Positive
test_id_1265,এটি খুবই প্রশংসনীয় উদ্যোগ।,Positive
test_id_1266,সমুদ্রগামী কোনো জাহাজ জেটিতে ভেড়ানোর জন্য প্রথমে দরকার হয় জাহাজ চলাচলের নৌপথ।,Positive
test_id_1267,"পায়রা বন্দরের ৫ বছরের অসমাপ্ত কাজ সমাপ্ত করার সুযোগ নিন, নৌকা মার্কায় ভোট দিন।",Positive
test_id_1268,আমার হাতে এখনও অনেক সময় বাকি আছে,Positive
test_id_1269,"কিছু করার নাই, আমার হাতে সময় আছে????",Positive
test_id_1270,এটা কি সব সিম এর ক্ষেত্রে প্রযোজ্য????না শুধু গ্রামীণফোন???,Positive
test_id_1271,ইন্ডিয়ার পজিশনটা কি?,Positive
test_id_1272,আমরা উৎসব প্রিয় জাতি। তাই অত আগপিছ ভাবিনা। তা ছাড়া সামনে নির্বাচন।,Positive
test_id_1273,সামান্য মানে? এসবই এখন আওয়ামী লীগের অন্ধের যষ্ঠী!,Positive
test_id_1274,গরিবের অভ্যেস হল ধার দেনা করা। জয় বাংলা।,Positive
test_id_1275,ধার দেনা করে হলেও আমরা কিন্তু ঘৃত খাবো। ঋণের আগুনে আত্মাহুতি দিলেও ঘৃতাহুতি দেবো না।,Positive
test_id_1276,বাংলাদেশের অর্থনৈতিক উন্নয়নের জন্য চীনের মত দেশের,Positive
test_id_1277,বাজারে আগুন লাগলে ৯৯৯ - এ কল করুন।,Positive
test_id_1278,চাঁদপুরের ইলিশ বলে কথা,Positive
test_id_1279,"এখানে প্রবৃদ্ধির কথা বলা হয়েছে, প্রবৃদ্ধির সাথে অর্থনীতির আকারের কোন সম্পর্ক নেই।",Positive
test_id_1280,বিস্তারিত ব্যাখ্যা করলে কৃতার্থ হই?,Positive
test_id_1281,যাদের অর্থনীতির আকার ছোট তাদের জিডিপি বেশি হলেও অন্যদের চেয়ে কমই থাকে।,Positive
test_id_1282,খুশিতে বাক বাকুম!,Positive
test_id_1283,এই তালিকায় বাংলাদেশ আপনার পেয়ারে পাকিস্তান চেয়ে উপরে কেমনে হল?!,Positive
test_id_1284,নারী অধিকার ঠিকই পশ্চিমে প্রতিষ্ঠা পাবে,Positive
test_id_1285,সাধু সাবধান! শ্রমিক ন্যায্য মজুরী পাক আমরা সবাই চাই। কিন্তু এই সব,Positive
test_id_1286,আলহামদুলিল্লাহ্‌ আমাদের এই ছোট্ট ফুলের বিদ্যালয় টা আরো এগিয়ে যাক সগৌরবে।,Positive
test_id_1287,অভিনন্দন লিটল ফ্লাওয়ার ইন্টারন্যাশনাল স্কুল। আগামী দিনেও এই সাফল্য ধরে রাখবে ইনশাআল্লাহ,Positive
test_id_1288,কমিশন হবে কি করে?,Positive
test_id_1289,কমিশন করেই বা কি লাভ ?ব্যাংকে তো কোন টাকা নাই,Positive
test_id_1290,জেলা কৃষি সম্প্রসারণ কর্মকর্তা নয় উপ পরিচালক হবে।,Positive
test_id_1291,আশাকরি বাজার আবারও চাঙ্গা হবে।,Positive
test_id_1292,ফেব্রুয়ারী থেকে নয় কেন? বি-বি ও ব্যাংকগুলি কি মাত্র অর্থনৈতিক বছর হিসেবে কার্যকরী?,Positive
test_id_1293,"মানুষের এত সম্পদের কী দরকার! সম্পদ ছাড়া আছি, পরিশ্রম করি, সুখেইতো আছি। সকল প্রসংশা আল্লাহর।",Positive
test_id_1294,তথ্য প্রযুক্তিকে ব্যবহার করেই এদের অধিকাংশই ধনী হয়েছে। যা এসময়ের বাস্তবতা।,Positive
test_id_1295,ম্যানিলা এই ঘটনার বিচার করে বাংলাদেশকে বরং অস্বস্তিতে ফেলে দিলো।,Positive
test_id_1296,"যার বিয়ে তার খবর নাই, পাড়াপড়শির ঘুম নায়।",Positive
test_id_1297,বাংলাদেশের কেউ জড়িত কি নাতাদের নাম কই?,Positive
test_id_1298,এই ব্যাংকগুলোতে লোকসান হলে ফারমার্স ব্যাংকের মতো সাহায্য করতে তো দেশের কেন্দ্রীয় ব্যাংক আছেই।,Positive
test_id_1299,পৃথিবীর কোনো সভ্য দেশে এতো ব্যাংক নাই,Positive
test_id_1300,এর পরও দেশ এগিয়ে জাচ্চে।।আফগানিস্তান ও আমাদের থেকে এগিয়ে,Positive
test_id_1301,এ কথা তো বিগত ১০ বছর থেকে শুনছি,Positive
test_id_1302,সরকারী চাকুরিতে প্রবেশের বয়সসীমা বাড়ানো উচিত ।,Positive
test_id_1303,দামি ইউনিভার্সিটিতে পড়ার যোগ্যতা সবার থাকেনা।,Positive
test_id_1304,ছোটোদের মারতে ওস্তাদলোক,Positive
test_id_1305,"বিনা পয়সা কত জন পায়, আগে এটাকে নিশ্চিত করেন",Positive
test_id_1306,"বিদ্যুত দিয়ে কি হবে, ৯৫%এর বিএনপিওয়ালারাতো হাওয়াভবনের লোডশেডিং আমলই ভালবাসে।",Positive
test_id_1307,অনেক দিন আগে ৮০টাকা দরে ৩ কেজি পিয়াজ কিনে,Positive
test_id_1308,"যদি আপনি জানতেন তিনি কি ধরনের ব্যক্তি, তখন আপনি তার উদাহরণ দিতেন না !",Positive
test_id_1309,আপনারা আর,Positive
test_id_1310,একজন দেশ চালাতে পারেনা। এটা টিম ওয়ার্ক। যেখানে জন প্রিয় যেকেউ থাকতে পারে।,Positive
test_id_1311,"দৃষ্টি অন্যদিকে সরানোর যে খুব দরকার, এটি কি সেরকম ই কোনো প্রয়াস?",Positive
test_id_1312,কার ভয়ে দৃষ্টি অন্য দিকে ফেরানো দরকার ? ওরাইতো ভয়ে আছে!,Positive
test_id_1313,গামেন্টসগুলো বন্ধ হলে তখন বুঝবে। ওদিকে ক্রেতারা মেক্সিকো আর টুরকির দিকে ঝুকছে।,Positive
test_id_1314,ফ্রিল্যান্সারদের পোয়াবারো।,Positive
test_id_1315,৬৬ তম হয়ে পাস করেছি। মিস্টি বিতরণ করা হোক।,Positive
test_id_1316,ব্যাংক চার্জের হার কমানো হোক,Positive
test_id_1317,আরো এ‌গি‌য়ে যাক,Positive
test_id_1318,কোন ব্যাংক থেকে এ ঋণ পাওয়া যাবে। আর কাগজপত্র বা কি লাগবে।,Positive
test_id_1319,সরকার এসব পরে বোঝে। এখনই বুঝলে ভালো।,Positive
test_id_1320,তাতে কি হয়েছে! আমরা দুর্নীতিতে যে এওয়ার্ড পাই!,Positive
test_id_1321,"বেতন বৃদ্ধি দরকার নাই, জিনিসের দাম কমান",Positive
test_id_1322,মাত্র ৬ হাজার ৩৬০ টাকা,Positive
test_id_1323,মজুরি বোর্ডের শুধু মালিকদের নয় শ্রমিকদের কথাও ভাবতে হবে।,Positive
test_id_1324,আমরা সবসময় সমালোচনা করি?এবার নাহয়?মনোভাব একটু পরিবর্তনকরি।,Positive
test_id_1325,আমাদের টাকা নিয়ে নয় ছয় খেলবেন না প্লিজ।,Positive
test_id_1326,মানি লন্ডারিংয়ের গোল্ডেন গেইটওয়ে হয়ে যাচ্ছে নাকি এই অফশোর ব্যাংকিং তা সময়েই বলে দেবে,Positive
test_id_1327,বাংলাদেশ নাকি খাদ্যে স্বয়ংসম্পূর্ণ? এতদিন আমরা কী শুনে এসেছি? কে মিথ্যা তথ্য দিচ্ছেন?,Positive
test_id_1328,উন্নয়নের গনতন্ত্রে ভাওতাবাজিই শেষকথা।,Positive
test_id_1329,জাপান চীনকে,Positive
test_id_1330,কিছু লোকের জন্য তো বিরাট অর্থনৈতিক স্বাধীনতা যেমনঃ ঋন খেলাপীরা।,Positive
test_id_1331,বিএনপির জন্য আরও একটি হতাশা!,Positive
test_id_1332,"ভারত পাকিস্তানের মতো দেশ নয়, সুইজারল্যান্ড নেদারল্যান্ডসকে রোল মডেল ধরে এগোতে হবে বাংলাদেশকে।",Positive
test_id_1333,বড় বিনিয়োগকারীদের সঞ্চয়পত্র কিনতে দেবে না সরকার,Positive
test_id_1334,বড় বিনিয়োগকারীদের সঞ্চয়পত্র কিনতে দেবে না সরকার কিন্তু ব্যাংক লুটপাট এর সুযোগ তো থাকছেই ।,Positive
test_id_1335,গরিব মানুষের আর অভিশাপ নিয়েন না,Positive
test_id_1336,"ডেভেলপাররা ভালো কাজ করলে মেলার প্রয়োজন হবেনা, ক্রেতারাই তাদের পিছনে দৌড়াবে ?",Positive
test_id_1337,সাধারণ মানুষকে সঞ্চয়পত্র কিনতেই দেওয়া হচ্ছে না,Positive
test_id_1338,সাধারণের লাভ কি? সুধু ভোট নাওয়ার সময় নিতি নির্ধারকদের সাধারণের কথা মনে পরে।,Positive
test_id_1339,কয়েকটি বানান ভুল আছে।,Positive
test_id_1340,এক কনটেইনার পিয়াজের মূল্য কত হতে পারে???,Positive
test_id_1341,২ মাস কন্টেনারে পরে থাকা আপেল তো গরমে সেদ্ধ হয়ে যাওয়ার কথা।,Positive
test_id_1342,এইসব নিলাম সিন্ডিকেটের লোকজন ইচ্ছাকৃত ভাবে ঘটিয়ে থাকে,Positive
test_id_1343,গুরুত্বপূর্ণ কিছু তথ্য পাওয়া গেলো। ধন্যবাদ।,Positive
test_id_1344,রেল লাইনের বস্তিতে যারা বাস করে তাদেরও কি তাই।,Positive
test_id_1345,৫ জি কবে আসবে ?,Positive
test_id_1346,সামনে নির্বাচন এখন না বাড়াইলেই ভালো,Positive
test_id_1347,শেয়ার মার্কেটে এসব কোম্পানির দাম বাড়ানোর জন্যই কী এই উদ্যোগ নেওয়া হলো!?,Positive
test_id_1348,প্রথমে আমাদের মানসিকতা বদলাতে হবে,Positive
test_id_1349,পড়াশোনা শেষ করে বিয়েটা করে ফেললেই হয় আর বেকার থাকার সুযোগ নাই।,Positive
test_id_1350,বেসিক ব্যাংকের টাকা যারা আত্মসাৎ করল তাদের ব্যাপারে সংসদে আলোচনা হওয়া উচিত?,Positive
test_id_1351,অর্থমন্ত্রী আসলে এখন আর কোনোকিছুতে খেই রাখতে পারেন না। উনার উচিৎ অবসর নেওয়া।,Positive
test_id_1352,এনবিআরের কর্মকর্তাদের সম্পদের হিসাব তদন্তের জন্যে আলাদা সার্চ কমিটি করা উচিত ।,Positive
test_id_1353,কারখানা খুব লাভ করেছে এই অজুহাতে আবার বেতন বাড়ানোর দাবি তুলবে না তো ?,Positive
test_id_1354,একটা প্রশংসনীয় পদক্ষেপ।,Positive
test_id_1355,বিশেষজ্ঞ অর্থনীতিবিদদের মতামতকে থোড়াই কেয়ার করে,Positive
test_id_1356,উন্নয়নের মহা সড়কে? ???????,Positive
test_id_1357,উন্নয়নের জোয়ারে ভাসছি আমরা গো!,Positive
test_id_1358,"মাননীয় প্রধানমন্ত্রী, এই অনিয়ম ঘটতে দিবেন না। আপনি জাতির শেষ আশা।",Positive
test_id_1359,সাধারণ আমানতকারীদের সাবধান হওয়া প্রয়োজন।,Positive
test_id_1360,ভালো তো। বালি কি খারাপ‌।,Positive
test_id_1361, সরকার: দুর্নীতি বন্ধে সহায়তা করুন।,Positive
test_id_1362,উড়াল সড়ক না করে উড়াল ট্রেন করেন।,Positive
test_id_1363,নিম্নবিত্ত বা গরিব বুঝুক না আরেকটু বুঝুক ১০ টাকা কেজি চাল খাক। আমিও খাই।,Positive
test_id_1364,বিরোধীদল না আমাদের মত মধ্যবিত্ত বারোটা বাজিয়ে বুকে ঝালা ধরিয়ে দিয়েছেন,Positive
test_id_1365,এসব ওদের মনগড়া কথা। শেখ হাসিনার নেতৃত্বে দেশের মানুষ এখন অনেক বড়লোক হওয়ার পথে আছে।,Positive
test_id_1366,এই জন্যই বলি যা উন্নয়ন হচ্ছে তা পকেটের।,Positive
test_id_1367,তাই তো শুনছিলাম।এখন দেখছি ষোল আনাই মিছে।,Positive
test_id_1368,"যাক বাবাআমরা বন্ধু দেশের সাথে আছি, বন্ধু দেশ আমাদের সাথে আছে",Positive
test_id_1369,এদেশে নাকি কোন গরিব নাই ?,Positive
test_id_1370,ফকির নাই বলেনি।,Positive
test_id_1371,"রাজন ভাই ভুলে একটা লাইক দিছি, একটা কম ধইরেন।",Positive
test_id_1372,বন্ধু দেশের কথা শুনলে তো মনে হয় ওখানে সবাই কোটিপতি,Positive
test_id_1373,"ওরা সব লুটে নিয়ে যাচ্ছে, অনেক দেরী হলেও সিদ্ধান্ত সঠিক ।",Positive
test_id_1374,অভিনব উদ্যোগ!,Positive
test_id_1375,ইংরেজরা মসলিনের নকল তৈরি করেছিল যা প্রকৃত মসলিনের চেয়ে অনেক সস্তা ছিল। এটা একটা কারন।,Positive
test_id_1376,কোয়ান্টাম ইলেক্ট আর্ক ফার্নেস ঠিক কি ভাবে স্টিল কেয়ালিটি উন্নত করে তা বররে ভাল হতো।,Positive
test_id_1377,অনেক ভাল উদ্দ্যোগ । শুভ কামনা ।,Positive
test_id_1378,অত‌ি ল‌োভ‌ে তাতি নষ্ট,Positive
test_id_1379,আগামী বছর দেখবেন সবাই পেঁয়াজের চাষ করে এমন উৎপাদন করবে যে আবার লোকসানে পরবে।,Positive
test_id_1380,"অর্থনৈতিক মঞ্চের প্রয়োজনে ক্রিকেটারের ব্যবহার', বিশ্ব অর্থনীতি গবেষকদের গবেষণার বিষয় হতে পারে।",Positive
test_id_1381,আমাদের মত লোকদের ব্যক্তিগত তথ্য দিয়ে ফেসবুক আর কি বা,Positive
test_id_1382,পাটা-পুতার ঘষাঘষি মরিচের জান শেষ।। বাংলাদেশ ব্যাংক আর সোনালি ব্যাংকের মারামারিতে সাধারণ আমানতকারীদের জান শেষ।।,Positive
test_id_1383,খুবই ভালো উদ্যোগ ।,Positive
test_id_1384,চাঊল রপ্তানির দেশ আমদানী শুরু করলদেশের অবস্থা যে ভয়াবহ তা আর বলার নেই.,Positive
test_id_1385,"এটা হোলো দেশের সর্বনাশ করছে যারা তাদের খবর, সাধারণ জনগনের জন্য নয়",Positive
test_id_1386,ভাল উদ্যোগ। স্বাগতম।,Positive
test_id_1387,"অবাধে ব্যাঙ্ক লুটপাট আর রিজার্ভ খোয়া যাওয়ার মত অসামান্য উন্নয়নের প্রচার করতে হবে তো, নাকি?",Positive
test_id_1388,এরা ব্যাংক লুটেরা লীগ নামে একটি নতুন দল করলেই পারে,Positive
test_id_1389,অর্থমন্ত্রীর পদত্যাগই একমাত্র সমাধান।,Positive
test_id_1390,তবু যদি কোন ভাল নির্দেশনা আসে তাহলে জনগন বেঁচে যায়।,Positive
test_id_1391,বাংলাদেশের বাজেটের সমুদয় অর্থ ভর্তুকি দিলেও ব্যাংকগুলির সচ্ছলতা ফিরে আসবে না। কারণ ভর্তুকি,Positive
test_id_1392,দুর্নীতিবাজদের মাঝে ভয়ের সৃষ্টিই দুর্নীতি দমনের সর্বোত্তম পন্থা।,Positive
test_id_1393,গাড়ী বাবদ খরচকৃত সকল টাকা সুদে-আসলে ফেরৎ নেওয়া হোক। এবং আইন অনুযায়ী সাজা দেওয়া হোক,Positive
test_id_1394,এই সব দূর্নীতিবাজদের নিয়ে অস্ত্র উদ্ধারে নামা হউক,Positive
test_id_1395,আমার মতে এতে দেশের ভালোই হচ্ছে।,Positive
test_id_1396,রিজার্ভের টাকা হাওয়াইসলামী ব্যাংকের টাকা হাওয়া,Positive
test_id_1397,"মেধা লাগে ব্যাংক চালাতে, ডাকাতি আর ব্যাংক চালানো এক কথা নয়",Positive
test_id_1398,যে গরু দুধ দেয় তার লাথিও ভাল।,Positive
test_id_1399,দেশে বিনিয়োগ বান্ধব পরিবেশ তৈরির উজ্জ্বল দৃষ্টান্ত হয়ে থাকবে।,Positive
test_id_1400,বিএনপি জামাতি আমলে এদেশ আফ্রিকা থেকে কোন অংশে কম ছিলনা।,Positive
test_id_1401,সবসময় বড় গলা।,Positive
test_id_1402,সরকার বিদেশী বিনিয়োগ ও প্রবৃদ্ধি বাড়াচ্ছে !,Positive
test_id_1403,আহা,Positive
test_id_1404,জামাতি উন্নয়নের চেয়ে এটুকু আর্থিক অবনোমন অনেক শ্রেয়।,Positive
test_id_1405,আমার টাকা তুলে ফেলবো!,Positive
test_id_1406,কে উপকৃত হচ্ছে টা জিজ্ঞেস করতে হয়? এটা সবাই বোঝে!,Positive
test_id_1407,চ্যালেঞ্জ সত্ত্বেও বাংলাদেশে অন্য যেকোনো খাতের চেয়ে পোশাকশিল্প সম্ভাবনাময়।,Positive
test_id_1408,দেশের টাকা অর্থহীন ভাবে এবং কাল্পনিক স্বপ্নের পিছনে খরচ না করলেই ভালো।,Positive
test_id_1409,এরকম জনগণের কল্যাণ বিহীন উন্নয়ন আমরা চাই না জনাব।,Positive
test_id_1410,"ভুল তথ্য! গত দশ বছর ধরে দেশ এগিয়ে যাচ্ছে আলোর গতিতে, ডিজিটাল পঙ্খিরাজ ঘোড়ায় চড়ে",Positive
test_id_1411,অত্যন্ত সুন্দরভাবে নিউজটি ফুটিয়ে তুলেছেন। ধন্যবাদ প্রথম আলো।,Positive
test_id_1412,নতূন অর্থমন্ত্রী কি রিপোর্ট প্রকাশ করবেন?,Positive
test_id_1413,"দেশেও মামলা দেন। শুধু রিজার্ভ চুরিই না, অন্যান্য ব্যাংক এবং শেয়ারবাজার কেলেংকারীর বিরুদ্ধে মামলা দেন।",Positive
test_id_1414,নিজের ঘরের হয়না খবর কি করতে যাও দিল্লি লাহোর,Positive
test_id_1415,"সবকিছু শুধুই মিথ্যাসব লোক দেখানো, সাধারণ মানুষ সব বোঝে, সব।",Positive
test_id_1416,অচিরেই এই সমস্যার সমাধান দরকার।,Positive
test_id_1417,বিড়ালের গলায় ঘন্টা বাধবে কে?,Positive
test_id_1418,সরকারের সুহৃদদের শাস্তি চাওয়া যায় না।,Positive
test_id_1419,এখন সরকার চাইলেই হয়,Positive
test_id_1420,ব্যাংকলুটেরারা হচ্ছে নব্য রাজাকার,Positive
test_id_1421,প্রবাসী কর দিতে যাবো কেন। সরকারের উচিত প্রবাসীদের কর দেওয়া,Positive
test_id_1422,"এটি শুধু সরকারি অর্থের অপচয় নয়, দুর্নীতিকেও উৎসাহিত করে।",Positive
test_id_1423,এই বিধান প্রতিযোগীতা কে ধ্বংস করে সিন্ডিকেট বানিজ্যকে সুবিধা করে দিবে।,Positive
test_id_1424,ব্যাংক খাতে খেলাপি ঋণই বড় সমস্যা বলে মনে করেন অর্থমন্ত্রী আবুল মাল আবদুল মুহিত।,Positive
test_id_1425,"এটা শুধু মন্ত্রনাণয় না, এটা দেশের প্রধান সমস্যা।",Positive
test_id_1426,ব্যাংকগুলোতে এ যাবৎকালের সবচেয়ে নাজুক অবস্থা বিরাজ করছে: খোন্দকার ইব্রাহিম খালেদ,Positive
test_id_1427,সে নিজেই ফার্মার্স ব্যাংকের অনিয়মে জড়িত।,Positive
test_id_1428,"খাওয়া-দাওয়া শেষ হয়েছে, এবার গোটা খাতটিই বন্ধ করে দিন।",Positive
test_id_1429,সংস্কারের রূপরেখা কেমন হবে?,Positive
test_id_1430,সাধারণ মানুষের জীবন মানও কমেছে ।,Positive
test_id_1431,তার মানে নামবে শিঘ্রই।,Positive
test_id_1432,আপনার সাথে একমত পোষন করছি।,Positive
test_id_1433,কারখানা বন্ধ করা কোন সমাধান নয়- বরং আলোচনা করে সমাধান করা যায় ।,Positive
test_id_1434,"কারখানা বন্ধ করা কোনো সমাধান নয়, শ্রমিকদের অভিযোগগুলো খতিয়ে দেখে ব্যবস্থা নেয়া হোক!",Positive
test_id_1435,বিজিএমইি আর সরকার এক হয়ে গেলে।যায় হয়,Positive
test_id_1436,এতে কী জাতীয় অর্থনীতির ক্ষতি হবে না? ব্যবসায়ীদের নিজেদের ক্ষতির কথা বাদই দিলাম।,Positive
test_id_1437,এভাবে কয়টা বন্ধ করবে?,Positive
test_id_1438,এভাবেই,Positive
test_id_1439,লন্ডনে বেনিফিট খাওয়া বন্ধ করে দেশে এসে কাজ করে এগিয়ে নিয়ে যান।,Positive
test_id_1440,এটা ভালো হয়েছে। ঢাকায় বিলাসীতার চরম মূল্য আদায় করা উচিৎ।,Positive
test_id_1441,৩০লাখ টাকা আয় করলে সাড়ে ৭লাখ টাকা কর দিতে হবে।এটা আসলেই বেশি হয়ে যায় না?,Positive
test_id_1442,যেমন ইনকাম তেমন ব্যয় সমস্যা নেই।,Positive
test_id_1443,শুভংকরের ফাকিটা হচ্ছে ' নিজ নামে',Positive
test_id_1444,কোথায় যে যাচ্ছে দেশ আল্লাহ পাক ভালো যানেন?,Positive
test_id_1445,দায় বাংলাদেশ ব্যাংকের ঘাড়ে চাপানো হচ্ছে !,Positive
test_id_1446,ভারত কে নিশ্চয় নাম মাত্র মুল্যে জমি দেয়া হচ্ছে,Positive
test_id_1447,সম্মানিত তোফায়েল আহমেদের বাণিজ্য মন্ত্রালয়ের দায়িত্বে থাকা কতটা বাস্তবসম্মত সেটাও একটা ভাববার বিষয়।,Positive
test_id_1448,বিএনপিকে ভোট দিলে চালের কেজি ১০ টাকা হবে?,Positive
test_id_1449,নাম প্রকাশে অনিচ্ছুক - খুবই রিজনেবল কথা!,Positive
test_id_1450,প্রশংসার দাবী করতে পারেন ভাই আপনার লেখনির জন্য।,Positive
test_id_1451,১০ টাকায় চাল বিনামুল্যে সার,Positive
test_id_1452,আপনি দেশের ৫% পারসেন্ট এরও কম লোকের উদাহরণ দিয়ে নিজের বিবেকবোধ এর পরিচয় দিলেন?,Positive
test_id_1453,১০ টাকা কেজি চালের নির্বাচনী ওয়াদা দেওয়ার সময় কি মনে হয় নি?,Positive
test_id_1454,তাহলে আপনাদেরকে ভোট দেব কোন দুঃখে।,Positive
test_id_1455,তাহলে এই বছর আর ১০ টাকা কেজির চালের রুপকথা শুনতে হবেনা,Positive
test_id_1456,নাম প্রকাশে অনিচ্ছুক ভাই ঐ ৫ শতাংশের অন্তর্ভুক্ত। তাই বিবেকবোধ সামান্য লুজ হয়ে আছে।,Positive
test_id_1457,এটা হচ্ছে সময়ের গুরুত্বপূর্ণ সিদ্ধান্ত।,Positive
test_id_1458,সিরাজগঞ্জ থেকে বগুড়া সরাসরি রেলপথ চাই।,Positive
test_id_1459,"আমেরিকার ভূমিকা সব জায়গায় নেতিবাচক, তার পররাষ্ট্রনীতি অপরাধমূলক !",Positive
test_id_1460,এত ব্যাংক দিয়ে কি করব আমরা?,Positive
test_id_1461,অগ্রণী ব্যাংকের এমডি স্যারের মত সুযোগ্য একজন মানুষ কে দরকার,Positive
test_id_1462,এই দেশের লূটপাটকারীদের সাজা অপসারন পর্যন্ত। লূটপাটকারীরা লূটের,Positive
test_id_1463,"এধরণের অন্তত আরও ২০-৩০টি হেলিকপ্টার দরকার বিজিবির জন্য, এই মূহুর্তে।",Positive
test_id_1464,মাত্র ২টি হেলিকপ্টার?,Positive
test_id_1465,এগুলি লুটে পুটে নিলেই তো লেঠা চুকে যায়। খেলাপি হবে এমন লোক খুজে,Positive
test_id_1466,একসময়ের ৫ টাকার রিকশা ভাড়া এখন ৩০ টাকা।,Positive
test_id_1467,চালের মূল্যবৃদ্ধির কারণে সোয়া কোটি হতদরিদ্র বিপদে পড়লেও সরকারের অসুবিধা নাই।,Positive
test_id_1468,"বিশ্ববাজারে চালের দাম তলানিতে ঠেকলেও, আমাদের স্থান শীর্ষেই থাকবে কারন আমাদের যে ভোটাধিকার নাই।",Positive
test_id_1469,কার টাকা কে অবলোপন করে??,Positive
test_id_1470,ক্ষমতা কি কেউ সহজে ছাড়তে চায়? ৩০ ডিসেম্বর অনেকের ক্ষমতার স্বাদ মিটিয়ে দেবে বাংলার জনগণ।,Positive
test_id_1471,ওনাকে আজিবন সদস্য বানালেই হয়।,Positive
test_id_1472,ওনার দোষ কী? এটা তো আমাদের জাতীয় ব্যধি।,Positive
test_id_1473,এই সমস্ত লোকের জন্য আজ গণতন্ত্র মুখ থুবড়ে পড়ে আছে।,Positive
test_id_1474,তাজরিনের পুড়ে যাওয়া শ্রমিকের বিপক্ষে তার আস্ফালন দেখেছি।,Positive
test_id_1475,জনাব ওয়েগাপিতিয়ার মন্তব্য শুনে মনে হচ্ছে যে দেশে এল-পি-জি সেক্টরে প্রতিযোগিতা কঠিনতর হতে শুরু হয়েছে।,Positive
test_id_1476,দেশে বিনিয়োগ বা বাৎসরিক লাভের কিছু পার্সেন্টজ বিদেশে বিনোয়োগ করলে ক্ষতি কি?,Positive
test_id_1477,সব জায়গাতেই বিনা প্রতিদ্বন্দ্বিতার একটা আমেজ লক্ষ্য করা যাচ্ছে। আসলে এর মজাই আলাদা।,Positive
test_id_1478,মজুতদারদের উচিত শাস্তি হয়েছে।,Positive
test_id_1479,আন্দালিব সাহেবের!উপর আস্থা রাখুন। উনি সরকারের।,Positive
test_id_1480,সব বুঝি তয় কমু না।দেহি পরে কি হয়।,Positive
test_id_1481,ব‍্যংক খালি আবার আমরা উন্নত হচ্ছি,Positive
test_id_1482,আন্দালিব স্বপ্ন দেখা ভালো,Positive
test_id_1483,"পাবলিকের ব্যাংকের প্রতি আর ভরসা নাই, এমনে খাইলে কেমনে থাকবো !",Positive
test_id_1484,আরব-আমিরাতের শ্রমবাজার এখনও খোলেনি।,Positive
test_id_1485,সম্ভবত ২ ৩ মাস পুর্বে রিপোর্ট করেছিলেন বিদেশী রেমিটেন্সে ধস আবার আপনারাই আমাদের খুশীর সংবাদ দিলেন,Positive
test_id_1486,চেতনার বড়ি,Positive
test_id_1487,"তেলার মাথায় তেল, গরীবের মাথায় বেল !",Positive
test_id_1488,মধ্যবিত্তের আর দরকার নেই! সবাই উচ্চবিত্ত হয়ে যান!,Positive
test_id_1489,মধ্যবিত্ত দের আজীবন যুদ্দ্ব করেই চলতে হবে,Positive
test_id_1490,আলু কি রপ্তানীর কোন সুযোগ নেই?,Positive
test_id_1491,"মানুষ অল্টার্নেটিভ খুঁজতেছে, এখন আলু কম খাইতেছে।",Positive
test_id_1492,"অন্যান্য খরচ তো দেখছি সব খরচের বেশি। খরচ টা কমান, গ্রাহকদের প্রতি একটু দয়া করুন।",Positive
test_id_1493,ভালোতো ভালোনা!,Positive
test_id_1494,"ম খা আলমগীর স্যারকে এ জন্য উপাধি, পদবী এবং সনদপত্র প্রদান করা হোক-দুদকের পক্ষ থেকে।",Positive
test_id_1495,দেশি ব্র্যান্ডের ফোনগুলোর মান কেমন সেটা আগে নির্ণয় করা জরুরি।,Positive
test_id_1496,কোটিপতিদের তালিকায় আমার নাম কই,Positive
test_id_1497,এই আইনটি কি শুধুই সাধারণ কর্মচারীদের জন্য নাকি আমলারাও এর আওতায় আসবেন?,Positive
test_id_1498,ইনি একেক সময় একেক কথা বলেন।,Positive
test_id_1499,এখন আর সোনালী ব্যাংকের সাথে কোন পার্থক্য থাকবে না।,Positive
test_id_1500,"এক ব্যাংকার ভাই বললো, সরকার ইসলামী ব্যাংকে ধরে, খেয়ে, ছেড়ে দিয়েছে।",Positive
test_id_1501,"আওয়ামী লীগের উচিত এমন কিছু ট্রাস্ট, মেডিকেল সেন্টার, ব্যাংক বীমা চালু করে জনগণের সেবা করা।",Positive
test_id_1502,সবাইকে তুষ্ট করার ভোটের বাজেট'-মানে কি?,Positive
test_id_1503,সবাই তুষ্ট হলে আপনার সমস্যা কোথায়?,Positive
test_id_1504,আমাদের দেশে বিদ্যুৎ চালিত গাড়ী বা বাইকের রুট পারমিট আছে কি?,Positive
test_id_1505,"গাড়ি কি তৌড়ি হয়ে গেছে ? রিপোর্ট টা কেমন যেন
 ,আমাদের দেশের সোনার সন্তানরা কই",Positive
test_id_1506,আমেরিকা ও ইসরায়েলের ভূমিকা তো আছেই,Positive
test_id_1507,চুক্তি ভঙ্গের দায়ে এনা প্রোপারটিজকে কি শাস্তি দেয়া হয়েছে ?,Positive
test_id_1508,উত্তরার ফ্ল্যাটের কাজ আগে শেষ করুন,Positive
test_id_1509,রবি এবং বাংলালিংক স্টক এক্সচেঞ্জে আসবে কবে?,Positive
test_id_1510,টেলিটক আমাদের জনগণের টাকার কোম্পানি। অন্যকেউ না কিন্তু টেলিটককে সব সুবিধা দেয়া উচিত।,Positive
test_id_1511,আন্দালিব-রুপম ও তাদের ভাই ব্রাদাররা এই জন্যেই তো সব সময় উন্নয়নের নামতা গুনে।,Positive
test_id_1512,কারন সরকারের কেহ দুর্নীতি করেনা কিন্তু অন্যান্যরা দুর্নীতি করে তাই বলে।,Positive
test_id_1513,এই ক্ষ‌েত্রেও উন্নয়নই হয়‌েছে। তা চ‌োরেরই হ‌োক বা গৃহস্থ‌ের।,Positive
test_id_1514,ব্যাপক উন্নয়ন হইসে,Positive
test_id_1515,এই হিসাব তো শুধু ব্যাংক থেকে লোপাট হয়েছে। আরো হাজারগুণ বড় দূর্ণীতি হয়েছে,Positive
test_id_1516,বোঝা যাচ্ছে সৃষ্টিকর্তা কিছু মানুষকে লাজ লজ্জা হীন করে পাঠিয়েছে।,Positive
test_id_1517,তবু আমাদের গলাধঃকরণ করতে হবে ফ্লাইওভার উন্নয়ন কাহিনী!,Positive
test_id_1518,"ভাল খবর। ধন্যবাদ ডেনমার্ক সরকার, নভো নরডিস্ক ও বাংলাদেশের এসকেএফ কোম্পানিকে।",Positive
test_id_1519,ব্রাজিলের পোকায় কাটা দুর্গন্ধ যুক্ত পচা গমের দুঃস্বপ্ন এখনো মানুষ ভোলেনি!,Positive
test_id_1520,তারপরও বলা হবে খাদ্যে স্বয়ংসম্পূর্ণ আমরা!,Positive
test_id_1521,কমিশন না থাকলে তো আন্তর্জাতিক টেন্ডারের মাধ্যমেই কেনা হতো।,Positive
test_id_1522,প্রকল্পে যেন দূর্নীতি না হয় তাতে যেন কতৃপক্ষের খেয়াল থাকে,Positive
test_id_1523,পাচার হওয়া টাকার পরিমান কম হওয়ার কারণ কি?,Positive
test_id_1524,অনুন্নত কিংবা উন্নয়নশীল দেশে টাকা পাচার অস্বাভাবিক কিছু না,Positive
test_id_1525,"শুধু টাকাই তো পাচার হয়েছে, আমি–আপনি তো আর পাচার হয়ে যাইনি।",Positive
test_id_1526,আইন প্রয়োগ করলে আরো কমে আসবে।,Positive
test_id_1527,এই রিপোর্টটি ভুল নাকি সারা জীবন ভুল জেনে আসলাম?,Positive
test_id_1528,৭ লক্ষ টাকা ভ্যাট দিয়ে কেউ ফ্ল্যাট কিনবে বলে মনে হয় না।,Positive
test_id_1529,এত জায়গা থাকতে মানুষ ঘুরতে কলকাতা যাইব কেন?,Positive
test_id_1530,আসুন এই টাকা 'দান' উপলক্ষে একখান কনসার্ট আয়োজন করি !,Positive
test_id_1531,আমাদের উন্নয়নশীল দেশ এগিয়ে চলছে বেশিরভাগ ব্যাংক মুলধন ঘাটতি নিয়ে !,Positive
test_id_1532,শেষ বেলায় ঝাড়ু হাতে ভল্ট পরিষ্কারে ব্যস্ত সরকার।,Positive
test_id_1533,"একটা কনছার্ট করে টাকা গুলা দিলে, পাবলিক হয়ত একটু খুশি হতো।",Positive
test_id_1534,সমস্যা,Positive
test_id_1535,সঠিক বিশেষজ্ঞ পাওয়া এদেশে এত সহজ না।,Positive
test_id_1536,চোরের সঙ্গে জোট করলে যা হয় আর কী জাস্ট রাবিস।,Positive
test_id_1537,লুটপাট করতে এর মাধ্যমে বাড়তি প্রণোদনা দেয়া হলো।,Positive
test_id_1538,"বিনোদনের জন্য হলেও আপনাকে আবার নির্বাচন করা উচিৎ, কেন যে রাবিশ সিদ্ধান্ত নিলেন !",Positive
test_id_1539,সৃজনশীল কাজকে এইভাবে আটকালে জামদানি শিল্প ধ্বংস হতে টাইম লাগবে না।,Positive
test_id_1540,সেটা এয়ার লাইনসকেই জিজ্ঞেস করে দেখতে পারেন।,Positive
test_id_1541,এটা সরকারের কাছে জনগণের আমানত।,Positive
test_id_1542,ভালো উদ্যোগ,Positive
test_id_1543,কি ভাবে আমরা টিকিট পেতে পারি। আর কতদিন আগে টিকিট কাটতে হবে?,Positive
test_id_1544,এটা কেন? পদ্মা-ব্রিজ হওয়ার পর কি পয়রা বন্দর চাঙা হবে?,Positive
test_id_1545,বাংলাদেশের সবচেয়ে বড় রাবিশ কে এখন শিশুরাও জানে!,Positive
test_id_1546,লোকটার রাবিশ,Positive
test_id_1547,তার সর্বশেষ উদাহরন তো প্রাইম ও ফারিস্ট ।,Positive
test_id_1548,"বাংলাদেশের মানুষ সত্য মিথ্যা যাচাই করতে পারে, মুহিতের বক্তব্যের জন্য অপেক্ষা করে না।",Positive
test_id_1549,সব কিছু ১২ টা বাজিয়ে বললেই হোল রাবিশ।,Positive
test_id_1550,অর্থমন্ত্রী আবুল মাল আবদুল মুহিত সাহেবের এমন মন্তব্যই রাবিশ।,Positive
test_id_1551,ভোট সুষ্ঠুভাবে হলে জনগণ বলবে কোনটা রাবিশ,Positive
test_id_1552,লুটপাট তো ভুলে হয় নাই,Positive
test_id_1553,নিজেই একটা রাবিশ। ডিজিটাল জুগে সবাই সত্য মিথ্যা বুঝতে পারে,Positive
test_id_1554,"ব্যাংকের রোগ সারাবেন কি উনি, রোগ যে হয়েছে উনি স্বীকারই করেন না!",Positive
test_id_1555,যাদের কাছে জনগণের টাকা নিরাপদ না তাদের উপর কী আবারও আস্থা রাখবে জনগন ?,Positive
test_id_1556,সভ্য দেশে আমানতের টাকায় কোন সরকার হাত দেয় না।,Positive
test_id_1557,সরকার এত গরিব হলে আমরা মধ্যম আয়ের দেশ হই কি করে,Positive
test_id_1558,আয়কর হবে আয়ের উপর। সঞ্চয়ের উপর বা লেনদেনের উপর আয়কর হয় কি করে ?,Positive
test_id_1559,"আওয়ামী লীগের যদি ভরাডুবি হয়, তবে তার জন্য বেশির ভাগ দায় থাকবে এই অর্থমন্ত্রীর।",Positive
test_id_1560,কত সাল থেকে আবগারী শুল্ক কাটা হচ্ছে ?,Positive
test_id_1561,বেসরকারি ব্যাংকে চাকরিতে প্রবেসের বয়স কমপক্ষে ৩৫ করা হোক।,Positive
test_id_1562,তার মানে  বছরের পর বেকার?,Positive
test_id_1563,হ একদম ঠিক কইছেন । ভোটের দরকার নাই।,Positive
test_id_1564,হাঁ হয়তো আপনাদের মতো লোকদের উন্নয়ন,Positive
test_id_1565,করেছে যে আমরা তা দেখতে পাচ্ছি  -,Positive
test_id_1566,এফবিসিসিআই সভাপতি নানান দেশের উদাহরণ দিলেন। আরো কিছু উদাহরণ দিতে পারতেন,Positive
test_id_1567,সুদহার কমালে সব টাকা তুলে গাঁজার ব্যবসা আরম্ভ করবো। লাভ বেশি হবে।,Positive
test_id_1568,এখন এই টাকায় নজর পড়লো?,Positive
test_id_1569,সঞ্চয় সমৃদ্ধির সোপান’ —— কার সমৃদ্ধি ??,Positive
test_id_1570,যতসব ফালতু চিন্তা। সুদের হার কমানো হলে আন্দোলন করা হবে।,Positive
test_id_1571,"ধনী বান্ধব আইন. এটি কোন গরিব, নিম্ন মধ্যবিত্ত, বা মধ্যবিত্ত পরিবারের সহায়ক আইন না.",Positive
test_id_1572,২০১৮ সালের প্রস্তুতি দিন।,Positive
test_id_1573,তৃতীয় শ্রেণীর বিঞ্জান নিয়ে একটু আলোচনা করবেন ৯,Positive
test_id_1574,চিনা ভাষায় দক্ষতা অর্জন করলে কি হবে?,Positive
test_id_1575,আমাদের আলোক বর্তিকা,Positive
test_id_1576,‘আমি এখন বইমেলায়’ ক্যাপশন দিয়ে ফেসবুক পেজে সেলফি । অমনি__ ‘দারুণ’,Positive
test_id_1577,এটা কি বলার মত একটা ফলাফল হল ? তবুও ওদেরকে নতুন বছরের শুভেচ্ছা,Positive
test_id_1578,পরীক্ষা নির্বিঘ্নে চাই।,Positive
test_id_1579,দায়িত্ব ব্যর্থতার জন্য শিক্ষামন্ত্রীর পদত্যাগ দাবি করছি।,Positive
test_id_1580,নাহিদ স্যার যাওয়ার পরেও উনার কাজ অক্ষত রাখছেন ড. দিপু মুনি।,Positive
test_id_1581,খোদা তোমায় আরো শক্তি-সাহস আর ধৈর্য দান করুন,Positive
test_id_1582,সাবাশ রফিকুল ! অভিনন্দন!,Positive
test_id_1583,আচরণবিধি কি জিনিস ?,Positive
test_id_1584,এগুলা মাইনর বিষয়। সরাসরি কোন ক্ষতি হচ্ছে না কারো,Positive
test_id_1585,একাদশ শ্রেণিতে ভ​র্তি আবেদনের সময়সীমা বাড়ানো উচিত।,Positive
test_id_1586,শফিকুল ভাইয়ের এই গল্প অনেক স্বল্পশিক্ষিতকে অনুপ্রেরণা জোগাবে।শফিকুল ভাই অভিনন্দন আপনাকে।,Positive
test_id_1587,সকালে ঘুম থেকে উঠেই একটা ভালো সংবাদ পেলাম। আমাদের উন্নত বিশ্বে পরিণত হতে হলে,Positive
test_id_1588,তাঁর লেখার মধ্যে কোনো জড়তা দেখা যায়নি।,Positive
test_id_1589,সুন্দর প্রতিবেদনের জন্য ধন্যবাদ ।,Positive
test_id_1590,আমাদের কফি হাউস,Positive
test_id_1591,আহারে কত স্মৃতি,Positive
test_id_1592,আপনি তো বিশিষ্ট বুদ্ধিজীবী,Positive
test_id_1593,গত সপ্তাহের সাধারণ জ্ঞান দেওয়া হলোনা কেনো? যদি জানাতেন?,Positive
test_id_1594,যশোর বোর্ড এ পাশের হার কত???,Positive
test_id_1595,আমার ইংরেজি ২য় সাজেশন লাগবে প্রশের উওর,Positive
test_id_1596,ভাল বলেছেন ভাই।,Positive
test_id_1597,জুডিশিয়াল ক্যাডেট পরীক্ষায় উর্ত্তীণ হওয়া,Positive
test_id_1598,ভালো লিখেছেন। ধন্যবাদ। সতিই এই বিষয়ে গবেষণা প্রয়োজন।,Positive
test_id_1599,নাম গোপন রাখাই প্রথম ধাপ,Positive
test_id_1600,কথাগুলো ১০০ ভাগ সত্য।,Positive
test_id_1601,তথ্যবহুল লেখা। ধন্যবাদ,Positive
test_id_1602,সখীপুরের সেরা বিএএফ শাহীন কলেজকে অভিনন্দন!,Positive
test_id_1603,দোয়া করি তোমার পরিক্ষাযেন ভাল হয়,Positive
test_id_1604,আল্লাহ তোমায় সাহায্যকারী তোমার ইচ্ছা তোমাকে তোমার কাঙ্খিত লক্ষে পৌছে দেবে।,Positive
test_id_1605,ভাল উদ্যোগ ।,Positive
test_id_1606,খুবই ভালো সিদ্ধান্ত,Positive
test_id_1607,আপনাদের এই গল্প আমাদের সামনে এগিয়ে যেতে সাহায্য করবে। আমি আশাবাদী এমন গল্প আরোও পাবো।,Positive
test_id_1608,জানালা দিয়ে বের হয়ে আবারো ফিরে আসুন,Positive
test_id_1609,সুবোধ তুই পালিয়ে যা ।,Positive
test_id_1610,রূপম নামে একজন কবি আছেন,Positive
test_id_1611,টপক্লাস যোগ্যতা কি জিনিস?,Positive
test_id_1612,ক্রিকেট খেলায় যখন তখন বোনাস দেয়া বাদ দিয়ে এসব ছেলেদের পেছনে বিনিয়োগ করা বেশি প্রয়োজনীয়।,Positive
test_id_1613,তোমরা এগিয়ে যাও। তোমাদের জন্য শুভকামনা রইলো।,Positive
test_id_1614,চাকুরীর বয়স ৩৫ করা আবশ্যক হয়ে দাঁড়িয়েছে।,Positive
test_id_1615,কোটা মুক্ত বাংলাদেশ চাই,Positive
test_id_1616,সুন্দর পোষ্ট ধন্যবাদ প্রথম আলো ।,Positive
test_id_1617,আমারও ইচ্ছা আছে। যদি সৃষ্টিকর্তা সহায় হন,Positive
test_id_1618,ইয়ার আলী স্যার এর মতো,Positive
test_id_1619,কেউ,Positive
test_id_1620,অমলেশ  যে নীতিমালায় গত বছর বিভিন্ন গল্প-কবিতা বাদ দেয়া হয়েছিল।,Positive
test_id_1621,একটি নিরপেক্ষ তদন্ত কমিটি দোষীদের শাস্তির ব্যবস্থা হবে,Positive
test_id_1622,বাদ পড়া গল্প কবিতার বিষয়ের সুরাহা চায় দেশের শিক্ষানুরাগী মানুষ।,Positive
test_id_1623,বাদ পড়াগুলো তো এবছর আবার ফিরিয়ে আনা হয়েছে-   প্রদীপ,Positive
test_id_1624,এসব এলিয়েনদের সম্পর্কে জানানোর জন্য প্রথম আলোকে ধন্যবাদ!,Positive
test_id_1625,আড়াই বছর পড়ালেখার পরে,Positive
test_id_1626,শিক্ষা পদ্ধতি নিয়ে আমাদের নতুন করে ভাববার সময় এসেছে ।,Positive
test_id_1627,এতেই করে বোঝা যায় যে,Positive
test_id_1628,জিপিএ ৫ মানে ভাল পাশ নয় ।২৬০০০ ই ফেইল,Positive
test_id_1629,এতেই বুঝা যায় জিপিএ ৫ মানে ভাল পাশ নয় ।,Positive
test_id_1630,পরিবর্তন প্রয়োজন পাঠদান ও সচেতনতায়,Positive
test_id_1631,আমাদের শিক্ষাব্যবস্থায় কোথাও কোন ফাঁক রয়ে গেছে। এমন বিপর্যয় জাতির জন্য অমঙ্গলকর। কারন,Positive
test_id_1632,জাতীয় ঐক্যফ্রন্ট ক্ষমতায় গেলে পিএসসি পরীক্ষা বাতিল করবে। সবাই ধানের শীষে ভোট দিন।,Positive
test_id_1633,যৌক্তিক দাবী। মুক্তিযুদ্ধের চেতনাবিরোধী কারো ঠাই কোন বিশ্ববিদ্যালয়ে হতে পারে না।,Positive
test_id_1634,হীরক রাজার দেশ থেকে 'মস্তিষ্কপ্রক্ষালক' যন্ত্র নিয়ে আসুন আর,Positive
test_id_1635,অবশেষে একটা স্বস্তির খবর শুনলাম। দেখা যাক ঢাবি কী করে। আশা করি দিবে।,Positive
test_id_1636,ভাই আপনি কোন জগৎে বাস করেন? আমি ঘরে বসে রেজাল্ট জানসি।,Positive
test_id_1637,এইসব সিদ্বান্ত আগেই চিন্তা করে নেওয়া উচিৎ ।,Positive
test_id_1638,আপনাদের ভালবাসার ছোঁয়ায় বেঁচে থাকুক আমাদের জীবন,Positive
test_id_1639,কতবড় সাহস শিক্ষক সমিতির ছাত্রীলীগের সাথে টক্কা নেই জি হুজুর জি হুজুর বলা শিখতে হবে,Positive
test_id_1640,কুমিল্লা বোর্ড মানেই বিশেষ কিছু,Positive
test_id_1641,অসুস্থ মানুষের প্রকৃত সেবক হবেন এই কামনা করি।,Positive
test_id_1642,অভিনন্দন -ভালো ডাক্তার হউ -ভালো মানুষ হউ-,Positive
test_id_1643,এঁরাই আমার দেশের আসল তারকা! শুভকামনা রইল,Positive
test_id_1644,সুভকামনা রইলো,Positive
test_id_1645,ইশমা্মঅভিনন্দন। বই পাঠিয়ে দেবো ঠিকানা পেলে। আমার লিখা গল্পের বই। তোমার জন্য গৌরব হয়।,Positive
test_id_1646,বিষয়টি বর্তমানে অতীব জরুরী। ধন্যবাদ সংশ্লিষ্ট সকলকে।,Positive
test_id_1647,আর কত গিনিপিগের স্বীকার হবে দেশের শিক্ষার্থীরা ? এসব সাব্জেক্ট আপনিই পাবলিক পরীক্ষায় ডুকিয়েছেন,Positive
test_id_1648,শিক্ষাগতা পেশায় মেধাবীরা না আসলে এবং শিক্ষকদের মনোন্নয়ন না করলে শিক্ষার মানের উন্নতি হবে না।,Positive
test_id_1649,আর যারা পুনর্নিরীক্ষণ আবেদন করে নাই,Positive
test_id_1650,স্বাধীনতার স্বপক্ষের শক্তি ও দেশপ্রেমিক ছাত্র সংগঠন 'ছাত্রলীগ প্যানেলের' জন্য,Positive
test_id_1651,ভারতীয়রা যে জ্ঞান নিয়ে আসে,Positive
test_id_1652,আমাদের দেশের প্রাথমিকের শিক্ষা ব্যাবস্থা খুবই নাজুক! কোটা মুক্ত মেধাবী বাংলাদেশ চাই,Positive
test_id_1653,আমাদের দেশে বেকার বা শিক্ষিত লোকের অভাব নাই ঠিকই,Positive
test_id_1654,আমাদের লোক অনেক,Positive
test_id_1655,স্থানীয় ছাত্রলীগকে দায়িত্ব দিন,Positive
test_id_1656,মানুষকে চিনতে হলে তার বর্তমান নয় তার ব্যাকগ্রাউনড ইতিহাস জানতে হয় !,Positive
test_id_1657,ভাল করে খবরটা পড়েন,Positive
test_id_1658,কারা করবে মিছিল মিটিং?,Positive
test_id_1659,শুভ উদ্যোগ। সাংস্কৃতিক জাগরণই মননকে উন্নতে করে। ছাত্রলীগের এই পদক্ষেপ অত্যন্ত ইতিবাচক।,Positive
test_id_1660,যারা হুমকি ধামকি নিয়ম বলে দিবে তারাই আবার নির্বাচনে অংশ নিবে ?,Positive
test_id_1661,ইতিবাচক চিন্তা। এটা ধরে রাখতে পারলে ছাত্রলীগের সুনাম হবে।,Positive
test_id_1662,শুধু শিরোনাম দেখে কমেন্ট কইরেন না।,Positive
test_id_1663,আগামী ১১ ডিসেম্বর থেকে শুরু হবে যে পরীক্ষা তার বিজ্ঞপ্তি এত আগে কেন?,Positive
test_id_1664,এবারো কি শুধু মেয়েরা পরিক্ষা দিয়েছিল?,Positive
test_id_1665,মেয়েরা এগিয়ে আসছে।,Positive
test_id_1666,জিপি ৫ পাওয়া এবং পাশ করাই শিক্ষার উদ্দেশ্য নয়।,Positive
test_id_1667,যারা পাশ করেছে তাদের জন্য শুভ কামনা,Positive
test_id_1668,পাস করা সব পিচ্চিদের অভিনন্দন আর শুভকামনা,Positive
test_id_1669,যারা এসএসসি পরীক্ষায় ভালো ফলাফল করেছে,Positive
test_id_1670,তোমাদের জন্য,Positive
test_id_1671,অভিনন্দন আর শুভকামনা,Positive
test_id_1672,সবার প্রতি শুভ কামনা রইল,Positive
test_id_1673,কয়েকটি বেসরকারি ইউনিভার্সিটি এর শিক্ষার মান অত্যন্ত যোগ্যতাসম্পন্ন।,Positive
test_id_1674,অনেক ভাল হয়েছে । আশা করি আরও গুরুপ্তপূর্ণ কিছু সাজেন্সন যোগ করবেন ।,Positive
test_id_1675,অভিনন্দন বাবা ছেলে কে,Positive
test_id_1676,অভিনন্দন বাবা এবং ছেলে দু’জনকেই,Positive
test_id_1677,এই ধরনের গুরুত্বপূর্ণ লেখার জন্য,Positive
test_id_1678,অনেক ধন্যবাদ,Positive
test_id_1679,চমৎকার টিপসের জন্য ধন্যবাদ,Positive
test_id_1680,একদম ঠিক বলেছেন।,Positive
test_id_1681,বাস্তব প্রমাণও আছে। খোঁজ নিলেই জানতে পারবেন। আসলে বড় পদে যাওয়ার জন্য দরকার ইন্টারপারসোনাল স্কিল,Positive
test_id_1682,পরিক্ষায় প্রশ্নফাঁসের গল্পের সমাপ্ত হলে,Positive
test_id_1683,প্রিয় প্রথম আলো সম্পাদক,Positive
test_id_1684,সারা দেশের সকল বোর্ডের প্রশ্নপত্র ফাঁস হয়েছে। এদেশে পড়ালেখার কি মূল্য!,Positive
test_id_1685,অসংখ্য ধন্যবাদ।,Positive
test_id_1686,আসুন আমাদের দেলদুয়ারে দেখে যান শুনে যান,Positive
test_id_1687,ধন্যবাদ দাদা,Positive
test_id_1688,পরীশ্রম করলে এই সবকিছুই সম্ভব!,Positive
test_id_1689,কোটা মুক্ত মেধাবী বাংলাদেশ চাই,Positive
test_id_1690,এত চিন্তা কিসের ১০০ জনের মধ্যে ৮০ জনই চান্স পাবে।,Positive
test_id_1691,শিক্ষা মন্ত্রণালয় ও শিক্ষা বোর্ডের ওয়েবসাইটেও সময়সূচি পাওয়া যাচ্ছে না।রুটিন পাওয়ার লিংক দিবেন,Positive
test_id_1692,যেসব ইংরেজী শব্দ বাংলায় প্রবেশ করেছে সেগুলো সঠিক ইংরেজীতে উচ্চারন করা প্রয়োজন।যেমন,Positive
test_id_1693,প্রথম আলোতে কয়েকদিন আগে একটা লেখা পড়েছিলাম,Positive
test_id_1694,আমাদের সবার শিক্ষা গুরুর মর্যাদা কবিতাটি পড়া উচিত।অনুরোধ রইল সবাই শিক্ষা গুরুর মর্যাদা কবিতাটি পড়বে।,Positive
test_id_1695,নিজেকে সুস্থ রাখা যেকোনো পরীক্ষার প্রস্তুতির অংশ। হাতেগোণা কয়েকজন অসচেতন শিক্ষার্থীর জন্য আমরা,Positive
test_id_1696,পড়া লেখার মান,Positive
test_id_1697,এদের সবাইকে অভিনন্দন! বাংলা মিডিয়াম স্কুলের ছাত্রছাত্রীদের নিয়ে এমন অনেক অায়োজন চাই।,Positive
test_id_1698,আপনাদের মর্যাদা অক্ষুণ্ণ রেখে অন্যকে মর্যাদা দিলে আপনাদের সমস্যা কি?,Positive
test_id_1699,এই মর্যাদা কেউ কাউকে দান করতে পারেনা। এর সাথে যোগ্যতা,Positive
test_id_1700,দয়া করে আরও আপডেট করুন। গাণিতিক চিহ্ন সাপোর্ট করছে না।,Positive
test_id_1701,সমাবর্তনের স্থান কোথায় হবে ?,Positive
test_id_1702,খুব ভালো উদ্যোগ। লক্ষ্য রাখতে হবে সঠিক কাজে যাতে টাকা ব্যয় হয়।,Positive
test_id_1703,২০১১ সালে আমি পরীক্ষা দেয়ার সময়,Positive
test_id_1704,প্রশ্ন হচ্ছে এখনো আসল পরীক্ষা হয় নাই,Positive
test_id_1705,মেধাবী বাংলাদেশ চাই,Positive
test_id_1706,বেসরকারি কিছু মেডিকেল কলেজ এবং বিশ্ববিদ্যালয় আছে যেগুলো শিক্ষার মানের দিক দিয়ে,Positive
test_id_1707,শুদ্ধ উচ্চারণ হবে চিভনিং স্কলারশিপ,Positive
test_id_1708,গ্রেজুয়েসন ছাড়া কি গবেষনা করা যায়?,Positive
test_id_1709,যাক বাবা তবু তারিখ পড়ছে,Positive
test_id_1710,শুভ কামনা,Positive
test_id_1711,আরো বেশি প্রচার করা উচিত জাতে সবার নজরে আসে অনেকেই এই সাবজেক্ট সম্পর্কে জানেনা,Positive
test_id_1712,নিঃসন্দেহে তিনি সেরাদের মধ্যে সেরা। আশা করি,Positive
test_id_1713,তেমন নতুন কিছু নাই। তার চেয়ে গুগলে সার্চ দিলে অনেক ভালো সাজেসন পাবেন।,Positive
test_id_1714,ভালো পরামর্শ । কভার লেটার সম্পর্কেও কিছু লিখলে ভালো হতো ।,Positive
test_id_1715,স্যালুট তোমাকে। এগিয়ে যাও।,Positive
test_id_1716,শুনলাম তো প্রতি ইউনিটে ৩২ হাজার করে,Positive
test_id_1717,খুবই সময়োপযোগী লিখা। প্রয়োজন থাকলেও এমবিএ করছে,Positive
test_id_1718,অনেক কিছু জানতে পারলাম।ধন্যবাদ স্যার।,Positive
test_id_1719,আমার মতে-সময়োপযোগী এবং গুরুত্বপূর্ণ সিদ্ধান্ত। আশা করি দ্রুত কার্যকর হবে এবং ফলপ্রসূ হবে।,Positive
test_id_1720,১০০ ভাগ সমর্থন করছি।,Positive
test_id_1721,এসব সুপারিশ-নীতিমালা তো অনেকই হয়,Positive
test_id_1722,এত বই পৃথিবীর কোনো দেশ ছাপায় না,Positive
test_id_1723,সরকারি সিলেট ইঞ্জিনিয়ারিং কলেজ,Positive
test_id_1724,ঢাকার লালবাগে,Positive
test_id_1725,যত বেশী নারীর জয় হবে তত বেশী সুনাগরিক তৈরী হবে!,Positive
test_id_1726,ফিরিয়ে নাও 'জিপিএ'ফিরিয়ে দাও 'বিভাগ',Positive
test_id_1727,ওরা পেরেছে কারন ওরা শুধু মেধাবীই না,Positive
test_id_1728,খুব ভালো একটা সংবাদ,Positive
test_id_1729,এগিয়ে চলো ৷শুভেচ্ছা কলকাতা থেকে৷,Positive
test_id_1730,খুশিতে মনটা ভরে গেলো।এগিয়ে যাও ভাইয়েরা,Positive
test_id_1731,শুভকামনা রইল তোমাদের জন্য । মাতৃভুমিকে গর্বিত করো আর অনুজদের পথ দেখাও ।,Positive
test_id_1732,অভিনন্দন তোমাদের।,Positive
test_id_1733,স্বপ্নের পূরণে কাজ করে যাওয়া দেখতে ভালো লাগে। নিজের স্বপ্নের পথে যখন বাধা পাই,Positive
test_id_1734,এ ধরণের জীবন জয়ী গলপ,Positive
test_id_1735,সাবাস এগিয়ে যাও।,Positive
test_id_1736,ধন্যবাদ প্রথম আলো এমন উদারভাবে আমাদের পথ দেখানোর জন্য। ধন্যবাদ লেখক।,Positive
test_id_1737,যে স্মৃতি আজীবন মরে করিয়ে দিবে কাঁদাবে। চাইলেও আর কখনও ফিরে আসবেনা,Positive
test_id_1738,সুনির্দিষ্ট কারণ ছাড়া এভাবে পেছানো অনুচিত।,Positive
test_id_1739,তখন তো ভাই সিলেবাসের ধরনও ওরকম ছিল,Positive
test_id_1740,রোববারের পরীক্ষাটি সবার শেষে নেয়া হোক,Positive
test_id_1741,ঐক্যফ্রন্টের প্রতি অনুরোধ,Positive
test_id_1742,বর্তমান প্রেক্ষাপটে যদি ব্রাক ইউনিভার্সিটির সাথে বাংলাদেশের যেকোন পাবলিক ইউনিভার্সিটির তুলনা করতে বলা হয়,Positive
test_id_1743,ঢিলা দেওয়া রশি এখন যতই টানেন,Positive
test_id_1744,আমার নিজের অভিজ্ঞতা থেকেই বলছি,Positive
test_id_1745,অনেক,Positive
test_id_1746,দুই দেশের মধ্যে সাংষ্কৃতি বিনিময় আরো সুদৃঢ় হবে এবং সম্প্রীতি আরো বেড়ে যাবে।,Positive
test_id_1747,ধন্যবাদ এ নিয়ে জানার বিশেষ আগ্রহ ছিল। ভবনটির ভেতরে নমুনার বিশদ বিবরণ,Positive
test_id_1748,শুভ কামনা রইল। আপনারা এগুলেই তো বাংলাদেশ এগোবে।,Positive
test_id_1749,আশা করি সবাই ভালো রেজাল্ট করবে।,Positive
test_id_1750,ফলাফল আশানুরূপ হোক,Positive
test_id_1751,কাল প্রধানমন্ত্রীকে সংবর্ধনা দেবে হেফাজতে ইসলাম,Positive
test_id_1752,প্রশ্ন ফাঁস হওয়ার কারনেই পরীক্ষা পেছানো হয়েছে।,Positive
test_id_1753,বোর্ডের কর্মকর্তারা জানাতে পারেননি,Positive
test_id_1754,শুধু ঢাকা বোর্ডের পরীক্ষা স্থগিত নাকি সারাদেশের।,Positive
test_id_1755,কেউ পারেনা মিশিল সভা করতে,Positive
test_id_1756,শিক্ষা মন্ত্রণালয়ের এক কর্মকর্তা মারা গেছে,Positive
test_id_1757,নারীরা এগোচ্ছে নিজেদের যোগ্যতায়,Positive
test_id_1758,শিক্ষামন্ত্রী সংবাদ সম্মেলনে বলেন,Positive
test_id_1759,শাহজালাল বিশ্ববিদ্যালয় - মাসুক মামা,Positive
test_id_1760,চট্টগ্রমেও তো একটা ইউনিভার্সিটি আছে,Positive
test_id_1761,ঝরে পরার কারন ১. মাদক ২. পারিবারিক মূল্যবোধের অবক্ষয় ৩. নিম্ন মানের শিক্ষা ব্যবস্থা।,Positive
test_id_1762,এত আত্নতুষ্টিতে ভোগার কি আছে?,Positive
test_id_1763,পিএসসির চেয়ারম্যান তো কনফার্ম ডেট দেননি,Positive
test_id_1764,প্রতিষ্ঠানের নাম সরকারি কর্মকমিশন (পিএসসি) নয়,Positive
test_id_1765,দোয়া করি ওরা ভাল করে পরীক্ষা দিক।,Positive
test_id_1766,আমার ছেলে এবার পরীক্ষা দিচ্ছে,Positive
test_id_1767,তোমার উত্তরোত্তর সাফল্য কামনা করছি।,Positive
test_id_1768,আমাদের সাঁথিয়ার কৃতি সন্তান,Positive
test_id_1769,তোমরা ভালোভাবে পরীক্ষা দাও,Positive
test_id_1770,দেশকে ভালবেসে সফলতাটা দেশকেই দিও_শেষ পর্যন্ত,Positive
test_id_1771,মেহরাবের জন্য শুভ কামনা,Positive
test_id_1772,মাশাল্লাহ! শুভকামনা তোমার জন্য,Positive
test_id_1773,দেশের ছেলে,Positive
test_id_1774,বুয়েট ২০১৮-২০১৯ শিক্ষাবর্ষে প্রথম স্থান অধিকারী,Positive
test_id_1775,ওরা হল অতিথি পাখি,Positive
test_id_1776,পরীক্ষা পেছানো উচিৎ ছিল। অনেক বন্যা কবলিত এলাকার ছাত্ররা পরীক্ষার প্রস্তুতি ঠিকমত নিতে পারেনি।,Positive
test_id_1777,এভাবে আরো মডেল দিলে খুব ভালো হয়!,Positive
test_id_1778,অবশ্যই একটা ভালো উদ্যোগ,Positive
test_id_1779,অনেকদিন পর একটা ভাল খবর জানতে পারলাম। এই শুভবুদ্ধির উদয় হউক দেশের সবগুলো বিশ্ববিদ্যালয়গুলোতে,Positive
test_id_1780,শিক্ষক রাজনীতিও বন্ধ করতে হবে।,Positive
test_id_1781,সকল বিশ্ববিদ্যালয়ে সারাজীবনের জন্য ছাত্র  শিক্ষক রাজনীতি বন্ধ করতে হবে। দলীয়করণ,Positive
test_id_1782,অনেক খবরের মাঝে এই খবরটা পড়ে অনেক বেশি ভালো লেগেছে!,Positive
test_id_1783,ঢাকা বিশ্ববিদ্যালয় এর অধিভুক্ত ৭ কলেজের ৩য় বর্ষের সকল বিভাগের পরীক্ষা স্থগিত করা হয়েছে,Positive
test_id_1784,আশা করছি বিপুল ভোটে বিজয় লাভ করবে হাত্রলীগ প্যানেল।,Positive
test_id_1785,ছাত্রলীগ বিপুল ব্যবধানে পরাজয় বরণ করবে,Positive
test_id_1786,আরেকজন দিলে দলীয় কোন্দল হত।,Positive
test_id_1787,গুড প্যানেল। শুভ কামনা রইলো।,Positive
test_id_1788,অগ্রিম বলে দিলাম ওরাই পাস,Positive
test_id_1789,ভিপি পদে শোভন ছাড়া অার কাউকে দিলে অারেকজন লিডার বের হতো। তারপরো শুভকামনা রইলো।,Positive
test_id_1790,আপনার সন্তান আললাহ তায়ালার দেয়া একটি উপহার। পরে খুব ভাল লাগ্লো।,Positive
test_id_1791,ধন্যবাদ আপানাকে ।নম্বর ভিত্তিক পড়াশুনায় বেশী দুর যাওয়া যায় না,Positive
test_id_1792,জয় হোক রাজশাহী কলেজের।,Positive
test_id_1793,৫টি কলেজের মধ্যে ৪টি কলেজ উত্তরবঙ্গের।,Positive
test_id_1794,সেরা পাঁচের চারটিই উত্তরবঙ্গের।,Positive
test_id_1795,ভালো লাগলো। দেরিতে হলেও অন্তত দুদক বুঝতে পেরেছে। সমগ্র সিস্টেম ঢেলে সাজাতে হবে।,Positive
test_id_1796,যে দেশে মেধাবীদের কদর নেই সে দেশ সামনে এগিয়ে যেতে পারে না,Positive
test_id_1797,আসলে কোন প্রাতিষ্ঠানিক ডিগ্রীই পেশাগত জীবনে সাফল্যের গ্যারান্টি না। এর,Positive
test_id_1798,এ যেন এক আজব কান্ড,Positive
test_id_1799,কোয়ালিটির ব্যাপারে আর একটু মনযোগ দেওয়া দরকার।,Positive
test_id_1800,এমন হওয়ার কারণ কি?,Positive
test_id_1801,অক্সফোর্ড বিশ্ববিদ্যালয়কে এক নম্বরে উল্লেখ করে রিপোর্টার বললেন,Positive
test_id_1802,একটি জাতি ও রাষ্ট্রের সবচে বড় শক্তিই হল তার দেশের বিশ্ববিদ্যালয়ের মান কেমন। দুর্ভাগ্য বাংলাদেশ,Positive
test_id_1803,আজকের অনলাইন এডিশন কোথায়?,Positive
test_id_1804,আমি পরীক্ষা দিতে ইচ্ছুক আছি যদি পরীক্ষা দিতে দেওয়া হয় তাহলে আমি বাধিত থাকব,Positive
test_id_1805,আমি পরীক্ষাটি অনলাইনে দিতে চাই,Positive
test_id_1806,অভিনন্দন বোন,Positive
test_id_1807,হাসিনার আমলে এটাই বেচে নেওয়া উচিত।,Positive
test_id_1808,ঠিক বলেছেন ভাই । আমি সহ আমার অনেক বন্ধুদের কোথাও কোচিং করতে হয়নি।,Positive
test_id_1809,ভালোই লাগলো,Positive
test_id_1810,চতুর্থ বিষয় বাদ দেওয়ায় প্রকৃত মেধাবী চিহ্নিত করা সহজ হবে,Positive
test_id_1811,এ পর্যায়ে বাংলা,Positive
test_id_1812,বাচ্চাদের উন্মুক্ত মাঠে খেলার সুযোগ দিন।,Positive
test_id_1813,শিক্ষার মান উন্নয়নের জন্য এ পদ্ধতিটি চালু ঠিক হয়েছে!,Positive
test_id_1814,আমরা ভেবে পাই না,Positive
test_id_1815,প্রাথমিকের সিলেবাস প্রয়োজনীতার আলোকে ছোট করে,Positive
test_id_1816,নাম কানাডিয়ান ইউনিভার্সিটি,Positive
test_id_1817,মেহেদী ভাইরেতো চিনিবার পারসি,Positive
test_id_1818,মমতার ভীত অনেকটা দুর্বল হয়ে যাচ্ছে।,Positive
test_id_1819,উন্নয়নের চাপ থেকে বাঁচতেই তাদের এ পন্থা অবলম্বন করা।,Positive
test_id_1820,এত বেকারেরা আজ কোথায় যাবে?,Positive
test_id_1821,আফিমের বদলে গোলাপ - বাহ বেশ ভালোতো ব্যাপারটা।,Positive
test_id_1822,আন্তর্জাতিক পুলিশ প্রধান চীনে মেং হোয়াওয়েই-এর বিরুদ্ধে তদন্ত চলছে। তাঁকে জিজ্ঞাসাবাদ করা হচ্ছে।,Positive
test_id_1823,যেখানে উদ্ভব সেখানেই তো শেষ হবার কথা।,Positive
test_id_1824,"বাংলাদেশে হিন্দু–মুসলিম সম্পর্ক যত সুন্দর, ততটা ভারতে নয়।",Positive
test_id_1825,হা কারন আমাদের দেশটা ঐটার উপর ভিত্তি করেই স্বাধীন হয়েছিল।,Positive
test_id_1826,"আহা নাসিরনগর, রামু, রংপুর এর সৌন্দর্য দেখে প্রাণটা জুরিয়ে গিয়েছিল!",Positive
test_id_1827,প্রিন্স ছাড়া সকল নিষেধাজ্ঞাই অর্থহীন।,Positive
test_id_1828,"মমতার ধর্ম হচেছমানবতা, ভদ্রতা, সততা !",Positive
test_id_1829,এই মমতাই তো বিজেপি জোটের সাথে ছিলো একদা।,Positive
test_id_1830,আমার কোন মন্তব্য ছাপা হয় না কেন ?,Positive
test_id_1831,মানবতাই শ্রেষ্ঠ ধর্ম,Positive
test_id_1832,এশিয়ার গ্রেট লেডি।,Positive
test_id_1833,দাংগাবাজদের জন্যে মমতার কোন মমতা নেই।,Positive
test_id_1834,মমতা সবার সাথেই ছিলো একবার করে।,Positive
test_id_1835,"বলুন, দু একটা শুনি । কান পেতে রইলাম ।",Positive
test_id_1836,মানবতাই পরম ধর্ম,Positive
test_id_1837,"একদা ছিল, তাই বলে সবসময়ই থাকবে এমন কথা নেই।",Positive
test_id_1838,অবাক হওয়ার কিছু নাই।,Positive
test_id_1839,মমতা একজন মহীয়সী নারী।,Positive
test_id_1840,সামনে থেকে যেমনই দেখা যাক না কেনভেতরে-ভিতরে আবারও আন্তর্জাতিক বানিজ্য মেলা অনুষ্ঠিত।,Positive
test_id_1841,মিয়ানমারে জাতিসংঘ শান্তিরক্ষা মিশন পাঠানো উচিত,Positive
test_id_1842,রাখাইনে জাতিসঙ্ঘ শান্তিরক্ষী বাহিনী মোতায়েন করে তাঁদের তত্ত্বাবধানে রোহিঙ্গা প্রত্যাবাসন ও পুনর্বাসন করা উচিৎ।,Positive
test_id_1843,আগে সঠিক তথ্য জানুন তার পরে কমেন্ট করবেন।,Positive
test_id_1844,মোদির অর্থনীতি আমার মন কেড়েছে।,Positive
test_id_1845,মোদি না আপা?উত্তরঃমোদি।,Positive
test_id_1846,বিজেপিরই ক্ষমতায় থাকা উচিত। ২০১১ এর ডলারপ্রতি ৪৬ রুপির পরিবর্তে ৭১ ভারতীয় রুপি বিকোচ্ছে এখন।,Positive
test_id_1847,পাকিস্তান ও ভালো। দুটো বিপরীতমুখি,Positive
test_id_1848,বাংলাদেশের কতিপয় মানুষ তো এখন আফ্রিকার স্বল্প পরিচিত দেশে টাকা রাখে।,Positive
test_id_1849,নতুন একটি ব্যাংক নামার অপেক্ষায় রইলাম।,Positive
test_id_1850,এত দেড়িতে ? আমাদেরত কবেই গেছে ।,Positive
test_id_1851,এতো দেখছি আরেক বাংলাদেশ!,Positive
test_id_1852,এ তো দেখি বাংলাদেশ আরেকটি বাংলাদেশ।,Positive
test_id_1853,ভাই ব্রাজিল না ভেনিজুয়েলা হবে,Positive
test_id_1854,যুগে,Positive
test_id_1855,যেদিন ভেঙে পড়বে পরের দিন আপনাকে খুঁজবে সবাই :),Positive
test_id_1856,যাদের হয় তাদের গোঁফ রাখা বাধ্যতামূলক করা হোক।,Positive
test_id_1857,একইভাবে ভূঁড়িয়াল পুলিশদের জরিমানার ব্যবস্থা করা হোক।,Positive
test_id_1858,জাপানীরা বুদ্ধিতে পাকা!,Positive
test_id_1859,প্রত্যেকের মাঝে এমন সহনশীলতা থাকা উচিৎ।,Positive
test_id_1860,দারুন এক ব্যতিক্রমী উদ্যোগ,Positive
test_id_1861,খুব ভালো লাগলো খবরটা পড়ে,Positive
test_id_1862,অন্যের প্রতি সন্মান জানানোর চমৎকার উদাহরন।,Positive
test_id_1863,এটাতো ঝগড়া। উভয়ে উভয়ের প্রশ্নের উত্তর এড়িয়ে গেছে।,Positive
test_id_1864,মনে হচ্ছে পাকিস্থান একজন সত্যিকারের নেরা পেয়েছে।আমাদের মত দূর্বল নেত্রীত্ব থেকে এরা বেরিয়ে আসছে।,Positive
test_id_1865,ইহা একটি নির্বাচন পূর্ব সাজা ছিল।,Positive
test_id_1866,তিনি ইসলাম ধর্ম ত্যাগ করেছেন,Positive
test_id_1867,বিপত্নীক বিয়ে করতেই পারেন। প্রেম ভালবাসা ব্যক্তিগত ব্যপার।,Positive
test_id_1868,কলিন্দা গ্রাবারকে বিয়ে করলে ভালো হয়।,Positive
test_id_1869,লুদমিলা পুতিন আবার বিয়ে করেছেন।তাহলে ক্ষমতার বিচারে শীর্ষে থাকা পুতিন কেন নয়?,Positive
test_id_1870,আমাদের কাক্কুর কাছে টিপস নেন,Positive
test_id_1871,বস বিয়ে করবে এতো ব্যাপক খুশির কথা। বিয়ে করেন বস।,Positive
test_id_1872,বিনোদনের জন্য ভারতই সেরা।,Positive
test_id_1873,এই পুলিশ প্রধানকে বরখাস্ত করা হোক।,Positive
test_id_1874,আর কমেডির জন্যে আপনি।,Positive
test_id_1875,"বাংলাদেশ থেকে ওদের অনেক কিছু শিখার আছে, তবে মমতাকে অনেকটা বাংলাদেশী স্টাইলে মনে হচ্চে",Positive
test_id_1876,এই কূটনৈতিক কৌশলী ভারতই আমাদের কাজে আসবে,Positive
test_id_1877,গুজব অনুবাদ করতে পারে?,Positive
test_id_1878,যুদ্ধ করতে পয়সা লাগে। আমরা শান্তি চাই।,Positive
test_id_1879,ভারতীয়দের উচিত অভিনন্দনকে মুক্তি দেওয়ার জবাবে ইমরান খানের মহানুভবতার প্রশংসা করা।,Positive
test_id_1880,ওদের দেশে বিমান নাই নাকি? বাংলাদেশের কাছে বিমান ধার নিতে পারতো।,Positive
test_id_1881,"কাশ্মীর সময় মত ঠিকই স্বাধীনতা অর্জন করবে, সেদিন হয়ত বেশি দূরে নয়।",Positive
test_id_1882,এ সফরের খরচ বহন করবে সৌদি সরকার,Positive
test_id_1883,দুই দেশের নেতাই অনেক ম্যানলি আর স্মার্ট,Positive
test_id_1884,অবস্থা দেখে মনে হচ্ছে যুবরাজ সালমান পাকিস্তানে কয়েক বছরের সফরে এসেছেযতসব,Positive
test_id_1885,এটাকে বলে অর্থনৈতিক কূটনীতি।,Positive
test_id_1886,এই না হলে নৌবাহিনীর সাবেক প্রধান অ্যাডমিরাল (অব.) এল রামদাস। অসাধারণ।,Positive
test_id_1887,শান্তিতে নোবেল জয়ীর নাম জানার জন্য আগ্রহ নিয়ে বসে আছি।,Positive
test_id_1888,পশ্চিমবঙ্গের মুখ্য বন কর্মকর্তা রবিকান্ত সিনহার জন্যে ভালবাসা,Positive
test_id_1889,ডিএনএ সংগ্রহ করে সন্তান উৎপাদন সম্ভব এমনটা আগেই পড়েছি ও টিভিতে দেখেছি।,Positive
test_id_1890,সব ধর্মেই এ ধরণের জীব আছে !,Positive
test_id_1891,রাম রহিম সিং।এত সুন্দর ধর্মনিরপেক্ষ নামের গুরু এর আগে দেখা যায় নাই!,Positive
test_id_1892,মোদিজীকে ২০১৯ এ আমরা আবার ক্ষমতায় আনব।,Positive
test_id_1893,আমাদের দেশের ক্ষমতাধারীরা মোদীজির পথ অনুসরন করবেন না আশাকরি।,Positive
test_id_1894,সম্পদের ব্যবহার হতেই পারে এবং তা স্বাভাবিক।,Positive
test_id_1895,কিপটামী বাদ দিয়ে হঠাৎ করে অনেক টাকা ব্যয় করে ফেলছে তা আবার সবাই কে,Positive
test_id_1896,পতাকা ঠিক আছে। এটা ইন্ডিয়ান এয়ার ফোর্সের পতাকা। ভারতের জাতীয় পতাকা নয়।,Positive
test_id_1897,আমরা যুদ্ধ চাইনা শান্তি চাই,Positive
test_id_1898,নিরাপদ এবং গনতান্ত্রিক একটি দেশ। আসুন বাহবা দেই।,Positive
test_id_1899,আমাদের আড়িয়াল খা বিলে হতে পারে এরচেয়েও বড় বিমান বন্দর।,Positive
test_id_1900,আমরা কবে পদ্মা সেতু পাবো ?,Positive
test_id_1901,নিজেরা বানাতে শেখো। চীনের ভরসায় থাকলে এই ই হবে,Positive
test_id_1902,গণতন্ত্র ও উন্নয়ন যে সাংঘর্ষিক নয় তার প্রমাণ।,Positive
test_id_1903,তুরস্ক এশিয়া এবং ইউরোপের মধ্যকার সংযোগ সেতু। এ বিমানবন্দর তুরস্কের জন্য প্রয়োজন ছিল।,Positive
test_id_1904,যদি বিএনপি আসে দেখবে ৬ মাসে কমপ্লিট। খরচ হবে অনেক কম।,Positive
test_id_1905,"মানুষ কত অসহায়?তাকে সাহায্য করুন এবং তাকে ভালোবাসুন। তিনি মানুষ, তিনিও ব্যাথা পান.",Positive
test_id_1906,ইনিই কি সেই হলিউডের একশন ফিল্মের বায়ূসেনা?,Positive
test_id_1907,এই পাইলটের কপাল ভালো তিনি খুব আরামেই থাকবে,Positive
test_id_1908,বিমানবাহিনীর সৈনিক।,Positive
test_id_1909,আপনার এত আনন্দের হেতু কি বুঝলাম না,Positive
test_id_1910,পুলওয়ামায় হামলা হয়েছিল সশস্ত্র আধা সামরিক বাহিনীর বিরুদ্ধে দাদা।,Positive
test_id_1911,জঙ্গী,Positive
test_id_1912,"ছেলেটি খুউব ভালো খেলেছে, তাই না বীরেন্দর শেবাগ।",Positive
test_id_1913,ভারতের অতি কথন স্বত্বেও পাকিস্তানের উচিত ওই পাইলটকে ভারতকে উপহার দেয়া,Positive
test_id_1914,দাঙ্গায়ে প্ররোচিত করা কোন শ্রেণিতে পরে?,Positive
test_id_1915,আসল কথাটা হল নিজেরা বললে ঠাট্টা আর অন্য লোকে বললে কটূক্তি,Positive
test_id_1916,ইট মারলে পাটকেল খেতে হবে এটাই স্বাভাবিক।,Positive
test_id_1917,ইমরান তদন্তের নির্দেশ দিয়েছে। পুরা আর্টিকেলটা কি পড়ে দেখেছেন?,Positive
test_id_1918,যে যাই বলুন ট্রাম্প আসলেই জিনিয়াস।,Positive
test_id_1919,কোরিয়া যুদ্ধের ৭০ বছর পর স্বস্তিদায়ক ঘটনাটা ট্রাম্পের আমলেই ঘটলো,Positive
test_id_1920,অবশেষে আশার প্রদীপ জললো,Positive
test_id_1921,জেনেভা কনভেশন সরাসরি অফিসিয়াল যুদ্ধাবস্থায় প্রয়োগ হয়।,Positive
test_id_1922,মিয়ানমারের বিরুদ্ধে শক্ত অবস্থান নেয়ার জন্য বাংলাদেশ সরকারকে আরো জোর কূটনৈতিক তৎপরতা চালাতে হবে।,Positive
test_id_1923,মিয়ানমার আসলে কি চাচ্ছে?!,Positive
test_id_1924,রয়টার্স‌ের খবরট‌ির ল‌িংক দ‌েয়া উচ‌িৎ ছ‌িল।,Positive
test_id_1925,ঠিক বলেছেন। সেটাই করা উচিত।,Positive
test_id_1926,এই খবর টা কি কেউ পড়ে নাই চীন সবার বন্ধু,Positive
test_id_1927,চুক্তির আওতায় পাকিস্তানে ৮ বিলিয়ন ডলারে তেল শোধনাগার হবে।,Positive
test_id_1928," ইয়ার্সে কি চরম খেল না দেখালো, একেই বলে আসল রাজা",Positive
test_id_1929,,Positive
test_id_1930,এটা তো দুই বাংলার জন্য খুবই ভাল খবর।,Positive
test_id_1931,"খুবই প্রশংসনীয় উদ্যোগে, ঐতিহাসিক নামগুলো ফিরিয়ে আনা হউক।",Positive
test_id_1932,সেটা হবে কারন এগুলো কখনোই আদি নাম ছিল না।,Positive
test_id_1933,সমস্যা কোথায়,Positive
test_id_1934,"প্রতিটা ধর্মের প্রতি, প্রত্যেক টা মানুষের সমান শ্রদ্ধাশীল হওয়া উচিত।",Positive
test_id_1935,ঠিক বলেছেন ভাই,Positive
test_id_1936,তাঁদের উন্নত জাতিতে রুপান্তরিত হওয়ার পিছনে সম্ভবতঃ এই সূক্ষ্ম নৈতিকতাবোধ অন্যতম কারণ।,Positive
test_id_1937,আমাদের সাংসদের শিক্ষা নেওয়া উচিত।,Positive
test_id_1938,ডাইরিয়ার টিকা আবিস্কার তুরস্কেই হবে যা ১৪০০ বছর আগে বাইবেলে লেখা ছিল,Positive
test_id_1939,রাশিয়ার প্রেসিডেন্ট সব পরিস্থিতিতেই ভাল অবস্থানে থাকেন। কারন রাশিয়া কৌশলগত ভাবে ভাল অবস্থানে রয়েছে এখন।,Positive
test_id_1940,"এমন পাঠকও প্রথম আলোতে আছে খোকোন–এর মতন, ভাবতেই অবাক লাগে!",Positive
test_id_1941,মুসলিম বিশ্বের সাথে ভালো সম্পর্ক গড়া ছাড়া বাংলাদেশের আর কোন গত্যন্তর নেই,Positive
test_id_1942,ভাই সাহেব আপনি মনে হয় হরহামেশাই প্রথম শ্রেণীর টিকিট কেনেন,Positive
test_id_1943,সার্বজনীন বলে কথা !,Positive
test_id_1944,মৌসুমের এই সময়ে উপার্জনটা ভালই হবে মনে হচ্ছে ।,Positive
test_id_1945,"এটা নিয়ে নিউজ করবার কি আছে?!ভগবান শুধু ভদ্রপল্লিতেই শোভা পান না, তার সকল ভক্তই সমান।",Positive
test_id_1946,বৃহৎ একটি গনতান্ত্রিক দেশের এটাই গনতন্র । ধন্যবাদ ভারতীয় হাইকোর্ট ।,Positive
test_id_1947,"খুনিদের শনাক্ত করার সক্ষমতা অাধুনিক মালয়েশিয়ার রয়েছে, যদি তাদের সদিচ্ছা থাকে।",Positive
test_id_1948,যুদ্ধ,Positive
test_id_1949,"একমাত্র রাশিয়াই কাউকে ভয় দেখায়না, কেবল সতর্ক করে অন্যদের যুদ্ধের উস্কানি না দেয়ার জন্য।",Positive
test_id_1950,এমন দৃশ্য বিধান সভায় দেখতে কেমন লাগতো।,Positive
test_id_1951,অভিনন্দন ও শুভেচ্ছা।,Positive
test_id_1952,"পাকিস্তানে হিন্দু জনসংখ্যা মাত্র ১.৬%, বাংলাদেশে ১০.৭%।",Positive
test_id_1953,আমেরিকাতে স্মেকিং গান শব্দটির আলাদা মানে আছে। বঙ্গানুবাদ করার সময় আরেকটু খেয়াল রাখা উচিৎ।,Positive
test_id_1954,আমিরাত মার্কিন নিষেধাজ্ঞা অমান্য করে এমাসে আরো বিপুল স্বর্ণ কিনবে।,Positive
test_id_1955,ন্যাটো অ্যালাই তুরস্ক পাকিস্তানের পাশে থাকলে ভারত সুবিধা করতে পারবে না।,Positive
test_id_1956,জঙ্গিবাদ বোমাবাজির এই যুগে ভালোবাসার বিশেষ প্রয়োজন আছে।,Positive
test_id_1957,যৌনসন্ত্রাসের যথাযথ শাস্তি হওয়া প্রয়োজন।,Positive
test_id_1958,"ভালবাসায় দোষ খোঁজা উচিত না। এটি একটি শিল্প, সন্ত্রাস নয়!",Positive
test_id_1959,"আল্লাহ আমাদের সাবাইকে হেদায়েত দান করুন, আমিন।",Positive
test_id_1960,ঐ পাচটি আসনের কাছাকাছি ব্যাপক সংখ্যক মিলিটারি দায়িত্বে ছিলেন।,Positive
test_id_1961,কাশ্মীরকে অবশ্যই স্বাধীন করে দেওয়া উচিত।,Positive
test_id_1962,ইন্টারনেটে যুক্ত হলে জঙ্গী আস্তানাগুলোর তথ্য উন্মক্ত হয়ে পড়বে তাই বাধ্যবাধকতা আরোপ করা হয়েছে।,Positive
test_id_1963,ফাঁসি হওয়া উচিত ছিল।,Positive
test_id_1964,মতভিন্নতা মানুষের সহজাত। পরিবার কারও সুশীল চিন্তাকে দমন করতে পারেনা।,Positive
test_id_1965,কিন্তু লাউহে মাহফুজে সংরক্ষিত কুরআন ত আল্লাহ হেফাজতের দায়িত্ব নিয়েছেন।,Positive
test_id_1966,উইকিলিকসের প্রতিষ্ঠাতা জুলিয়ান অ্যাসাঞ্জ পেলে খুশি হতাম।,Positive
test_id_1967,এই রেপিষ্ট জানোয়ারদের শাস্তি যত দ্রুত সময়ে দেয়া যাবে তত তাড়াতাড়ি দেশে শান্তি আসবে।।,Positive
test_id_1968,"জি জনাব, যোগ্য নেতার উপর আশা করাই যায়।",Positive
test_id_1969,স্বপ্ন দেখতে থাকুন।,Positive
test_id_1970,দুজনের আদর্শগত দিক থেকে যথেষ্ট মিলও রয়েছে ।,Positive
test_id_1971,"জয় মা দুর্গা। তুমি সবার, তোমাতে কোন ভেদাভেদ নাই।",Positive
test_id_1972,"বাংলাদেশের, নাসিম, রিদোয়ান বিবেক আছে না ?",Positive
test_id_1973,"পৃথিবীর সব দেশ জানে যে, পাকিস্তান জন্ম থেকে খারাপ।",Positive
test_id_1974,"শুধু আশ্রয় দিলেই হবে না, নিরাপত্তাও দিতে হবে।",Positive
test_id_1975,রাজিবের রুহের মাগফেরাত কামনা করছি,Positive
test_id_1976,"রাজিব একজন মেধাবি ছাত্র ছিল, রাজিবকে আল্লাহ জান্নাতবাসী করুক",Positive
test_id_1977,ইতিহাসের পাতা থেকে এমন উদ্ভাবনী তথ্য পড়তে ভালোই লাগে,Positive
test_id_1978,অনেক ধন্যবাদ আপনার অতি গুরুত্বপূর্ণ তথ্যগুলোর জন্য,Positive
test_id_1979,ধন্যবাদ প্রথম আলো সুন্দর একটা বিষয় পরিবেশন করার জন্য।,Positive
test_id_1980,অসাধারণ! ধন্যবাদ সুন্দর লেখার জন্য।,Positive
test_id_1981,তুর্কি ব্রিটিশ মোগল ইউরোপ সম্রাজ্যবাদী।,Positive
test_id_1982,মৃত্যুর আগের এর চেয়ে ভালো বা তৃপ্তিকর প্রাপ্তি আর কী হতে পারে!,Positive
test_id_1983,নিজের গল্প পাঠাবো কিভাবে ?,Positive
test_id_1984,ভাইয়া তানভীর অপু স্যারের লেখাগুলো পড়তে চাচ্ছি। কিভাবে পাব। দয়া করে জানাবেন।,Positive
test_id_1985,পুরো পৃথিবীটাই আমার কাছে দেশ। বিশ্বটা ভাগ করেছে মানুষ। আমি ভাগ হতে চাই না।'দারুন কথা,Positive
test_id_1986,১২ জন কিশোরের জন্য কত কিছু। কিন্তু,Positive
test_id_1987,"আরেকটা বিষয়, কেবল অর্থই নয়, নিজের রক্ত-অস্থিমজ্জা দেন করা সত্যিই বিরাট কিছু।",Positive
test_id_1988,"মা’গো, তোমাকে আল্লাহ বেহেস্ত নসিব করুক।আমিন।",Positive
test_id_1989,গল্পটার সাথে আমার লাইফের অনেকটা মিল আছে ।।।।।,Positive
test_id_1990,"যদিও জানি, লোকটি আমার মনের উষ্ণতা টের পাবেন না, তবু ভালোবাসা রইল তাঁর প্রতি",Positive
test_id_1991,শ্রদ্ধা জানাই শ্রী প্রভাষ রঞ্জন। একজন শুদ্ধ অন্তঃকরণের মানুষ।,Positive
test_id_1992,আমাদের দেশে একটা বানাইলে কেমন হয়?,Positive
test_id_1993,চিঠির মুখের কথা গুলো আপনার লেখায় পড়লাম। ভালো লেগেছে।,Positive
test_id_1994,"দারুন জিনিস জানলা, শিল্পীকে অবশ্যই জাতীয় পুরস্কার দেওয়া উচিৎ",Positive
test_id_1995,স্যরকে জাতীয় পদক দেয়া উচিৎ।,Positive
test_id_1996,আমার প্রাণঢালা শ্রদ্ধা আর ভালবাসা রইল এই গুণী ও দেশপ্রেমীক মানুষটার জন্য।,Positive
test_id_1997,এই ঘটনার চেয়েও গুরুত্বপূর্ণ ঘটনা দূর্ঘটনার সময়কার ঘটনা। সেগুলো জানতে চাই।,Positive
test_id_1998,এরকম যদি কৃষিকাজে নিজেকে নিয়োজিত করতে পারতাম শুধুই ইচ্ছাই থেকে যাচ্ছে বাস্তবায়ন করার,Positive
test_id_1999,এই স্কলারশিপের মজা হলো ওরা আপনাকে ইয়োরোপের ।,Neutral
test_id_2000,স্কলারশিপের মজা হলো ওরা আপনাকে ইয়োরোপের দুটো ।,Neutral
test_id_2001,মজা হলো ওরা আপনাকে ইয়োরোপের দুটো দেশের ।,Neutral
test_id_2002,হলো ওরা আপনাকে ইয়োরোপের দুটো দেশের দুই ।,Neutral
test_id_2003,ওরা আপনাকে ইয়োরোপের দুটো দেশের দুই বিশ্ববিদ্যালয়ে ।,Neutral
test_id_2004,আপনাকে ইয়োরোপের দুটো দেশের দুই বিশ্ববিদ্যালয়ে যৌথভাবে ।,Neutral
test_id_2005,ইয়োরোপের দুটো দেশের দুই বিশ্ববিদ্যালয়ে যৌথভাবে দুই ।,Neutral
test_id_2006,দুটো দেশের দুই বিশ্ববিদ্যালয়ে যৌথভাবে দুই বছরের ।,Neutral
test_id_2007,দেশের দুই বিশ্ববিদ্যালয়ে যৌথভাবে দুই বছরের মাস্টার্স ।,Neutral
test_id_2008,দুই বিশ্ববিদ্যালয়ে যৌথভাবে দুই বছরের মাস্টার্স ডিগ্রি ।,Neutral
test_id_2009,বিশ্ববিদ্যালয়ে যৌথভাবে দুই বছরের মাস্টার্স ডিগ্রি করাবে ।,Neutral
test_id_2010,এই স্কলারশিপের মজা হলো ওরা আপনাকে ইয়োরোপের দুটো ।,Neutral
test_id_2011,স্কলারশিপের মজা হলো ওরা আপনাকে ইয়োরোপের দুটো দেশের ।,Neutral
test_id_2012,মজা হলো ওরা আপনাকে ইয়োরোপের দুটো দেশের দুই ।,Neutral
test_id_2013,হলো ওরা আপনাকে ইয়োরোপের দুটো দেশের দুই বিশ্ববিদ্যালয়ে ।,Neutral
test_id_2014,ওরা আপনাকে ইয়োরোপের দুটো দেশের দুই বিশ্ববিদ্যালয়ে যৌথভাবে ।,Neutral
test_id_2015,আপনাকে ইয়োরোপের দুটো দেশের দুই বিশ্ববিদ্যালয়ে যৌথভাবে দুই ।,Neutral
test_id_2016,ইয়োরোপের দুটো দেশের দুই বিশ্ববিদ্যালয়ে যৌথভাবে দুই বছরের ।,Neutral
test_id_2017,দুটো দেশের দুই বিশ্ববিদ্যালয়ে যৌথভাবে দুই বছরের মাস্টার্স ।,Neutral
test_id_2018,দেশের দুই বিশ্ববিদ্যালয়ে যৌথভাবে দুই বছরের মাস্টার্স ডিগ্রি ।,Neutral
test_id_2019,দুই বিশ্ববিদ্যালয়ে যৌথভাবে দুই বছরের মাস্টার্স ডিগ্রি করাবে ।,Neutral
test_id_2020,বিশ্বের যেকোনো বিশ্ববিদ্যালয় থেকে আপনি আনকন্ডিশনাল অফার ।,Neutral
test_id_2021,যেকোনো বিশ্ববিদ্যালয় থেকে আপনি আনকন্ডিশনাল অফার লেটার ।,Neutral
test_id_2022,বিশ্ববিদ্যালয় থেকে আপনি আনকন্ডিশনাল অফার লেটার পেলে ।,Neutral
test_id_2023,থেকে আপনি আনকন্ডিশনাল অফার লেটার পেলে আপনি ।,Neutral
test_id_2024,আপনি আনকন্ডিশনাল অফার লেটার পেলে আপনি এটায় ।,Neutral
test_id_2025,আনকন্ডিশনাল অফার লেটার পেলে আপনি এটায় এপ্লাই ।,Neutral
test_id_2026,অফার লেটার পেলে আপনি এটায় এপ্লাই করতে ।,Neutral
test_id_2027,লেটার পেলে আপনি এটায় এপ্লাই করতে পারবেন ।,Neutral
test_id_2028,বিশ্বের যেকোনো বিশ্ববিদ্যালয় থেকে আপনি আনকন্ডিশনাল অফার লেটার ।,Neutral
test_id_2029,যেকোনো বিশ্ববিদ্যালয় থেকে আপনি আনকন্ডিশনাল অফার লেটার পেলে ।,Neutral
test_id_2030,বিশ্ববিদ্যালয় থেকে আপনি আনকন্ডিশনাল অফার লেটার পেলে আপনি ।,Neutral
test_id_2031,থেকে আপনি আনকন্ডিশনাল অফার লেটার পেলে আপনি এটায় ।,Neutral
test_id_2032,আপনি আনকন্ডিশনাল অফার লেটার পেলে আপনি এটায় এপ্লাই ।,Neutral
test_id_2033,আনকন্ডিশনাল অফার লেটার পেলে আপনি এটায় এপ্লাই করতে ।,Neutral
test_id_2034,অফার লেটার পেলে আপনি এটায় এপ্লাই করতে পারবেন ।,Neutral
test_id_2035,বিশ্ববিদ্যালয় অফার পাওয়ার পর আলদাভাবে এপ্লাই করতে ।,Neutral
test_id_2036,অফার পাওয়ার পর আলদাভাবে এপ্লাই করতে হবে ।,Neutral
test_id_2037,বিশ্ববিদ্যালয় অফার পাওয়ার পর আলদাভাবে এপ্লাই করতে হবে ।,Neutral
test_id_2038,সাধারণত জানুয়ারি ফেব্রুয়ারিতে ওপেন হয়ে এপ্রিল পর্যন্ত ।,Neutral
test_id_2039,জানুয়ারি ফেব্রুয়ারিতে ওপেন হয়ে এপ্রিল পর্যন্ত সময় ।,Neutral
test_id_2040,ফেব্রুয়ারিতে ওপেন হয়ে এপ্রিল পর্যন্ত সময় থাকে ।,Neutral
test_id_2041,সাধারণত জানুয়ারি ফেব্রুয়ারিতে ওপেন হয়ে এপ্রিল পর্যন্ত সময় ।,Neutral
test_id_2042,জানুয়ারি ফেব্রুয়ারিতে ওপেন হয়ে এপ্রিল পর্যন্ত সময় থাকে ।,Neutral
test_id_2043,অনেকেই দেখা যায় অনেক জ্ঞানী হওয়া সত্ত্বেও ।,Neutral
test_id_2044,দেখা যায় অনেক জ্ঞানী হওয়া সত্ত্বেও উপস্থাপনের ।,Neutral
test_id_2045,যায় অনেক জ্ঞানী হওয়া সত্ত্বেও উপস্থাপনের ঘাটতি ।,Neutral
test_id_2046,অনেক জ্ঞানী হওয়া সত্ত্বেও উপস্থাপনের ঘাটতি থাকায় ।,Neutral
test_id_2047,জ্ঞানী হওয়া সত্ত্বেও উপস্থাপনের ঘাটতি থাকায় কেউ ।,Neutral
test_id_2048,হওয়া সত্ত্বেও উপস্থাপনের ঘাটতি থাকায় কেউ তাতে ।,Neutral
test_id_2049,সত্ত্বেও উপস্থাপনের ঘাটতি থাকায় কেউ তাতে আগ্রহ ।,Neutral
test_id_2050,উপস্থাপনের ঘাটতি থাকায় কেউ তাতে আগ্রহ দেখায় ।,Neutral
test_id_2051,ঘাটতি থাকায় কেউ তাতে আগ্রহ দেখায় না ।,Neutral
test_id_2052,অনেকেই দেখা যায় অনেক জ্ঞানী হওয়া সত্ত্বেও উপস্থাপনের ।,Neutral
test_id_2053,দেখা যায় অনেক জ্ঞানী হওয়া সত্ত্বেও উপস্থাপনের ঘাটতি ।,Neutral
test_id_2054,যায় অনেক জ্ঞানী হওয়া সত্ত্বেও উপস্থাপনের ঘাটতি থাকায় ।,Neutral
test_id_2055,অনেক জ্ঞানী হওয়া সত্ত্বেও উপস্থাপনের ঘাটতি থাকায় কেউ ।,Neutral
test_id_2056,জ্ঞানী হওয়া সত্ত্বেও উপস্থাপনের ঘাটতি থাকায় কেউ তাতে ।,Neutral
test_id_2057,হওয়া সত্ত্বেও উপস্থাপনের ঘাটতি থাকায় কেউ তাতে আগ্রহ ।,Neutral
test_id_2058,সত্ত্বেও উপস্থাপনের ঘাটতি থাকায় কেউ তাতে আগ্রহ দেখায় ।,Neutral
test_id_2059,উপস্থাপনের ঘাটতি থাকায় কেউ তাতে আগ্রহ দেখায় না ।,Neutral
test_id_2060,২০১৭ সালের ফেব্রুয়ারিতে তিনি দৌড়ে টেকনাফ থেকে ।,Neutral
test_id_2061,সালের ফেব্রুয়ারিতে তিনি দৌড়ে টেকনাফ থেকে তেঁতুলিয়া ।,Neutral
test_id_2062,ফেব্রুয়ারিতে তিনি দৌড়ে টেকনাফ থেকে তেঁতুলিয়া পাড়ি ।,Neutral
test_id_2063,তিনি দৌড়ে টেকনাফ থেকে তেঁতুলিয়া পাড়ি দেবেন ।,Neutral
test_id_2064,দৌড়ে টেকনাফ থেকে তেঁতুলিয়া পাড়ি দেবেন বলে ।,Neutral
test_id_2065,টেকনাফ থেকে তেঁতুলিয়া পাড়ি দেবেন বলে বের ।,Neutral
test_id_2066,থেকে তেঁতুলিয়া পাড়ি দেবেন বলে বের হন ।,Neutral
test_id_2067,২০১৭ সালের ফেব্রুয়ারিতে তিনি দৌড়ে টেকনাফ থেকে তেঁতুলিয়া ।,Neutral
test_id_2068,সালের ফেব্রুয়ারিতে তিনি দৌড়ে টেকনাফ থেকে তেঁতুলিয়া পাড়ি ।,Neutral
test_id_2069,ফেব্রুয়ারিতে তিনি দৌড়ে টেকনাফ থেকে তেঁতুলিয়া পাড়ি দেবেন ।,Neutral
test_id_2070,তিনি দৌড়ে টেকনাফ থেকে তেঁতুলিয়া পাড়ি দেবেন বলে ।,Neutral
test_id_2071,দৌড়ে টেকনাফ থেকে তেঁতুলিয়া পাড়ি দেবেন বলে বের ।,Neutral
test_id_2072,টেকনাফ থেকে তেঁতুলিয়া পাড়ি দেবেন বলে বের হন ।,Neutral
test_id_2073,টেকনাফ থেকে সেন্ট মার্টিনস বাংলা চ্যানেল সাঁতরে ।,Neutral
test_id_2074,থেকে সেন্ট মার্টিনস বাংলা চ্যানেল সাঁতরে পার ।,Neutral
test_id_2075,সেন্ট মার্টিনস বাংলা চ্যানেল সাঁতরে পার হন ।,Neutral
test_id_2076,টেকনাফ থেকে সেন্ট মার্টিনস বাংলা চ্যানেল সাঁতরে পার ।,Neutral
test_id_2077,থেকে সেন্ট মার্টিনস বাংলা চ্যানেল সাঁতরে পার হন ।,Neutral
test_id_2078,বঙ্গবন্ধু সেতু যানবাহনে ছাড়া পার হওয়ার নিয়ম ।,Neutral
test_id_2079,সেতু যানবাহনে ছাড়া পার হওয়ার নিয়ম নেই ।,Neutral
test_id_2080,বঙ্গবন্ধু সেতু যানবাহনে ছাড়া পার হওয়ার নিয়ম নেই ।,Neutral
test_id_2081,তাহলে কি স্বপ্ন পূরণ হবে না আরাফাতের ।,Neutral
test_id_2082,এই কাজ করার জন্য অনেক আগে থেকেই ।,Neutral
test_id_2083,কাজ করার জন্য অনেক আগে থেকেই নিজেকে ।,Neutral
test_id_2084,করার জন্য অনেক আগে থেকেই নিজেকে প্রস্তুত ।,Neutral
test_id_2085,জন্য অনেক আগে থেকেই নিজেকে প্রস্তুত করেন ।,Neutral
test_id_2086,এই কাজ করার জন্য অনেক আগে থেকেই নিজেকে ।,Neutral
test_id_2087,কাজ করার জন্য অনেক আগে থেকেই নিজেকে প্রস্তুত ।,Neutral
test_id_2088,করার জন্য অনেক আগে থেকেই নিজেকে প্রস্তুত করেন ।,Neutral
test_id_2089,সুন্দর করে কথা বলা হচ্ছে একটি আর্ট ।,Neutral
test_id_2090,নিঃসন্দেহে তারা অনেক জ্ঞানী কিন্তু ঘাটতি ছিল ।,Neutral
test_id_2091,তারা অনেক জ্ঞানী কিন্তু ঘাটতি ছিল উপস্থাপনের ।,Neutral
test_id_2092,নিঃসন্দেহে তারা অনেক জ্ঞানী কিন্তু ঘাটতি ছিল উপস্থাপনের ।,Neutral
test_id_2093,বিশ্বের ভালো র‍্যাংকের বিশ্ববিদ্যালয়ে ভর্তি হয়ে অফার ।,Neutral
test_id_2094,ভালো র‍্যাংকের বিশ্ববিদ্যালয়ে ভর্তি হয়ে অফার লেটার ।,Neutral
test_id_2095,র‍্যাংকের বিশ্ববিদ্যালয়ে ভর্তি হয়ে অফার লেটার নিয়ে ।,Neutral
test_id_2096,বিশ্ববিদ্যালয়ে ভর্তি হয়ে অফার লেটার নিয়ে এই ।,Neutral
test_id_2097,ভর্তি হয়ে অফার লেটার নিয়ে এই স্কলারশিপে ।,Neutral
test_id_2098,হয়ে অফার লেটার নিয়ে এই স্কলারশিপে এপ্লাই ।,Neutral
test_id_2099,অফার লেটার নিয়ে এই স্কলারশিপে এপ্লাই করতে ।,Neutral
test_id_2100,লেটার নিয়ে এই স্কলারশিপে এপ্লাই করতে হয় ।,Neutral
test_id_2101,বিশ্বের ভালো র‍্যাংকের বিশ্ববিদ্যালয়ে ভর্তি হয়ে অফার লেটার ।,Neutral
test_id_2102,ভালো র‍্যাংকের বিশ্ববিদ্যালয়ে ভর্তি হয়ে অফার লেটার নিয়ে ।,Neutral
test_id_2103,র‍্যাংকের বিশ্ববিদ্যালয়ে ভর্তি হয়ে অফার লেটার নিয়ে এই ।,Neutral
test_id_2104,বিশ্ববিদ্যালয়ে ভর্তি হয়ে অফার লেটার নিয়ে এই স্কলারশিপে ।,Neutral
test_id_2105,ভর্তি হয়ে অফার লেটার নিয়ে এই স্কলারশিপে এপ্লাই ।,Neutral
test_id_2106,হয়ে অফার লেটার নিয়ে এই স্কলারশিপে এপ্লাই করতে ।,Neutral
test_id_2107,অফার লেটার নিয়ে এই স্কলারশিপে এপ্লাই করতে হয় ।,Neutral
test_id_2108,সাধারণত উন্নয়ন বিষয়ক পড়ালেখার জন্য এই বৃত্তি ।,Neutral
test_id_2109,উন্নয়ন বিষয়ক পড়ালেখার জন্য এই বৃত্তি দেওয়া ।,Neutral
test_id_2110,বিষয়ক পড়ালেখার জন্য এই বৃত্তি দেওয়া হয় ।,Neutral
test_id_2111,সাধারণত উন্নয়ন বিষয়ক পড়ালেখার জন্য এই বৃত্তি দেওয়া ।,Neutral
test_id_2112,উন্নয়ন বিষয়ক পড়ালেখার জন্য এই বৃত্তি দেওয়া হয় ।,Neutral
test_id_2113,কিন্তু দৌড়ে টেকনাফ-তেঁতুলিয়া পাড়ি দিতে গিয়ে পড়েন ।,Neutral
test_id_2114,দৌড়ে টেকনাফ-তেঁতুলিয়া পাড়ি দিতে গিয়ে পড়েন অভাবনীয় ।,Neutral
test_id_2115,টেকনাফ-তেঁতুলিয়া পাড়ি দিতে গিয়ে পড়েন অভাবনীয় এক ।,Neutral
test_id_2116,পাড়ি দিতে গিয়ে পড়েন অভাবনীয় এক বাধার ।,Neutral
test_id_2117,দিতে গিয়ে পড়েন অভাবনীয় এক বাধার সম্মুখে ।,Neutral
test_id_2118,কিন্তু দৌড়ে টেকনাফ-তেঁতুলিয়া পাড়ি দিতে গিয়ে পড়েন অভাবনীয় ।,Neutral
test_id_2119,দৌড়ে টেকনাফ-তেঁতুলিয়া পাড়ি দিতে গিয়ে পড়েন অভাবনীয় এক ।,Neutral
test_id_2120,টেকনাফ-তেঁতুলিয়া পাড়ি দিতে গিয়ে পড়েন অভাবনীয় এক বাধার ।,Neutral
test_id_2121,পাড়ি দিতে গিয়ে পড়েন অভাবনীয় এক বাধার সম্মুখে ।,Neutral
test_id_2122,যেমন ইরেসমাসে আপনাকে সিভি ফরম্যাট ওরাই দিয়ে ।,Neutral
test_id_2123,ইরেসমাসে আপনাকে সিভি ফরম্যাট ওরাই দিয়ে দিবে ।,Neutral
test_id_2124,যেমন ইরেসমাসে আপনাকে সিভি ফরম্যাট ওরাই দিয়ে দিবে ।,Neutral
test_id_2125,বাকিগুলোর ক্ষেত্রে সিভি হবে সিম্পল কিন্তু বেশ ।,Neutral
test_id_2126,ক্ষেত্রে সিভি হবে সিম্পল কিন্তু বেশ ঝকঝকে ।,Neutral
test_id_2127,বাকিগুলোর ক্ষেত্রে সিভি হবে সিম্পল কিন্তু বেশ ঝকঝকে ।,Neutral
test_id_2128,তোমাকে আজ এত খুশি খুশি লাগছে কেন ।,Neutral
test_id_2129,আপনার বিশ্ববিদ্যালয়ের থিসিস সুপারভাইজর বা শিক্ষক বা ।,Neutral
test_id_2130,বিশ্ববিদ্যালয়ের থিসিস সুপারভাইজর বা শিক্ষক বা আপনার ।,Neutral
test_id_2131,থিসিস সুপারভাইজর বা শিক্ষক বা আপনার কর্মক্ষেত্রের ।,Neutral
test_id_2132,সুপারভাইজর বা শিক্ষক বা আপনার কর্মক্ষেত্রের বস ।,Neutral
test_id_2133,বা শিক্ষক বা আপনার কর্মক্ষেত্রের বস থেকে ।,Neutral
test_id_2134,শিক্ষক বা আপনার কর্মক্ষেত্রের বস থেকে আপনার ।,Neutral
test_id_2135,বা আপনার কর্মক্ষেত্রের বস থেকে আপনার দুটো ।,Neutral
test_id_2136,আপনার কর্মক্ষেত্রের বস থেকে আপনার দুটো রেফারেন্স ।,Neutral
test_id_2137,কর্মক্ষেত্রের বস থেকে আপনার দুটো রেফারেন্স লেটার ।,Neutral
test_id_2138,বস থেকে আপনার দুটো রেফারেন্স লেটার লাগবে ।,Neutral
test_id_2139,আপনার বিশ্ববিদ্যালয়ের থিসিস সুপারভাইজর বা শিক্ষক বা আপনার ।,Neutral
test_id_2140,বিশ্ববিদ্যালয়ের থিসিস সুপারভাইজর বা শিক্ষক বা আপনার কর্মক্ষেত্রের ।,Neutral
test_id_2141,থিসিস সুপারভাইজর বা শিক্ষক বা আপনার কর্মক্ষেত্রের বস ।,Neutral
test_id_2142,সুপারভাইজর বা শিক্ষক বা আপনার কর্মক্ষেত্রের বস থেকে ।,Neutral
test_id_2143,বা শিক্ষক বা আপনার কর্মক্ষেত্রের বস থেকে আপনার ।,Neutral
test_id_2144,শিক্ষক বা আপনার কর্মক্ষেত্রের বস থেকে আপনার দুটো ।,Neutral
test_id_2145,বা আপনার কর্মক্ষেত্রের বস থেকে আপনার দুটো রেফারেন্স ।,Neutral
test_id_2146,আপনার কর্মক্ষেত্রের বস থেকে আপনার দুটো রেফারেন্স লেটার ।,Neutral
test_id_2147,কর্মক্ষেত্রের বস থেকে আপনার দুটো রেফারেন্স লেটার লাগবে ।,Neutral
test_id_2148,অর্থাৎ রেফারির যোগ্যতাও সেই লেভেলের হতে হবে ।,Neutral
test_id_2149,নোয়াখালী বিজ্ঞান ও প্রযুক্তি বিশ্ববিদ্যালয় থেকে পড়াশুনা ।,Neutral
test_id_2150,বিজ্ঞান ও প্রযুক্তি বিশ্ববিদ্যালয় থেকে পড়াশুনা করছি ।,Neutral
test_id_2151,নোয়াখালী বিজ্ঞান ও প্রযুক্তি বিশ্ববিদ্যালয় থেকে পড়াশুনা করছি ।,Neutral
test_id_2152,আমার দেখা সবচেয়ে সুন্দর নদী হচ্ছে পদ্মা ।,Neutral
test_id_2153,আমাদের শিক্ষকেরা সবসময় আমাদের সাহায্য করে থাকেন ।,Neutral
test_id_2154,আমরা আমাদের জীবনে অনেক মানুষকে দেখেছি যারা ।,Neutral
test_id_2155,আমাদের জীবনে অনেক মানুষকে দেখেছি যারা অনেক ।,Neutral
test_id_2156,জীবনে অনেক মানুষকে দেখেছি যারা অনেক জ্ঞানী ।,Neutral
test_id_2157,অনেক মানুষকে দেখেছি যারা অনেক জ্ঞানী হওয়া ।,Neutral
test_id_2158,মানুষকে দেখেছি যারা অনেক জ্ঞানী হওয়া সত্ত্বেও ।,Neutral
test_id_2159,দেখেছি যারা অনেক জ্ঞানী হওয়া সত্ত্বেও নিজেদের ।,Neutral
test_id_2160,যারা অনেক জ্ঞানী হওয়া সত্ত্বেও নিজেদের ঠিক ।,Neutral
test_id_2161,অনেক জ্ঞানী হওয়া সত্ত্বেও নিজেদের ঠিক মতো ।,Neutral
test_id_2162,জ্ঞানী হওয়া সত্ত্বেও নিজেদের ঠিক মতো প্রকাশ ।,Neutral
test_id_2163,হওয়া সত্ত্বেও নিজেদের ঠিক মতো প্রকাশ করতে ।,Neutral
test_id_2164,সত্ত্বেও নিজেদের ঠিক মতো প্রকাশ করতে পারে ।,Neutral
test_id_2165,নিজেদের ঠিক মতো প্রকাশ করতে পারে না ।,Neutral
test_id_2166,আমরা আমাদের জীবনে অনেক মানুষকে দেখেছি যারা অনেক ।,Neutral
test_id_2167,আমাদের জীবনে অনেক মানুষকে দেখেছি যারা অনেক জ্ঞানী ।,Neutral
test_id_2168,জীবনে অনেক মানুষকে দেখেছি যারা অনেক জ্ঞানী হওয়া ।,Neutral
test_id_2169,অনেক মানুষকে দেখেছি যারা অনেক জ্ঞানী হওয়া সত্ত্বেও ।,Neutral
test_id_2170,মানুষকে দেখেছি যারা অনেক জ্ঞানী হওয়া সত্ত্বেও নিজেদের ।,Neutral
test_id_2171,দেখেছি যারা অনেক জ্ঞানী হওয়া সত্ত্বেও নিজেদের ঠিক ।,Neutral
test_id_2172,যারা অনেক জ্ঞানী হওয়া সত্ত্বেও নিজেদের ঠিক মতো ।,Neutral
test_id_2173,অনেক জ্ঞানী হওয়া সত্ত্বেও নিজেদের ঠিক মতো প্রকাশ ।,Neutral
test_id_2174,জ্ঞানী হওয়া সত্ত্বেও নিজেদের ঠিক মতো প্রকাশ করতে ।,Neutral
test_id_2175,হওয়া সত্ত্বেও নিজেদের ঠিক মতো প্রকাশ করতে পারে ।,Neutral
test_id_2176,সত্ত্বেও নিজেদের ঠিক মতো প্রকাশ করতে পারে না ।,Neutral
test_id_2177,এমনকি শিক্ষা জীবনে এমন অনেক শিক্ষকদের দেখেছি ।,Neutral
test_id_2178,শিক্ষা জীবনে এমন অনেক শিক্ষকদের দেখেছি যাদের ।,Neutral
test_id_2179,জীবনে এমন অনেক শিক্ষকদের দেখেছি যাদের পড়া ।,Neutral
test_id_2180,এমন অনেক শিক্ষকদের দেখেছি যাদের পড়া আমরা ।,Neutral
test_id_2181,অনেক শিক্ষকদের দেখেছি যাদের পড়া আমরা কিছুই ।,Neutral
test_id_2182,শিক্ষকদের দেখেছি যাদের পড়া আমরা কিছুই বুঝতাম ।,Neutral
test_id_2183,দেখেছি যাদের পড়া আমরা কিছুই বুঝতাম না ।,Neutral
test_id_2184,এমনকি শিক্ষা জীবনে এমন অনেক শিক্ষকদের দেখেছি যাদের ।,Neutral
test_id_2185,শিক্ষা জীবনে এমন অনেক শিক্ষকদের দেখেছি যাদের পড়া ।,Neutral
test_id_2186,জীবনে এমন অনেক শিক্ষকদের দেখেছি যাদের পড়া আমরা ।,Neutral
test_id_2187,এমন অনেক শিক্ষকদের দেখেছি যাদের পড়া আমরা কিছুই ।,Neutral
test_id_2188,অনেক শিক্ষকদের দেখেছি যাদের পড়া আমরা কিছুই বুঝতাম ।,Neutral
test_id_2189,শিক্ষকদের দেখেছি যাদের পড়া আমরা কিছুই বুঝতাম না ।,Neutral
test_id_2190,’ ছেলেটার ঔদ্ধত্য দেখে অবাক হয়ে যায় ।,Neutral
test_id_2191,রতনপুরে যেমন রাজার হালে ছিলেন মানুবাবু কলকাতায় ।,Neutral
test_id_2192,যেমন রাজার হালে ছিলেন মানুবাবু কলকাতায় গিয়েও ।,Neutral
test_id_2193,রাজার হালে ছিলেন মানুবাবু কলকাতায় গিয়েও সেই ।,Neutral
test_id_2194,হালে ছিলেন মানুবাবু কলকাতায় গিয়েও সেই হালেই ।,Neutral
test_id_2195,ছিলেন মানুবাবু কলকাতায় গিয়েও সেই হালেই থাকবেন ।,Neutral
test_id_2196,রতনপুরে যেমন রাজার হালে ছিলেন মানুবাবু কলকাতায় গিয়েও ।,Neutral
test_id_2197,যেমন রাজার হালে ছিলেন মানুবাবু কলকাতায় গিয়েও সেই ।,Neutral
test_id_2198,রাজার হালে ছিলেন মানুবাবু কলকাতায় গিয়েও সেই হালেই ।,Neutral
test_id_2199,হালে ছিলেন মানুবাবু কলকাতায় গিয়েও সেই হালেই থাকবেন ।,Neutral
test_id_2200,এই গাছের পাতা দেখে মনে হচ্ছে খানিক ।,Neutral
test_id_2201,গাছের পাতা দেখে মনে হচ্ছে খানিক আগে ।,Neutral
test_id_2202,পাতা দেখে মনে হচ্ছে খানিক আগে জেগেছিল ।,Neutral
test_id_2203,এই গাছের পাতা দেখে মনে হচ্ছে খানিক আগে ।,Neutral
test_id_2204,গাছের পাতা দেখে মনে হচ্ছে খানিক আগে জেগেছিল ।,Neutral
test_id_2205,একা একা ঘোরাফেরা করে আরও ভাবুক হয়ে ।,Neutral
test_id_2206,একা ঘোরাফেরা করে আরও ভাবুক হয়ে গেছে ।,Neutral
test_id_2207,একা একা ঘোরাফেরা করে আরও ভাবুক হয়ে গেছে ।,Neutral
test_id_2208,এ রকম নির্জন বাড়িতে ঘুম ভালো হবে ।,Neutral
test_id_2209,বাইরে তাকিয়ে থাকতে থাকতে কখন ঘুমিয়ে পড়েছে ।,Neutral
test_id_2210,তাকিয়ে থাকতে থাকতে কখন ঘুমিয়ে পড়েছে শমী ।,Neutral
test_id_2211,বাইরে তাকিয়ে থাকতে থাকতে কখন ঘুমিয়ে পড়েছে শমী ।,Neutral
test_id_2212,ঘুঘুর ডাকে নির্জন দুপুরবেলাটা আরও নির্জন হয়ে ।,Neutral
test_id_2213,ডাকে নির্জন দুপুরবেলাটা আরও নির্জন হয়ে গেছে ।,Neutral
test_id_2214,ঘুঘুর ডাকে নির্জন দুপুরবেলাটা আরও নির্জন হয়ে গেছে ।,Neutral
test_id_2215,তোমাদের সঙ্গে থেকেও আমি আসলে তোমাদের সঙ্গে ।,Neutral
test_id_2216,সঙ্গে থেকেও আমি আসলে তোমাদের সঙ্গে নেই ।,Neutral
test_id_2217,তোমাদের সঙ্গে থেকেও আমি আসলে তোমাদের সঙ্গে নেই ।,Neutral
test_id_2218,কিন্তু আপনি এই নাম জানলেন কী করে ।,Neutral
test_id_2219,বাগানের ওই ঘটনার পর থেকে শমী বেশ ।,Neutral
test_id_2220,ওই ঘটনার পর থেকে শমী বেশ গম্ভীর ।,Neutral
test_id_2221,বাগানের ওই ঘটনার পর থেকে শমী বেশ গম্ভীর ।,Neutral
test_id_2222,মাস খানেকের মধ্যে এই বাড়ি পুরোনো আদলেই ।,Neutral
test_id_2223,খানেকের মধ্যে এই বাড়ি পুরোনো আদলেই নতুন ।,Neutral
test_id_2224,মধ্যে এই বাড়ি পুরোনো আদলেই নতুন রূপ ।,Neutral
test_id_2225,এই বাড়ি পুরোনো আদলেই নতুন রূপ নেবে ।,Neutral
test_id_2226,মাস খানেকের মধ্যে এই বাড়ি পুরোনো আদলেই নতুন ।,Neutral
test_id_2227,খানেকের মধ্যে এই বাড়ি পুরোনো আদলেই নতুন রূপ ।,Neutral
test_id_2228,মধ্যে এই বাড়ি পুরোনো আদলেই নতুন রূপ নেবে ।,Neutral
test_id_2229,আগামী সপ্তাহ থেকে পনেরো-কুড়িজন লোক লেগে যাবে ।,Neutral
test_id_2230,সপ্তাহ থেকে পনেরো-কুড়িজন লোক লেগে যাবে কাজে ।,Neutral
test_id_2231,আগামী সপ্তাহ থেকে পনেরো-কুড়িজন লোক লেগে যাবে কাজে ।,Neutral
test_id_2232,মির্জা সাহেব কী কী চান সেই অনুযায়ী ।,Neutral
test_id_2233,সাহেব কী কী চান সেই অনুযায়ী প্ল্যান ।,Neutral
test_id_2234,কী কী চান সেই অনুযায়ী প্ল্যান করেছে ।,Neutral
test_id_2235,মির্জা সাহেব কী কী চান সেই অনুযায়ী প্ল্যান ।,Neutral
test_id_2236,সাহেব কী কী চান সেই অনুযায়ী প্ল্যান করেছে ।,Neutral
test_id_2237,সাপ আর ওই কণ্ঠের কথা কাউকে বলল ।,Neutral
test_id_2238,আর ওই কণ্ঠের কথা কাউকে বলল না ।,Neutral
test_id_2239,সাপ আর ওই কণ্ঠের কথা কাউকে বলল না ।,Neutral
test_id_2240,দুপুরের খাওয়াদাওয়া সেরে ঢাকা থেকে আসা লোকগুলো ।,Neutral
test_id_2241,খাওয়াদাওয়া সেরে ঢাকা থেকে আসা লোকগুলো চলে ।,Neutral
test_id_2242,সেরে ঢাকা থেকে আসা লোকগুলো চলে গেল ।,Neutral
test_id_2243,দুপুরের খাওয়াদাওয়া সেরে ঢাকা থেকে আসা লোকগুলো চলে ।,Neutral
test_id_2244,খাওয়াদাওয়া সেরে ঢাকা থেকে আসা লোকগুলো চলে গেল ।,Neutral
test_id_2245,শমী অবাক হয়ে দেখল অদ্ভুত সেই গাছের ।,Neutral
test_id_2246,অবাক হয়ে দেখল অদ্ভুত সেই গাছের পাতাগুলো ।,Neutral
test_id_2247,হয়ে দেখল অদ্ভুত সেই গাছের পাতাগুলো একেবারেই ।,Neutral
test_id_2248,দেখল অদ্ভুত সেই গাছের পাতাগুলো একেবারেই নেতিয়ে ।,Neutral
test_id_2249,অদ্ভুত সেই গাছের পাতাগুলো একেবারেই নেতিয়ে পড়েছে ।,Neutral
test_id_2250,শমী অবাক হয়ে দেখল অদ্ভুত সেই গাছের পাতাগুলো ।,Neutral
test_id_2251,অবাক হয়ে দেখল অদ্ভুত সেই গাছের পাতাগুলো একেবারেই ।,Neutral
test_id_2252,হয়ে দেখল অদ্ভুত সেই গাছের পাতাগুলো একেবারেই নেতিয়ে ।,Neutral
test_id_2253,দেখল অদ্ভুত সেই গাছের পাতাগুলো একেবারেই নেতিয়ে পড়েছে ।,Neutral
test_id_2254,এবারও সেই কণ্ঠ আর কথা বলল না ।,Neutral
test_id_2255,তিরতিরে কাঁপন বন্ধ করে যেন ঘুমিয়ে পড়েছে ।,Neutral
test_id_2256,কিন্তু কথা যে সত্য তা বুঝতে পেরেছি ।,Neutral
test_id_2257,দিনদুপুরেও শমীর কী রকম ভয় ভয় করতে ।,Neutral
test_id_2258,শমীর কী রকম ভয় ভয় করতে লাগল ।,Neutral
test_id_2259,দিনদুপুরেও শমীর কী রকম ভয় ভয় করতে লাগল ।,Neutral
test_id_2260,ঘুমের ভেতর হঠাৎই শুনতে পেল জানালার বাইরে ।,Neutral
test_id_2261,ভেতর হঠাৎই শুনতে পেল জানালার বাইরে দাঁড়িয়ে ।,Neutral
test_id_2262,হঠাৎই শুনতে পেল জানালার বাইরে দাঁড়িয়ে কেউ ।,Neutral
test_id_2263,শুনতে পেল জানালার বাইরে দাঁড়িয়ে কেউ তাকে ।,Neutral
test_id_2264,পেল জানালার বাইরে দাঁড়িয়ে কেউ তাকে ডাকছে ।,Neutral
test_id_2265,ঘুমের ভেতর হঠাৎই শুনতে পেল জানালার বাইরে দাঁড়িয়ে ।,Neutral
test_id_2266,ভেতর হঠাৎই শুনতে পেল জানালার বাইরে দাঁড়িয়ে কেউ ।,Neutral
test_id_2267,হঠাৎই শুনতে পেল জানালার বাইরে দাঁড়িয়ে কেউ তাকে ।,Neutral
test_id_2268,শুনতে পেল জানালার বাইরে দাঁড়িয়ে কেউ তাকে ডাকছে ।,Neutral
test_id_2269,পটোলচেরা চোখ বলতে যা বোঝায় ঠিক তেমন ।,Neutral
test_id_2270,চোখ বলতে যা বোঝায় ঠিক তেমন চোখ ।,Neutral
test_id_2271,পটোলচেরা চোখ বলতে যা বোঝায় ঠিক তেমন চোখ ।,Neutral
test_id_2272,শেষে রানা সেন্টুর পিঠে হাত বুলিয়ে যাত্রাদলের ।,Neutral
test_id_2273,রানা সেন্টুর পিঠে হাত বুলিয়ে যাত্রাদলের বিবেকের ।,Neutral
test_id_2274,সেন্টুর পিঠে হাত বুলিয়ে যাত্রাদলের বিবেকের মতো ।,Neutral
test_id_2275,পিঠে হাত বুলিয়ে যাত্রাদলের বিবেকের মতো একটা ।,Neutral
test_id_2276,হাত বুলিয়ে যাত্রাদলের বিবেকের মতো একটা সমঝোতার ।,Neutral
test_id_2277,বুলিয়ে যাত্রাদলের বিবেকের মতো একটা সমঝোতার চেষ্টা ।,Neutral
test_id_2278,যাত্রাদলের বিবেকের মতো একটা সমঝোতার চেষ্টা চালায় ।,Neutral
test_id_2279,শেষে রানা সেন্টুর পিঠে হাত বুলিয়ে যাত্রাদলের বিবেকের ।,Neutral
test_id_2280,রানা সেন্টুর পিঠে হাত বুলিয়ে যাত্রাদলের বিবেকের মতো ।,Neutral
test_id_2281,সেন্টুর পিঠে হাত বুলিয়ে যাত্রাদলের বিবেকের মতো একটা ।,Neutral
test_id_2282,পিঠে হাত বুলিয়ে যাত্রাদলের বিবেকের মতো একটা সমঝোতার ।,Neutral
test_id_2283,হাত বুলিয়ে যাত্রাদলের বিবেকের মতো একটা সমঝোতার চেষ্টা ।,Neutral
test_id_2284,বুলিয়ে যাত্রাদলের বিবেকের মতো একটা সমঝোতার চেষ্টা চালায় ।,Neutral
test_id_2285,বাগান থেকে ফিরে আসার পর থেকে মাথায় ।,Neutral
test_id_2286,থেকে ফিরে আসার পর থেকে মাথায় ওই ।,Neutral
test_id_2287,ফিরে আসার পর থেকে মাথায় ওই এক ।,Neutral
test_id_2288,আসার পর থেকে মাথায় ওই এক চিন্তা ।,Neutral
test_id_2289,বাগান থেকে ফিরে আসার পর থেকে মাথায় ওই ।,Neutral
test_id_2290,থেকে ফিরে আসার পর থেকে মাথায় ওই এক ।,Neutral
test_id_2291,ফিরে আসার পর থেকে মাথায় ওই এক চিন্তা ।,Neutral
test_id_2292,তাহলে ভাত খেয়ে লম্বা একটা ঘুম দে ।,Neutral
test_id_2293,খাওয়াদাওয়া সেরে বারান্দার দিককার রুমে শুয়েছে শমী ।,Neutral
test_id_2294,পাতলা গোলাপি ঠোঁট আর মুখের গড়ন পানপাতার ।,Neutral
test_id_2295,গোলাপি ঠোঁট আর মুখের গড়ন পানপাতার মতো ।,Neutral
test_id_2296,পাতলা গোলাপি ঠোঁট আর মুখের গড়ন পানপাতার মতো ।,Neutral
test_id_2297,শমী তার দিকে তাকাতেই এমন করে হাসল ।,Neutral
test_id_2298,সেই হাসিতে যেন উজ্জ্বল হয়ে গেল চারদিক ।,Neutral
test_id_2299,নিঃশব্দে হেসে জানালার কাছ থেকে সরে গেল ।,Neutral
test_id_2300,এসে দেখে ধীর পায়ে বাগানের পেছন দিকে ।,Neutral
test_id_2301,দেখে ধীর পায়ে বাগানের পেছন দিকে যাচ্ছে ।,Neutral
test_id_2302,ধীর পায়ে বাগানের পেছন দিকে যাচ্ছে সে ।,Neutral
test_id_2303,এসে দেখে ধীর পায়ে বাগানের পেছন দিকে যাচ্ছে ।,Neutral
test_id_2304,দেখে ধীর পায়ে বাগানের পেছন দিকে যাচ্ছে সে ।,Neutral
test_id_2305,শমীর দিকে মুখ ঘুরিয়ে আগের মতোই নিঃশব্দে ।,Neutral
test_id_2306,দিকে মুখ ঘুরিয়ে আগের মতোই নিঃশব্দে হাসল ।,Neutral
test_id_2307,শমীর দিকে মুখ ঘুরিয়ে আগের মতোই নিঃশব্দে হাসল ।,Neutral
test_id_2308,নিজের অজান্তেই শমী তাকে অনুসরণ করতে লাগল ।,Neutral
test_id_2309,মির্জা সাহেব আর তাঁর স্ত্রী ঘুমিয়ে আছেন ।,Neutral
test_id_2310,শুধু পাখির ডাক শোনা যায় আর সবকিছু ।,Neutral
test_id_2311,পাখির ডাক শোনা যায় আর সবকিছু ছবির ।,Neutral
test_id_2312,ডাক শোনা যায় আর সবকিছু ছবির মতো ।,Neutral
test_id_2313,শোনা যায় আর সবকিছু ছবির মতো স্থির ।,Neutral
test_id_2314,শুধু পাখির ডাক শোনা যায় আর সবকিছু ছবির ।,Neutral
test_id_2315,পাখির ডাক শোনা যায় আর সবকিছু ছবির মতো ।,Neutral
test_id_2316,ডাক শোনা যায় আর সবকিছু ছবির মতো স্থির ।,Neutral
test_id_2317,কিশোরীর পিছু পিছু সে এক ময় ছুটতে ।,Neutral
test_id_2318,পিছু পিছু সে এক ময় ছুটতে লাগল ।,Neutral
test_id_2319,কিশোরীর পিছু পিছু সে এক ময় ছুটতে লাগল ।,Neutral
test_id_2320,এখন তার পরিষ্কার হাসির শব্দ শোনা যাচ্ছে ।,Neutral
test_id_2321,জলতরঙ্গের মতো মিষ্টি রিনরিন শব্দে হাসছে সে ।,Neutral
test_id_2322,মতো মিষ্টি রিনরিন শব্দে হাসছে সে আর ।,Neutral
test_id_2323,মিষ্টি রিনরিন শব্দে হাসছে সে আর পেছন ।,Neutral
test_id_2324,রিনরিন শব্দে হাসছে সে আর পেছন ফিরে ।,Neutral
test_id_2325,শব্দে হাসছে সে আর পেছন ফিরে শমীর ।,Neutral
test_id_2326,হাসছে সে আর পেছন ফিরে শমীর দিকে ।,Neutral
test_id_2327,সে আর পেছন ফিরে শমীর দিকে তাকাচ্ছে ।,Neutral
test_id_2328,জলতরঙ্গের মতো মিষ্টি রিনরিন শব্দে হাসছে সে আর ।,Neutral
test_id_2329,মতো মিষ্টি রিনরিন শব্দে হাসছে সে আর পেছন ।,Neutral
test_id_2330,মিষ্টি রিনরিন শব্দে হাসছে সে আর পেছন ফিরে ।,Neutral
test_id_2331,রিনরিন শব্দে হাসছে সে আর পেছন ফিরে শমীর ।,Neutral
test_id_2332,শব্দে হাসছে সে আর পেছন ফিরে শমীর দিকে ।,Neutral
test_id_2333,হাসছে সে আর পেছন ফিরে শমীর দিকে তাকাচ্ছে ।,Neutral
test_id_2334,একসময় সেই অচেনা গাছটার কাছে এল সে ।,Neutral
test_id_2335,তারপর হাসতে হাসতে শমীর চোখের সামনেই উধাও ।,Neutral
test_id_2336,হাসতে হাসতে শমীর চোখের সামনেই উধাও হয়ে ।,Neutral
test_id_2337,হাসতে শমীর চোখের সামনেই উধাও হয়ে গেল ।,Neutral
test_id_2338,তারপর হাসতে হাসতে শমীর চোখের সামনেই উধাও হয়ে ।,Neutral
test_id_2339,হাসতে হাসতে শমীর চোখের সামনেই উধাও হয়ে গেল ।,Neutral
test_id_2340,শমী ভাবল নিশ্চয় কোনো ঝোপঝাড়ের আড়ালে লুকিয়েছে ।,Neutral
test_id_2341,এতক্ষণ যেন ঘুমিয়ে ছিল সেই গাছের পাতা ।,Neutral
test_id_2342,কোথাও শিশুর শ্বাস ফেলার মতো হাওয়া নেই ।,Neutral
test_id_2343,শিশুর শ্বাস ফেলার মতো হাওয়া নেই অথচ ।,Neutral
test_id_2344,শ্বাস ফেলার মতো হাওয়া নেই অথচ এই ।,Neutral
test_id_2345,ফেলার মতো হাওয়া নেই অথচ এই গাছের ।,Neutral
test_id_2346,মতো হাওয়া নেই অথচ এই গাছের পাতা ।,Neutral
test_id_2347,হাওয়া নেই অথচ এই গাছের পাতা কাঁপছে ।,Neutral
test_id_2348,কোথাও শিশুর শ্বাস ফেলার মতো হাওয়া নেই অথচ ।,Neutral
test_id_2349,শিশুর শ্বাস ফেলার মতো হাওয়া নেই অথচ এই ।,Neutral
test_id_2350,শ্বাস ফেলার মতো হাওয়া নেই অথচ এই গাছের ।,Neutral
test_id_2351,ফেলার মতো হাওয়া নেই অথচ এই গাছের পাতা ।,Neutral
test_id_2352,মতো হাওয়া নেই অথচ এই গাছের পাতা কাঁপছে ।,Neutral
test_id_2353,ঘোর লাগা চোখে গাছের দিকে তাকিয়ে রইল ।,Neutral
test_id_2354,লাগা চোখে গাছের দিকে তাকিয়ে রইল শমী ।,Neutral
test_id_2355,ঘোর লাগা চোখে গাছের দিকে তাকিয়ে রইল শমী ।,Neutral
test_id_2356,খুব কাছ থেকে ঠিক তখনই ভেসে এল ।,Neutral
test_id_2357,কাছ থেকে ঠিক তখনই ভেসে এল সকালবেলার ।,Neutral
test_id_2358,থেকে ঠিক তখনই ভেসে এল সকালবেলার সেই ।,Neutral
test_id_2359,ঠিক তখনই ভেসে এল সকালবেলার সেই কণ্ঠ ।,Neutral
test_id_2360,খুব কাছ থেকে ঠিক তখনই ভেসে এল সকালবেলার ।,Neutral
test_id_2361,কাছ থেকে ঠিক তখনই ভেসে এল সকালবেলার সেই ।,Neutral
test_id_2362,থেকে ঠিক তখনই ভেসে এল সকালবেলার সেই কণ্ঠ ।,Neutral
test_id_2363,সাঁইত্রিশ বছর আগে বাগানের এদিকটায় সাপে কেটেছিল ।,Neutral
test_id_2364,বছর আগে বাগানের এদিকটায় সাপে কেটেছিল আমাকে ।,Neutral
test_id_2365,সাঁইত্রিশ বছর আগে বাগানের এদিকটায় সাপে কেটেছিল আমাকে ।,Neutral
test_id_2366,তখন আমার বয়স তেরো বছর আট মাস ।,Neutral
test_id_2367,আমার বয়স এখন ঠিক তেরো বছর আট ।,Neutral
test_id_2368,বয়স এখন ঠিক তেরো বছর আট মাস ।,Neutral
test_id_2369,আমার বয়স এখন ঠিক তেরো বছর আট মাস ।,Neutral
test_id_2370,এ জন্যই তোমার সঙ্গে আমার দেখা হলো ।,Neutral
test_id_2371,সাঁইত্রিশ বছর আগে সাপের কামড়ে মরে গেলাম ।,Neutral
test_id_2372,মা নীলিমা রায়চৌধুরী কত কাঁদলেন আমার জন্য ।,Neutral
test_id_2373,তুমি যে সাপ দেখেছ ঠিক ও রকম ।,Neutral
test_id_2374,যে সাপ দেখেছ ঠিক ও রকম কালো ।,Neutral
test_id_2375,সাপ দেখেছ ঠিক ও রকম কালো গোখরো ।,Neutral
test_id_2376,দেখেছ ঠিক ও রকম কালো গোখরো কেটেছিল ।,Neutral
test_id_2377,ঠিক ও রকম কালো গোখরো কেটেছিল আমাকে ।,Neutral
test_id_2378,তুমি যে সাপ দেখেছ ঠিক ও রকম কালো ।,Neutral
test_id_2379,যে সাপ দেখেছ ঠিক ও রকম কালো গোখরো ।,Neutral
test_id_2380,সাপ দেখেছ ঠিক ও রকম কালো গোখরো কেটেছিল ।,Neutral
test_id_2381,দেখেছ ঠিক ও রকম কালো গোখরো কেটেছিল আমাকে ।,Neutral
test_id_2382,সকালের ও রকম সময়ে মা আমাকে পাঠিয়েছিলেন ।,Neutral
test_id_2383,ও রকম সময়ে মা আমাকে পাঠিয়েছিলেন লেবু ।,Neutral
test_id_2384,রকম সময়ে মা আমাকে পাঠিয়েছিলেন লেবু তুলতে ।,Neutral
test_id_2385,সকালের ও রকম সময়ে মা আমাকে পাঠিয়েছিলেন লেবু ।,Neutral
test_id_2386,ও রকম সময়ে মা আমাকে পাঠিয়েছিলেন লেবু তুলতে ।,Neutral
test_id_2387,তখন এই বাড়িতে লেবুর বলতে গেলে বাগান ।,Neutral
test_id_2388,এই বাড়িতে লেবুর বলতে গেলে বাগান ছিল ।,Neutral
test_id_2389,তখন এই বাড়িতে লেবুর বলতে গেলে বাগান ছিল ।,Neutral
test_id_2390,আমি গুনগুন করে গান গাইছি আর লেবু ।,Neutral
test_id_2391,গুনগুন করে গান গাইছি আর লেবু তুলছি ।,Neutral
test_id_2392,আমি গুনগুন করে গান গাইছি আর লেবু তুলছি ।,Neutral
test_id_2393,আমি শুধু ‘মা’ বলে একটা চিৎকার দিতে ।,Neutral
test_id_2394,শুধু ‘মা’ বলে একটা চিৎকার দিতে পেড়েছিলাম . ।,Neutral
test_id_2395,আমি শুধু ‘মা’ বলে একটা চিৎকার দিতে পেড়েছিলাম . ।,Neutral
test_id_2396,আমার মা আমার দুঃখে পাগল হয়ে গিয়েছিলেন ।,Neutral
test_id_2397,দিনে দিনে সবাই আমার কথা ভুলে গেল ।,Neutral
test_id_2398,ঘোর লাগা অপলক চোখে গাছটার দিকে তাকিয়ে ।,Neutral
test_id_2399,লাগা অপলক চোখে গাছটার দিকে তাকিয়ে রইল ।,Neutral
test_id_2400,ঘোর লাগা অপলক চোখে গাছটার দিকে তাকিয়ে রইল ।,Neutral
test_id_2401,ছোবল দেওয়ার পরপরই মনে হলো শরীর ভেঙে ।,Neutral
test_id_2402,দেওয়ার পরপরই মনে হলো শরীর ভেঙে নামছে ।,Neutral
test_id_2403,পরপরই মনে হলো শরীর ভেঙে নামছে গভীর ।,Neutral
test_id_2404,মনে হলো শরীর ভেঙে নামছে গভীর ঘুম ।,Neutral
test_id_2405,ছোবল দেওয়ার পরপরই মনে হলো শরীর ভেঙে নামছে ।,Neutral
test_id_2406,দেওয়ার পরপরই মনে হলো শরীর ভেঙে নামছে গভীর ।,Neutral
test_id_2407,পরপরই মনে হলো শরীর ভেঙে নামছে গভীর ঘুম ।,Neutral
test_id_2408,ঘুমের চাপে শরীর জমে বরফ হয়ে যাচ্ছে ।,Neutral
test_id_2409,ঘুমভাঙা চোখে যেমন করে কাঁপে চোখের পাতা ।,Neutral
test_id_2410, .আহা কী সুন্দর দিন ছিল এই বাড়িতে ।,Neutral
test_id_2411,তেরো বছর আট মাস বয়সে রয়ে গেলাম ।,Neutral
test_id_2412,সবাই আমার কথা ভুললেও বাবা কখনো ভোলেননি ।,Neutral
test_id_2413,দাদা-দিদিরা যে যার মতো কলকাতায় গিয়ে জীবন ।,Neutral
test_id_2414,যে যার মতো কলকাতায় গিয়ে জীবন গোছাল ।,Neutral
test_id_2415,দাদা-দিদিরা যে যার মতো কলকাতায় গিয়ে জীবন গোছাল ।,Neutral
test_id_2416,এই সেদিন পর্যন্ত লাঠি হাতে বাগানের এদিকটায় ।,Neutral
test_id_2417,সেদিন পর্যন্ত লাঠি হাতে বাগানের এদিকটায় আসতেন ।,Neutral
test_id_2418,এই সেদিন পর্যন্ত লাঠি হাতে বাগানের এদিকটায় আসতেন ।,Neutral
test_id_2419,সাঁইত্রিশ বছর ধরেই তাঁকে দেখলাম লাঠি হাতে ।,Neutral
test_id_2420,বছর ধরেই তাঁকে দেখলাম লাঠি হাতে এদিকটায় ।,Neutral
test_id_2421,ধরেই তাঁকে দেখলাম লাঠি হাতে এদিকটায় আসতে ।,Neutral
test_id_2422,সাঁইত্রিশ বছর ধরেই তাঁকে দেখলাম লাঠি হাতে এদিকটায় ।,Neutral
test_id_2423,বছর ধরেই তাঁকে দেখলাম লাঠি হাতে এদিকটায় আসতে ।,Neutral
test_id_2424,কেন আসতেন সেই রহস্য জানি শুধু আমি ।,Neutral
test_id_2425,আসতেন সেই রহস্য জানি শুধু আমি আর ।,Neutral
test_id_2426,সেই রহস্য জানি শুধু আমি আর বাবা ।,Neutral
test_id_2427,কেন আসতেন সেই রহস্য জানি শুধু আমি আর ।,Neutral
test_id_2428,আসতেন সেই রহস্য জানি শুধু আমি আর বাবা ।,Neutral
test_id_2429, .গভীর রাতে বাবা একা একা আমার জন্য ।,Neutral
test_id_2430,রাতে বাবা একা একা আমার জন্য কাঁদতেন ।,Neutral
test_id_2431, .গভীর রাতে বাবা একা একা আমার জন্য কাঁদতেন ।,Neutral
test_id_2432,তবু এখান থেকে সেই কান্না আমি শুনতাম ।,Neutral
test_id_2433,তোমার সঙ্গে আমার আর কথা হবে না ।,Neutral
test_id_2434,কিন্তু সারা জীবন আমার কথা তোমার মনে ।,Neutral
test_id_2435,সারা জীবন আমার কথা তোমার মনে থাকবে ।,Neutral
test_id_2436,কিন্তু সারা জীবন আমার কথা তোমার মনে থাকবে ।,Neutral
test_id_2437,কীভাবে থাকবে সে কথা জানবে শুধু তুমি ।,Neutral
test_id_2438,তিরতির করে কাঁপতে থাকা পাতাগুলো স্থির হলো ।,Neutral
test_id_2439,তিন শেষ বিকেলে বাড়ির সামনের দিককার পুকুরঘাটে ।,Neutral
test_id_2440,শেষ বিকেলে বাড়ির সামনের দিককার পুকুরঘাটে বসে ।,Neutral
test_id_2441,বিকেলে বাড়ির সামনের দিককার পুকুরঘাটে বসে আছে ।,Neutral
test_id_2442,বাড়ির সামনের দিককার পুকুরঘাটে বসে আছে পবন ।,Neutral
test_id_2443,তিন শেষ বিকেলে বাড়ির সামনের দিককার পুকুরঘাটে বসে ।,Neutral
test_id_2444,শেষ বিকেলে বাড়ির সামনের দিককার পুকুরঘাটে বসে আছে ।,Neutral
test_id_2445,বিকেলে বাড়ির সামনের দিককার পুকুরঘাটে বসে আছে পবন ।,Neutral
test_id_2446,বসার ভঙ্গি দেখে বোঝা যায় সারা দিনের ।,Neutral
test_id_2447,ভঙ্গি দেখে বোঝা যায় সারা দিনের খাটাখাটনির ।,Neutral
test_id_2448,দেখে বোঝা যায় সারা দিনের খাটাখাটনির পর ।,Neutral
test_id_2449,বোঝা যায় সারা দিনের খাটাখাটনির পর একটু ।,Neutral
test_id_2450,যায় সারা দিনের খাটাখাটনির পর একটু জিরিয়ে ।,Neutral
test_id_2451,সারা দিনের খাটাখাটনির পর একটু জিরিয়ে নিচ্ছে ।,Neutral
test_id_2452,বসার ভঙ্গি দেখে বোঝা যায় সারা দিনের খাটাখাটনির ।,Neutral
test_id_2453,ভঙ্গি দেখে বোঝা যায় সারা দিনের খাটাখাটনির পর ।,Neutral
test_id_2454,দেখে বোঝা যায় সারা দিনের খাটাখাটনির পর একটু ।,Neutral
test_id_2455,বোঝা যায় সারা দিনের খাটাখাটনির পর একটু জিরিয়ে ।,Neutral
test_id_2456,যায় সারা দিনের খাটাখাটনির পর একটু জিরিয়ে নিচ্ছে ।,Neutral
test_id_2457,এ রকম হাওয়ায় মন ভালো হয়ে যায় ।,Neutral
test_id_2458,রকম হাওয়ায় মন ভালো হয়ে যায় মানুষের ।,Neutral
test_id_2459,এ রকম হাওয়ায় মন ভালো হয়ে যায় মানুষের ।,Neutral
test_id_2460,যে অদ্ভুত ঘটনা তার জীবনে আজ ঘটেছে ।,Neutral
test_id_2461,অদ্ভুত ঘটনা তার জীবনে আজ ঘটেছে সেই ।,Neutral
test_id_2462,ঘটনা তার জীবনে আজ ঘটেছে সেই ঘটনায় ।,Neutral
test_id_2463,তার জীবনে আজ ঘটেছে সেই ঘটনায় যতটা ।,Neutral
test_id_2464,জীবনে আজ ঘটেছে সেই ঘটনায় যতটা না ।,Neutral
test_id_2465,আজ ঘটেছে সেই ঘটনায় যতটা না শিহরিত ।,Neutral
test_id_2466,ঘটেছে সেই ঘটনায় যতটা না শিহরিত হওয়ার ।,Neutral
test_id_2467,সেই ঘটনায় যতটা না শিহরিত হওয়ার কথা ।,Neutral
test_id_2468,যে অদ্ভুত ঘটনা তার জীবনে আজ ঘটেছে সেই ।,Neutral
test_id_2469,অদ্ভুত ঘটনা তার জীবনে আজ ঘটেছে সেই ঘটনায় ।,Neutral
test_id_2470,ঘটনা তার জীবনে আজ ঘটেছে সেই ঘটনায় যতটা ।,Neutral
test_id_2471,তার জীবনে আজ ঘটেছে সেই ঘটনায় যতটা না ।,Neutral
test_id_2472,জীবনে আজ ঘটেছে সেই ঘটনায় যতটা না শিহরিত ।,Neutral
test_id_2473,আজ ঘটেছে সেই ঘটনায় যতটা না শিহরিত হওয়ার ।,Neutral
test_id_2474,ঘটেছে সেই ঘটনায় যতটা না শিহরিত হওয়ার কথা ।,Neutral
test_id_2475,তা না হয়ে বাবুই মেয়েটির জন্য কষ্ট ।,Neutral
test_id_2476,না হয়ে বাবুই মেয়েটির জন্য কষ্ট হচ্ছে ।,Neutral
test_id_2477,তা না হয়ে বাবুই মেয়েটির জন্য কষ্ট হচ্ছে ।,Neutral
test_id_2478,গাছ হয়ে যে তার সঙ্গে কথা বলল ।,Neutral
test_id_2479,রায়চৌধুরী সাহেবের স্ত্রীর নাম কি নীলিমা রায়চৌধুরী ।,Neutral
test_id_2480,এই বাড়ির কোনো মেয়ে সাপের কামড়ে মারা ।,Neutral
test_id_2481,বাড়ির কোনো মেয়ে সাপের কামড়ে মারা গিয়েছিল ।,Neutral
test_id_2482,এই বাড়ির কোনো মেয়ে সাপের কামড়ে মারা গিয়েছিল ।,Neutral
test_id_2483,আচমকা যেন কেউ একটা ধাক্কা দিয়েছে পবনকে ।,Neutral
test_id_2484,যেন কেউ একটা ধাক্কা দিয়েছে পবনকে এমনভাবে ।,Neutral
test_id_2485,কেউ একটা ধাক্কা দিয়েছে পবনকে এমনভাবে চমকাল ।,Neutral
test_id_2486,একটা ধাক্কা দিয়েছে পবনকে এমনভাবে চমকাল সে ।,Neutral
test_id_2487,আচমকা যেন কেউ একটা ধাক্কা দিয়েছে পবনকে এমনভাবে ।,Neutral
test_id_2488,যেন কেউ একটা ধাক্কা দিয়েছে পবনকে এমনভাবে চমকাল ।,Neutral
test_id_2489,কেউ একটা ধাক্কা দিয়েছে পবনকে এমনভাবে চমকাল সে ।,Neutral
test_id_2490,তেরো বছর আট মাস বয়স ছিল বাবুইদির ।,Neutral
test_id_2491,কিন্তু .কিন্তু তার কথা তো সবাই ভুলে গেছে ।,Neutral
test_id_2492,তুমি কোথা থেকে কেমন করে এসব তথ্য ।,Neutral
test_id_2493,কোথা থেকে কেমন করে এসব তথ্য জোগাড় ।,Neutral
test_id_2494,থেকে কেমন করে এসব তথ্য জোগাড় করলে ।,Neutral
test_id_2495,তুমি কোথা থেকে কেমন করে এসব তথ্য জোগাড় ।,Neutral
test_id_2496,কোথা থেকে কেমন করে এসব তথ্য জোগাড় করলে ।,Neutral
test_id_2497,আমি আপনার কোনো প্রশ্নের উত্তর দেব না ।,Neutral
test_id_2498,আপনি আমার আর একটা প্রশ্নের উত্তর দিন ।,Neutral
test_id_2499,প্রতিদিন কোনো না কোনো গাছের দিকে সে ।,Neutral
test_id_2500,কোনো না কোনো গাছের দিকে সে তাকায় ।,Neutral
test_id_2501,প্রতিদিন কোনো না কোনো গাছের দিকে সে তাকায় ।,Neutral
test_id_2502,রতনপুরের রায়চৌধুরী বাড়ির সেই অদ্ভুত গাছের কথা ।,Neutral
test_id_2503,সেবার ঢাকায় ফিরে আসার কিছুদিন পর পবনকে ।,Neutral
test_id_2504,ঢাকায় ফিরে আসার কিছুদিন পর পবনকে সে ।,Neutral
test_id_2505,ফিরে আসার কিছুদিন পর পবনকে সে ফোন ।,Neutral
test_id_2506,আসার কিছুদিন পর পবনকে সে ফোন করেছিল ।,Neutral
test_id_2507,সেবার ঢাকায় ফিরে আসার কিছুদিন পর পবনকে সে ।,Neutral
test_id_2508,ঢাকায় ফিরে আসার কিছুদিন পর পবনকে সে ফোন ।,Neutral
test_id_2509,ফিরে আসার কিছুদিন পর পবনকে সে ফোন করেছিল ।,Neutral
test_id_2510,তোমরা চলে যাওয়ার দিন থেকেই গাছের পাতাগুলো ।,Neutral
test_id_2511,চলে যাওয়ার দিন থেকেই গাছের পাতাগুলো শুকাতে ।,Neutral
test_id_2512,যাওয়ার দিন থেকেই গাছের পাতাগুলো শুকাতে শুরু ।,Neutral
test_id_2513,দিন থেকেই গাছের পাতাগুলো শুকাতে শুরু করল ।,Neutral
test_id_2514,তোমরা চলে যাওয়ার দিন থেকেই গাছের পাতাগুলো শুকাতে ।,Neutral
test_id_2515,চলে যাওয়ার দিন থেকেই গাছের পাতাগুলো শুকাতে শুরু ।,Neutral
test_id_2516,যাওয়ার দিন থেকেই গাছের পাতাগুলো শুকাতে শুরু করল ।,Neutral
test_id_2517,তিন-চার দিনের মধ্যে গাছটা মরে কাঠ হয়ে ।,Neutral
test_id_2518,দিনের মধ্যে গাছটা মরে কাঠ হয়ে গেল ।,Neutral
test_id_2519,তিন-চার দিনের মধ্যে গাছটা মরে কাঠ হয়ে গেল ।,Neutral
test_id_2520,অচেনা সেই গাছের কথা আজ পর্যন্ত কাউকে ।,Neutral
test_id_2521,সেই গাছের কথা আজ পর্যন্ত কাউকে সে ।,Neutral
test_id_2522,গাছের কথা আজ পর্যন্ত কাউকে সে বলেনি ।,Neutral
test_id_2523,অচেনা সেই গাছের কথা আজ পর্যন্ত কাউকে সে ।,Neutral
test_id_2524,সেই গাছের কথা আজ পর্যন্ত কাউকে সে বলেনি ।,Neutral
test_id_2525,হাওয়ায় কাঁপতে থাকা পাতার দিকে তাকাবে আর ।,Neutral
test_id_2526,কাঁপতে থাকা পাতার দিকে তাকাবে আর মনে ।,Neutral
test_id_2527,থাকা পাতার দিকে তাকাবে আর মনে মনে ।,Neutral
test_id_2528,পাতার দিকে তাকাবে আর মনে মনে বলবে ।,Neutral
test_id_2529,হাওয়ায় কাঁপতে থাকা পাতার দিকে তাকাবে আর মনে ।,Neutral
test_id_2530,কাঁপতে থাকা পাতার দিকে তাকাবে আর মনে মনে ।,Neutral
test_id_2531,থাকা পাতার দিকে তাকাবে আর মনে মনে বলবে ।,Neutral
test_id_2532,গাছের পাতা নড়েচড়ে তোমার কথা মনে পড়ে ।,Neutral
test_id_2533,’ সেন্টু ফস করে ঘোষণাটা দিয়ে দিল ।,Neutral
test_id_2534,কথা হচ্ছিল আমাদের পাঁচজনের একটা দল গঠন ।,Neutral
test_id_2535,হচ্ছিল আমাদের পাঁচজনের একটা দল গঠন নিয়ে ।,Neutral
test_id_2536,কথা হচ্ছিল আমাদের পাঁচজনের একটা দল গঠন নিয়ে ।,Neutral
test_id_2537,পরের দিন জয়দেবপুর রাজবাড়ি মাঠে আন্তস্কুল ফুটবলের ।,Neutral
test_id_2538,দিন জয়দেবপুর রাজবাড়ি মাঠে আন্তস্কুল ফুটবলের ফাইনাল ।,Neutral
test_id_2539,জয়দেবপুর রাজবাড়ি মাঠে আন্তস্কুল ফুটবলের ফাইনাল খেলা ।,Neutral
test_id_2540,পরের দিন জয়দেবপুর রাজবাড়ি মাঠে আন্তস্কুল ফুটবলের ফাইনাল ।,Neutral
test_id_2541,দিন জয়দেবপুর রাজবাড়ি মাঠে আন্তস্কুল ফুটবলের ফাইনাল খেলা ।,Neutral
test_id_2542,মোটামুটি ১২ কিলোমিটার দূরের মাঠে যাওয়ার জন্য ।,Neutral
test_id_2543,১২ কিলোমিটার দূরের মাঠে যাওয়ার জন্য স্কুল ।,Neutral
test_id_2544,কিলোমিটার দূরের মাঠে যাওয়ার জন্য স্কুল থেকেই ।,Neutral
test_id_2545,দূরের মাঠে যাওয়ার জন্য স্কুল থেকেই বাসের ।,Neutral
test_id_2546,মাঠে যাওয়ার জন্য স্কুল থেকেই বাসের ব্যবস্থা ।,Neutral
test_id_2547,যাওয়ার জন্য স্কুল থেকেই বাসের ব্যবস্থা করা ।,Neutral
test_id_2548,জন্য স্কুল থেকেই বাসের ব্যবস্থা করা হয়েছে ।,Neutral
test_id_2549,মোটামুটি ১২ কিলোমিটার দূরের মাঠে যাওয়ার জন্য স্কুল ।,Neutral
test_id_2550,১২ কিলোমিটার দূরের মাঠে যাওয়ার জন্য স্কুল থেকেই ।,Neutral
test_id_2551,কিলোমিটার দূরের মাঠে যাওয়ার জন্য স্কুল থেকেই বাসের ।,Neutral
test_id_2552,দূরের মাঠে যাওয়ার জন্য স্কুল থেকেই বাসের ব্যবস্থা ।,Neutral
test_id_2553,মাঠে যাওয়ার জন্য স্কুল থেকেই বাসের ব্যবস্থা করা ।,Neutral
test_id_2554,যাওয়ার জন্য স্কুল থেকেই বাসের ব্যবস্থা করা হয়েছে ।,Neutral
test_id_2555,পাশাপাশি বসে খেলা দেখা আর গলা ফাটিয়ে ।,Neutral
test_id_2556,বসে খেলা দেখা আর গলা ফাটিয়ে চিল্লাফাল্লা ।,Neutral
test_id_2557,খেলা দেখা আর গলা ফাটিয়ে চিল্লাফাল্লা করে ।,Neutral
test_id_2558,দেখা আর গলা ফাটিয়ে চিল্লাফাল্লা করে নিজেদের ।,Neutral
test_id_2559,আর গলা ফাটিয়ে চিল্লাফাল্লা করে নিজেদের টিমকে ।,Neutral
test_id_2560,গলা ফাটিয়ে চিল্লাফাল্লা করে নিজেদের টিমকে উৎসাহ ।,Neutral
test_id_2561,ফাটিয়ে চিল্লাফাল্লা করে নিজেদের টিমকে উৎসাহ জোগানোর ।,Neutral
test_id_2562,চিল্লাফাল্লা করে নিজেদের টিমকে উৎসাহ জোগানোর জন্য ।,Neutral
test_id_2563,করে নিজেদের টিমকে উৎসাহ জোগানোর জন্য একটা ।,Neutral
test_id_2564,নিজেদের টিমকে উৎসাহ জোগানোর জন্য একটা ছোটখাটো ।,Neutral
test_id_2565,টিমকে উৎসাহ জোগানোর জন্য একটা ছোটখাটো দল ।,Neutral
test_id_2566,উৎসাহ জোগানোর জন্য একটা ছোটখাটো দল পাকানো ।,Neutral
test_id_2567,জোগানোর জন্য একটা ছোটখাটো দল পাকানো দরকার ।,Neutral
test_id_2568,পাশাপাশি বসে খেলা দেখা আর গলা ফাটিয়ে চিল্লাফাল্লা ।,Neutral
test_id_2569,বসে খেলা দেখা আর গলা ফাটিয়ে চিল্লাফাল্লা করে ।,Neutral
test_id_2570,খেলা দেখা আর গলা ফাটিয়ে চিল্লাফাল্লা করে নিজেদের ।,Neutral
test_id_2571,দেখা আর গলা ফাটিয়ে চিল্লাফাল্লা করে নিজেদের টিমকে ।,Neutral
test_id_2572,আর গলা ফাটিয়ে চিল্লাফাল্লা করে নিজেদের টিমকে উৎসাহ ।,Neutral
test_id_2573,গলা ফাটিয়ে চিল্লাফাল্লা করে নিজেদের টিমকে উৎসাহ জোগানোর ।,Neutral
test_id_2574,ফাটিয়ে চিল্লাফাল্লা করে নিজেদের টিমকে উৎসাহ জোগানোর জন্য ।,Neutral
test_id_2575,চিল্লাফাল্লা করে নিজেদের টিমকে উৎসাহ জোগানোর জন্য একটা ।,Neutral
test_id_2576,করে নিজেদের টিমকে উৎসাহ জোগানোর জন্য একটা ছোটখাটো ।,Neutral
test_id_2577,নিজেদের টিমকে উৎসাহ জোগানোর জন্য একটা ছোটখাটো দল ।,Neutral
test_id_2578,টিমকে উৎসাহ জোগানোর জন্য একটা ছোটখাটো দল পাকানো ।,Neutral
test_id_2579,উৎসাহ জোগানোর জন্য একটা ছোটখাটো দল পাকানো দরকার ।,Neutral
test_id_2580,কিন্তু সেন্টু ভেটো দিয়ে বসল আলিনূরের বিপক্ষে ।,Neutral
test_id_2581,বরিশালের ছেলে সেন্টু বেশি উত্তেজিত হয়ে গেলে ।,Neutral
test_id_2582,ছেলে সেন্টু বেশি উত্তেজিত হয়ে গেলে মাতৃভাষায় ।,Neutral
test_id_2583,সেন্টু বেশি উত্তেজিত হয়ে গেলে মাতৃভাষায় কথা ।,Neutral
test_id_2584,বেশি উত্তেজিত হয়ে গেলে মাতৃভাষায় কথা বলার ।,Neutral
test_id_2585,উত্তেজিত হয়ে গেলে মাতৃভাষায় কথা বলার চেষ্টা ।,Neutral
test_id_2586,হয়ে গেলে মাতৃভাষায় কথা বলার চেষ্টা চালায় ।,Neutral
test_id_2587,গেলে মাতৃভাষায় কথা বলার চেষ্টা চালায় আর ।,Neutral
test_id_2588,মাতৃভাষায় কথা বলার চেষ্টা চালায় আর একই ।,Neutral
test_id_2589,কথা বলার চেষ্টা চালায় আর একই বাক্য ।,Neutral
test_id_2590,বলার চেষ্টা চালায় আর একই বাক্য দুবার ।,Neutral
test_id_2591,চেষ্টা চালায় আর একই বাক্য দুবার বলে ।,Neutral
test_id_2592,বরিশালের ছেলে সেন্টু বেশি উত্তেজিত হয়ে গেলে মাতৃভাষায় ।,Neutral
test_id_2593,ছেলে সেন্টু বেশি উত্তেজিত হয়ে গেলে মাতৃভাষায় কথা ।,Neutral
test_id_2594,সেন্টু বেশি উত্তেজিত হয়ে গেলে মাতৃভাষায় কথা বলার ।,Neutral
test_id_2595,বেশি উত্তেজিত হয়ে গেলে মাতৃভাষায় কথা বলার চেষ্টা ।,Neutral
test_id_2596,উত্তেজিত হয়ে গেলে মাতৃভাষায় কথা বলার চেষ্টা চালায় ।,Neutral
test_id_2597,হয়ে গেলে মাতৃভাষায় কথা বলার চেষ্টা চালায় আর ।,Neutral
test_id_2598,গেলে মাতৃভাষায় কথা বলার চেষ্টা চালায় আর একই ।,Neutral
test_id_2599,মাতৃভাষায় কথা বলার চেষ্টা চালায় আর একই বাক্য ।,Neutral
test_id_2600,কথা বলার চেষ্টা চালায় আর একই বাক্য দুবার ।,Neutral
test_id_2601,বলার চেষ্টা চালায় আর একই বাক্য দুবার বলে ।,Neutral
test_id_2602,জনি ওকে বোঝানোর চেষ্টায় ডান হাতের পাঞ্জাটা ।,Neutral
test_id_2603,ওকে বোঝানোর চেষ্টায় ডান হাতের পাঞ্জাটা ট্রাফিক ।,Neutral
test_id_2604,বোঝানোর চেষ্টায় ডান হাতের পাঞ্জাটা ট্রাফিক পুলিশের ।,Neutral
test_id_2605,চেষ্টায় ডান হাতের পাঞ্জাটা ট্রাফিক পুলিশের মতো ।,Neutral
test_id_2606,ডান হাতের পাঞ্জাটা ট্রাফিক পুলিশের মতো উঁচিয়ে ।,Neutral
test_id_2607,হাতের পাঞ্জাটা ট্রাফিক পুলিশের মতো উঁচিয়ে ধরে ।,Neutral
test_id_2608,জনি ওকে বোঝানোর চেষ্টায় ডান হাতের পাঞ্জাটা ট্রাফিক ।,Neutral
test_id_2609,ওকে বোঝানোর চেষ্টায় ডান হাতের পাঞ্জাটা ট্রাফিক পুলিশের ।,Neutral
test_id_2610,বোঝানোর চেষ্টায় ডান হাতের পাঞ্জাটা ট্রাফিক পুলিশের মতো ।,Neutral
test_id_2611,চেষ্টায় ডান হাতের পাঞ্জাটা ট্রাফিক পুলিশের মতো উঁচিয়ে ।,Neutral
test_id_2612,ডান হাতের পাঞ্জাটা ট্রাফিক পুলিশের মতো উঁচিয়ে ধরে ।,Neutral
test_id_2613,এর মাঝেই ট্রাফিক সিগন্যাল না-মানা বেয়াড়া ড্রাইভারের ।,Neutral
test_id_2614,মাঝেই ট্রাফিক সিগন্যাল না-মানা বেয়াড়া ড্রাইভারের মতো ।,Neutral
test_id_2615,ট্রাফিক সিগন্যাল না-মানা বেয়াড়া ড্রাইভারের মতো সেন্টু ।,Neutral
test_id_2616,সিগন্যাল না-মানা বেয়াড়া ড্রাইভারের মতো সেন্টু গড়গড় ।,Neutral
test_id_2617,না-মানা বেয়াড়া ড্রাইভারের মতো সেন্টু গড়গড় করে ।,Neutral
test_id_2618,বেয়াড়া ড্রাইভারের মতো সেন্টু গড়গড় করে ওর ।,Neutral
test_id_2619,ড্রাইভারের মতো সেন্টু গড়গড় করে ওর মিশন ।,Neutral
test_id_2620,মতো সেন্টু গড়গড় করে ওর মিশন কমপ্লিট ।,Neutral
test_id_2621,সেন্টু গড়গড় করে ওর মিশন কমপ্লিট করল ।,Neutral
test_id_2622,এর মাঝেই ট্রাফিক সিগন্যাল না-মানা বেয়াড়া ড্রাইভারের মতো ।,Neutral
test_id_2623,মাঝেই ট্রাফিক সিগন্যাল না-মানা বেয়াড়া ড্রাইভারের মতো সেন্টু ।,Neutral
test_id_2624,ট্রাফিক সিগন্যাল না-মানা বেয়াড়া ড্রাইভারের মতো সেন্টু গড়গড় ।,Neutral
test_id_2625,সিগন্যাল না-মানা বেয়াড়া ড্রাইভারের মতো সেন্টু গড়গড় করে ।,Neutral
test_id_2626,না-মানা বেয়াড়া ড্রাইভারের মতো সেন্টু গড়গড় করে ওর ।,Neutral
test_id_2627,বেয়াড়া ড্রাইভারের মতো সেন্টু গড়গড় করে ওর মিশন ।,Neutral
test_id_2628,ড্রাইভারের মতো সেন্টু গড়গড় করে ওর মিশন কমপ্লিট ।,Neutral
test_id_2629,মতো সেন্টু গড়গড় করে ওর মিশন কমপ্লিট করল ।,Neutral
test_id_2630,বলা যায় গোটা স্কুলেই এবং স্কুলের বাইরেও ।,Neutral
test_id_2631,যায় গোটা স্কুলেই এবং স্কুলের বাইরেও ‘বেআক্কেল’ ।,Neutral
test_id_2632,গোটা স্কুলেই এবং স্কুলের বাইরেও ‘বেআক্কেল’ হিসেবে ।,Neutral
test_id_2633,স্কুলেই এবং স্কুলের বাইরেও ‘বেআক্কেল’ হিসেবে আলিনূরের ।,Neutral
test_id_2634,এবং স্কুলের বাইরেও ‘বেআক্কেল’ হিসেবে আলিনূরের বেশ ।,Neutral
test_id_2635,স্কুলের বাইরেও ‘বেআক্কেল’ হিসেবে আলিনূরের বেশ নামডাক ।,Neutral
test_id_2636,বাইরেও ‘বেআক্কেল’ হিসেবে আলিনূরের বেশ নামডাক আছে ।,Neutral
test_id_2637,বলা যায় গোটা স্কুলেই এবং স্কুলের বাইরেও ‘বেআক্কেল’ ।,Neutral
test_id_2638,যায় গোটা স্কুলেই এবং স্কুলের বাইরেও ‘বেআক্কেল’ হিসেবে ।,Neutral
test_id_2639,গোটা স্কুলেই এবং স্কুলের বাইরেও ‘বেআক্কেল’ হিসেবে আলিনূরের ।,Neutral
test_id_2640,স্কুলেই এবং স্কুলের বাইরেও ‘বেআক্কেল’ হিসেবে আলিনূরের বেশ ।,Neutral
test_id_2641,এবং স্কুলের বাইরেও ‘বেআক্কেল’ হিসেবে আলিনূরের বেশ নামডাক ।,Neutral
test_id_2642,স্কুলের বাইরেও ‘বেআক্কেল’ হিসেবে আলিনূরের বেশ নামডাক আছে ।,Neutral
test_id_2643,মাঝেমধ্যে অন্য স্কুলের ছেলেরাও আমাদের স্কুলে ঘুরতে ।,Neutral
test_id_2644,অন্য স্কুলের ছেলেরাও আমাদের স্কুলে ঘুরতে আসে ।,Neutral
test_id_2645,মাঝেমধ্যে অন্য স্কুলের ছেলেরাও আমাদের স্কুলে ঘুরতে আসে ।,Neutral
test_id_2646,আমাদের শিক্ষকেরা যতই খুশি হয়ে ভাবুন না ।,Neutral
test_id_2647,শিক্ষকেরা যতই খুশি হয়ে ভাবুন না কেন ।,Neutral
test_id_2648,যতই খুশি হয়ে ভাবুন না কেন যে ।,Neutral
test_id_2649,খুশি হয়ে ভাবুন না কেন যে অন্য ।,Neutral
test_id_2650,হয়ে ভাবুন না কেন যে অন্য স্কুলের ।,Neutral
test_id_2651,ভাবুন না কেন যে অন্য স্কুলের ছেলেরা ।,Neutral
test_id_2652,না কেন যে অন্য স্কুলের ছেলেরা এই ।,Neutral
test_id_2653,কেন যে অন্য স্কুলের ছেলেরা এই নামকরা ।,Neutral
test_id_2654,যে অন্য স্কুলের ছেলেরা এই নামকরা স্কুল ।,Neutral
test_id_2655,অন্য স্কুলের ছেলেরা এই নামকরা স্কুল দেখতে ।,Neutral
test_id_2656,স্কুলের ছেলেরা এই নামকরা স্কুল দেখতে আসে ।,Neutral
test_id_2657,আমাদের শিক্ষকেরা যতই খুশি হয়ে ভাবুন না কেন ।,Neutral
test_id_2658,শিক্ষকেরা যতই খুশি হয়ে ভাবুন না কেন যে ।,Neutral
test_id_2659,যতই খুশি হয়ে ভাবুন না কেন যে অন্য ।,Neutral
test_id_2660,খুশি হয়ে ভাবুন না কেন যে অন্য স্কুলের ।,Neutral
test_id_2661,হয়ে ভাবুন না কেন যে অন্য স্কুলের ছেলেরা ।,Neutral
test_id_2662,ভাবুন না কেন যে অন্য স্কুলের ছেলেরা এই ।,Neutral
test_id_2663,না কেন যে অন্য স্কুলের ছেলেরা এই নামকরা ।,Neutral
test_id_2664,কেন যে অন্য স্কুলের ছেলেরা এই নামকরা স্কুল ।,Neutral
test_id_2665,যে অন্য স্কুলের ছেলেরা এই নামকরা স্কুল দেখতে ।,Neutral
test_id_2666,অন্য স্কুলের ছেলেরা এই নামকরা স্কুল দেখতে আসে ।,Neutral
test_id_2667,আমরা ঠিকই বুঝি ওরা আসলে দেখতে আসে ।,Neutral
test_id_2668,ঠিকই বুঝি ওরা আসলে দেখতে আসে আলিনূরকে ।,Neutral
test_id_2669,আমরা ঠিকই বুঝি ওরা আসলে দেখতে আসে আলিনূরকে ।,Neutral
test_id_2670,এই তো গত সপ্তাহেই আশপাশের তিনটি স্কুলের ।,Neutral
test_id_2671,তো গত সপ্তাহেই আশপাশের তিনটি স্কুলের অন্তত ।,Neutral
test_id_2672,গত সপ্তাহেই আশপাশের তিনটি স্কুলের অন্তত গোটা ।,Neutral
test_id_2673,সপ্তাহেই আশপাশের তিনটি স্কুলের অন্তত গোটা দশেক ।,Neutral
test_id_2674,আশপাশের তিনটি স্কুলের অন্তত গোটা দশেক ছেলে ।,Neutral
test_id_2675,তিনটি স্কুলের অন্তত গোটা দশেক ছেলে টিফিন ।,Neutral
test_id_2676,স্কুলের অন্তত গোটা দশেক ছেলে টিফিন পিরিয়ডে ।,Neutral
test_id_2677,অন্তত গোটা দশেক ছেলে টিফিন পিরিয়ডে আমাদের ।,Neutral
test_id_2678,গোটা দশেক ছেলে টিফিন পিরিয়ডে আমাদের স্কুলে ।,Neutral
test_id_2679,দশেক ছেলে টিফিন পিরিয়ডে আমাদের স্কুলে ঘুরতে ।,Neutral
test_id_2680,ছেলে টিফিন পিরিয়ডে আমাদের স্কুলে ঘুরতে এল ।,Neutral
test_id_2681,এই তো গত সপ্তাহেই আশপাশের তিনটি স্কুলের অন্তত ।,Neutral
test_id_2682,তো গত সপ্তাহেই আশপাশের তিনটি স্কুলের অন্তত গোটা ।,Neutral
test_id_2683,গত সপ্তাহেই আশপাশের তিনটি স্কুলের অন্তত গোটা দশেক ।,Neutral
test_id_2684,সপ্তাহেই আশপাশের তিনটি স্কুলের অন্তত গোটা দশেক ছেলে ।,Neutral
test_id_2685,আশপাশের তিনটি স্কুলের অন্তত গোটা দশেক ছেলে টিফিন ।,Neutral
test_id_2686,তিনটি স্কুলের অন্তত গোটা দশেক ছেলে টিফিন পিরিয়ডে ।,Neutral
test_id_2687,স্কুলের অন্তত গোটা দশেক ছেলে টিফিন পিরিয়ডে আমাদের ।,Neutral
test_id_2688,অন্তত গোটা দশেক ছেলে টিফিন পিরিয়ডে আমাদের স্কুলে ।,Neutral
test_id_2689,গোটা দশেক ছেলে টিফিন পিরিয়ডে আমাদের স্কুলে ঘুরতে ।,Neutral
test_id_2690,দশেক ছেলে টিফিন পিরিয়ডে আমাদের স্কুলে ঘুরতে এল ।,Neutral
test_id_2691,কারণ তার আগের দিন আলিনূর একটা ঘটনা ।,Neutral
test_id_2692,তার আগের দিন আলিনূর একটা ঘটনা ঘটিয়েছে ।,Neutral
test_id_2693,কারণ তার আগের দিন আলিনূর একটা ঘটনা ঘটিয়েছে ।,Neutral
test_id_2694,পেছনের বেঞ্চিতে বসে তখন আলিনূর আর মোমেন ।,Neutral
test_id_2695,বেঞ্চিতে বসে তখন আলিনূর আর মোমেন গণি ।,Neutral
test_id_2696,বসে তখন আলিনূর আর মোমেন গণি খাতায় ।,Neutral
test_id_2697,তখন আলিনূর আর মোমেন গণি খাতায় কাটাকুটি ।,Neutral
test_id_2698,আলিনূর আর মোমেন গণি খাতায় কাটাকুটি খেলছিল ।,Neutral
test_id_2699,পেছনের বেঞ্চিতে বসে তখন আলিনূর আর মোমেন গণি ।,Neutral
test_id_2700,বেঞ্চিতে বসে তখন আলিনূর আর মোমেন গণি খাতায় ।,Neutral
test_id_2701,বসে তখন আলিনূর আর মোমেন গণি খাতায় কাটাকুটি ।,Neutral
test_id_2702,তখন আলিনূর আর মোমেন গণি খাতায় কাটাকুটি খেলছিল ।,Neutral
test_id_2703,তখুনি স্যারের নজরে পড়ল আলিনূরের ক্লাসে মনোযোগ ।,Neutral
test_id_2704,স্যারের নজরে পড়ল আলিনূরের ক্লাসে মনোযোগ নেই ।,Neutral
test_id_2705,তখুনি স্যারের নজরে পড়ল আলিনূরের ক্লাসে মনোযোগ নেই ।,Neutral
test_id_2706,তবে এই বোকামির সঙ্গে সেন্টুর রাগের কোনো ।,Neutral
test_id_2707,এই বোকামির সঙ্গে সেন্টুর রাগের কোনো সম্পর্ক ।,Neutral
test_id_2708,বোকামির সঙ্গে সেন্টুর রাগের কোনো সম্পর্ক নেই ।,Neutral
test_id_2709,তবে এই বোকামির সঙ্গে সেন্টুর রাগের কোনো সম্পর্ক ।,Neutral
test_id_2710,এই বোকামির সঙ্গে সেন্টুর রাগের কোনো সম্পর্ক নেই ।,Neutral
test_id_2711,আলিনূরের ওপর সেন্টুর রাগের কারণ আরও গভীরে ।,Neutral
test_id_2712,ওপর সেন্টুর রাগের কারণ আরও গভীরে লুকায়িত ।,Neutral
test_id_2713,আলিনূরের ওপর সেন্টুর রাগের কারণ আরও গভীরে লুকায়িত ।,Neutral
test_id_2714,ফাইনালে আমরা মুখোমুখি হয়েছিলাম রানী বিলাসমণি হাইস্কুলের ।,Neutral
test_id_2715,এই বিশ্বাসে ওদের দলের ডজন খানেক সমর্থক ।,Neutral
test_id_2716,বিশ্বাসে ওদের দলের ডজন খানেক সমর্থক হকিস্টিক ।,Neutral
test_id_2717,ওদের দলের ডজন খানেক সমর্থক হকিস্টিক নিয়ে ।,Neutral
test_id_2718,দলের ডজন খানেক সমর্থক হকিস্টিক নিয়ে খেলা ।,Neutral
test_id_2719,ডজন খানেক সমর্থক হকিস্টিক নিয়ে খেলা দেখতে ।,Neutral
test_id_2720,খানেক সমর্থক হকিস্টিক নিয়ে খেলা দেখতে আসে ।,Neutral
test_id_2721,এই বিশ্বাসে ওদের দলের ডজন খানেক সমর্থক হকিস্টিক ।,Neutral
test_id_2722,বিশ্বাসে ওদের দলের ডজন খানেক সমর্থক হকিস্টিক নিয়ে ।,Neutral
test_id_2723,ওদের দলের ডজন খানেক সমর্থক হকিস্টিক নিয়ে খেলা ।,Neutral
test_id_2724,দলের ডজন খানেক সমর্থক হকিস্টিক নিয়ে খেলা দেখতে ।,Neutral
test_id_2725,ডজন খানেক সমর্থক হকিস্টিক নিয়ে খেলা দেখতে আসে ।,Neutral
test_id_2726,আর তারা মাঠের এমন এক কোণে জাঁকিয়ে ।,Neutral
test_id_2727,তারা মাঠের এমন এক কোণে জাঁকিয়ে বসে ।,Neutral
test_id_2728,আর তারা মাঠের এমন এক কোণে জাঁকিয়ে বসে ।,Neutral
test_id_2729,যার মাঝখানে পড়ে যায় আমাদের আলিনূর আর ।,Neutral
test_id_2730,মাঝখানে পড়ে যায় আমাদের আলিনূর আর সেন্টু ।,Neutral
test_id_2731,যার মাঝখানে পড়ে যায় আমাদের আলিনূর আর সেন্টু ।,Neutral
test_id_2732,আমাদের দলের কারও পায়ে বল যেতেই অতি ।,Neutral
test_id_2733,দলের কারও পায়ে বল যেতেই অতি উৎসাহে ।,Neutral
test_id_2734,কারও পায়ে বল যেতেই অতি উৎসাহে লাফিয়ে ।,Neutral
test_id_2735,পায়ে বল যেতেই অতি উৎসাহে লাফিয়ে ওঠে ।,Neutral
test_id_2736,আমাদের দলের কারও পায়ে বল যেতেই অতি উৎসাহে ।,Neutral
test_id_2737,দলের কারও পায়ে বল যেতেই অতি উৎসাহে লাফিয়ে ।,Neutral
test_id_2738,কারও পায়ে বল যেতেই অতি উৎসাহে লাফিয়ে ওঠে ।,Neutral
test_id_2739,ব্যাপার দেখে হকিস্টিকওয়ালারা আলিনূরকে যেন চোখ দিয়েই ।,Neutral
test_id_2740,দেখে হকিস্টিকওয়ালারা আলিনূরকে যেন চোখ দিয়েই গিলে ।,Neutral
test_id_2741,হকিস্টিকওয়ালারা আলিনূরকে যেন চোখ দিয়েই গিলে ফেলবে ।,Neutral
test_id_2742,ব্যাপার দেখে হকিস্টিকওয়ালারা আলিনূরকে যেন চোখ দিয়েই গিলে ।,Neutral
test_id_2743,দেখে হকিস্টিকওয়ালারা আলিনূরকে যেন চোখ দিয়েই গিলে ফেলবে ।,Neutral
test_id_2744,হঠাৎ আলিনূর খোশমেজাজে আঙুল তুলে হকিস্টিকওয়ালাদের দেখিয়ে ।,Neutral
test_id_2745,আলিনূর খোশমেজাজে আঙুল তুলে হকিস্টিকওয়ালাদের দেখিয়ে সেন্টুকে ।,Neutral
test_id_2746,খোশমেজাজে আঙুল তুলে হকিস্টিকওয়ালাদের দেখিয়ে সেন্টুকে বলে ।,Neutral
test_id_2747,হঠাৎ আলিনূর খোশমেজাজে আঙুল তুলে হকিস্টিকওয়ালাদের দেখিয়ে সেন্টুকে ।,Neutral
test_id_2748,আলিনূর খোশমেজাজে আঙুল তুলে হকিস্টিকওয়ালাদের দেখিয়ে সেন্টুকে বলে ।,Neutral
test_id_2749,এরা হকি খেলার সাপোর্ট করতে আইসা দেখে ।,Neutral
test_id_2750,হকি খেলার সাপোর্ট করতে আইসা দেখে ফুটবল ।,Neutral
test_id_2751,খেলার সাপোর্ট করতে আইসা দেখে ফুটবল চলতাছে ।,Neutral
test_id_2752,এরা হকি খেলার সাপোর্ট করতে আইসা দেখে ফুটবল ।,Neutral
test_id_2753,হকি খেলার সাপোর্ট করতে আইসা দেখে ফুটবল চলতাছে ।,Neutral
test_id_2754,খেলার প্রথমার্ধের বিরতির আগেই আলিনূর-সেন্টুকে নেওয়া হলো ।,Neutral
test_id_2755,প্রথমার্ধের বিরতির আগেই আলিনূর-সেন্টুকে নেওয়া হলো হাসপাতালে ।,Neutral
test_id_2756,খেলার প্রথমার্ধের বিরতির আগেই আলিনূর-সেন্টুকে নেওয়া হলো হাসপাতালে ।,Neutral
test_id_2757,কিন্তু সেই এক সপ্তাহের প্রথম চার দিন ।,Neutral
test_id_2758,সেই এক সপ্তাহের প্রথম চার দিন বেডে ।,Neutral
test_id_2759,এক সপ্তাহের প্রথম চার দিন বেডে চিত ।,Neutral
test_id_2760,সপ্তাহের প্রথম চার দিন বেডে চিত হয়ে ।,Neutral
test_id_2761,প্রথম চার দিন বেডে চিত হয়ে রেস্ট ।,Neutral
test_id_2762,চার দিন বেডে চিত হয়ে রেস্ট নিতে ।,Neutral
test_id_2763,দিন বেডে চিত হয়ে রেস্ট নিতে পারেনি ।,Neutral
test_id_2764,বেডে চিত হয়ে রেস্ট নিতে পারেনি ওরা ।,Neutral
test_id_2765,কিন্তু সেই এক সপ্তাহের প্রথম চার দিন বেডে ।,Neutral
test_id_2766,সেই এক সপ্তাহের প্রথম চার দিন বেডে চিত ।,Neutral
test_id_2767,এক সপ্তাহের প্রথম চার দিন বেডে চিত হয়ে ।,Neutral
test_id_2768,সপ্তাহের প্রথম চার দিন বেডে চিত হয়ে রেস্ট ।,Neutral
test_id_2769,প্রথম চার দিন বেডে চিত হয়ে রেস্ট নিতে ।,Neutral
test_id_2770,চার দিন বেডে চিত হয়ে রেস্ট নিতে পারেনি ।,Neutral
test_id_2771,দিন বেডে চিত হয়ে রেস্ট নিতে পারেনি ওরা ।,Neutral
test_id_2772,ডাক বিভাগের সিলের মতো পিঠের ওপর চার-পাঁচটা ।,Neutral
test_id_2773,বিভাগের সিলের মতো পিঠের ওপর চার-পাঁচটা করে ।,Neutral
test_id_2774,সিলের মতো পিঠের ওপর চার-পাঁচটা করে হকিস্টিকের ।,Neutral
test_id_2775,মতো পিঠের ওপর চার-পাঁচটা করে হকিস্টিকের জলছাপ ।,Neutral
test_id_2776,পিঠের ওপর চার-পাঁচটা করে হকিস্টিকের জলছাপ ছিল ।,Neutral
test_id_2777,ওপর চার-পাঁচটা করে হকিস্টিকের জলছাপ ছিল যে ।,Neutral
test_id_2778,ডাক বিভাগের সিলের মতো পিঠের ওপর চার-পাঁচটা করে ।,Neutral
test_id_2779,বিভাগের সিলের মতো পিঠের ওপর চার-পাঁচটা করে হকিস্টিকের ।,Neutral
test_id_2780,সিলের মতো পিঠের ওপর চার-পাঁচটা করে হকিস্টিকের জলছাপ ।,Neutral
test_id_2781,মতো পিঠের ওপর চার-পাঁচটা করে হকিস্টিকের জলছাপ ছিল ।,Neutral
test_id_2782,পিঠের ওপর চার-পাঁচটা করে হকিস্টিকের জলছাপ ছিল যে ।,Neutral
test_id_2783,এই কারণেই আলিনূরের সঙ্গে খেলা দেখতে যাওয়ার ।,Neutral
test_id_2784,কারণেই আলিনূরের সঙ্গে খেলা দেখতে যাওয়ার কথা ।,Neutral
test_id_2785,আলিনূরের সঙ্গে খেলা দেখতে যাওয়ার কথা উঠতেই ।,Neutral
test_id_2786,সঙ্গে খেলা দেখতে যাওয়ার কথা উঠতেই সেন্টুর ।,Neutral
test_id_2787,খেলা দেখতে যাওয়ার কথা উঠতেই সেন্টুর পিঠের ।,Neutral
test_id_2788,দেখতে যাওয়ার কথা উঠতেই সেন্টুর পিঠের ব্যথাটা ।,Neutral
test_id_2789,যাওয়ার কথা উঠতেই সেন্টুর পিঠের ব্যথাটা চিনচিন ।,Neutral
test_id_2790,কথা উঠতেই সেন্টুর পিঠের ব্যথাটা চিনচিন করে ।,Neutral
test_id_2791,উঠতেই সেন্টুর পিঠের ব্যথাটা চিনচিন করে ওঠে ।,Neutral
test_id_2792,এই কারণেই আলিনূরের সঙ্গে খেলা দেখতে যাওয়ার কথা ।,Neutral
test_id_2793,কারণেই আলিনূরের সঙ্গে খেলা দেখতে যাওয়ার কথা উঠতেই ।,Neutral
test_id_2794,আলিনূরের সঙ্গে খেলা দেখতে যাওয়ার কথা উঠতেই সেন্টুর ।,Neutral
test_id_2795,সঙ্গে খেলা দেখতে যাওয়ার কথা উঠতেই সেন্টুর পিঠের ।,Neutral
test_id_2796,খেলা দেখতে যাওয়ার কথা উঠতেই সেন্টুর পিঠের ব্যথাটা ।,Neutral
test_id_2797,দেখতে যাওয়ার কথা উঠতেই সেন্টুর পিঠের ব্যথাটা চিনচিন ।,Neutral
test_id_2798,যাওয়ার কথা উঠতেই সেন্টুর পিঠের ব্যথাটা চিনচিন করে ।,Neutral
test_id_2799,কথা উঠতেই সেন্টুর পিঠের ব্যথাটা চিনচিন করে ওঠে ।,Neutral
test_id_2800,আত্মপক্ষ সমর্থনের জন্য আলিনূর মিনমিন করে কী ।,Neutral
test_id_2801,সমর্থনের জন্য আলিনূর মিনমিন করে কী যেন ।,Neutral
test_id_2802,জন্য আলিনূর মিনমিন করে কী যেন বলার ।,Neutral
test_id_2803,আলিনূর মিনমিন করে কী যেন বলার চেষ্টা ।,Neutral
test_id_2804,মিনমিন করে কী যেন বলার চেষ্টা করে ।,Neutral
test_id_2805,আত্মপক্ষ সমর্থনের জন্য আলিনূর মিনমিন করে কী যেন ।,Neutral
test_id_2806,সমর্থনের জন্য আলিনূর মিনমিন করে কী যেন বলার ।,Neutral
test_id_2807,জন্য আলিনূর মিনমিন করে কী যেন বলার চেষ্টা ।,Neutral
test_id_2808,আলিনূর মিনমিন করে কী যেন বলার চেষ্টা করে ।,Neutral
test_id_2809,কিন্তু যে পরিমাণ ঠোঁট নড়ে সেই অনুপাতে ।,Neutral
test_id_2810,যে পরিমাণ ঠোঁট নড়ে সেই অনুপাতে আওয়াজ ।,Neutral
test_id_2811,পরিমাণ ঠোঁট নড়ে সেই অনুপাতে আওয়াজ বেরোয় ।,Neutral
test_id_2812,ঠোঁট নড়ে সেই অনুপাতে আওয়াজ বেরোয় না ।,Neutral
test_id_2813,কিন্তু যে পরিমাণ ঠোঁট নড়ে সেই অনুপাতে আওয়াজ ।,Neutral
test_id_2814,যে পরিমাণ ঠোঁট নড়ে সেই অনুপাতে আওয়াজ বেরোয় ।,Neutral
test_id_2815,পরিমাণ ঠোঁট নড়ে সেই অনুপাতে আওয়াজ বেরোয় না ।,Neutral
test_id_2816,ওর জন্য আমাদের বাকি তিনজনের খারাপই লাগে ।,Neutral
test_id_2817,আমাদের পাড়ার সেলুনের বিশু নাপিতও এত মোলায়েমভাবে ।,Neutral
test_id_2818,পাড়ার সেলুনের বিশু নাপিতও এত মোলায়েমভাবে মাথা ।,Neutral
test_id_2819,সেলুনের বিশু নাপিতও এত মোলায়েমভাবে মাথা ম্যাসাজ ।,Neutral
test_id_2820,বিশু নাপিতও এত মোলায়েমভাবে মাথা ম্যাসাজ করতে ।,Neutral
test_id_2821,নাপিতও এত মোলায়েমভাবে মাথা ম্যাসাজ করতে পারবে ।,Neutral
test_id_2822,এত মোলায়েমভাবে মাথা ম্যাসাজ করতে পারবে বলে ।,Neutral
test_id_2823,মোলায়েমভাবে মাথা ম্যাসাজ করতে পারবে বলে মনে ।,Neutral
test_id_2824,মাথা ম্যাসাজ করতে পারবে বলে মনে হয় ।,Neutral
test_id_2825,ম্যাসাজ করতে পারবে বলে মনে হয় না ।,Neutral
test_id_2826,আমাদের পাড়ার সেলুনের বিশু নাপিতও এত মোলায়েমভাবে মাথা ।,Neutral
test_id_2827,পাড়ার সেলুনের বিশু নাপিতও এত মোলায়েমভাবে মাথা ম্যাসাজ ।,Neutral
test_id_2828,সেলুনের বিশু নাপিতও এত মোলায়েমভাবে মাথা ম্যাসাজ করতে ।,Neutral
test_id_2829,বিশু নাপিতও এত মোলায়েমভাবে মাথা ম্যাসাজ করতে পারবে ।,Neutral
test_id_2830,নাপিতও এত মোলায়েমভাবে মাথা ম্যাসাজ করতে পারবে বলে ।,Neutral
test_id_2831,এত মোলায়েমভাবে মাথা ম্যাসাজ করতে পারবে বলে মনে ।,Neutral
test_id_2832,মোলায়েমভাবে মাথা ম্যাসাজ করতে পারবে বলে মনে হয় ।,Neutral
test_id_2833,মাথা ম্যাসাজ করতে পারবে বলে মনে হয় না ।,Neutral
test_id_2834,রানা যেন সেন্টুর পিঠের সেই ক্ষতে মলম ।,Neutral
test_id_2835,যেন সেন্টুর পিঠের সেই ক্ষতে মলম লাগিয়ে ।,Neutral
test_id_2836,সেন্টুর পিঠের সেই ক্ষতে মলম লাগিয়ে দিচ্ছে ।,Neutral
test_id_2837,রানা যেন সেন্টুর পিঠের সেই ক্ষতে মলম লাগিয়ে ।,Neutral
test_id_2838,যেন সেন্টুর পিঠের সেই ক্ষতে মলম লাগিয়ে দিচ্ছে ।,Neutral
test_id_2839,এই নতুন ইংরেজি বাক্যটা আমরা আজকেই শিখেছি ।,Neutral
test_id_2840,কিন্তু শর্ত হচ্ছে আগ বাড়িয়ে কোনো কাজ ।,Neutral
test_id_2841,শর্ত হচ্ছে আগ বাড়িয়ে কোনো কাজ করতে ।,Neutral
test_id_2842,হচ্ছে আগ বাড়িয়ে কোনো কাজ করতে পারবে ।,Neutral
test_id_2843,আগ বাড়িয়ে কোনো কাজ করতে পারবে না ।,Neutral
test_id_2844,কিন্তু শর্ত হচ্ছে আগ বাড়িয়ে কোনো কাজ করতে ।,Neutral
test_id_2845,শর্ত হচ্ছে আগ বাড়িয়ে কোনো কাজ করতে পারবে ।,Neutral
test_id_2846,হচ্ছে আগ বাড়িয়ে কোনো কাজ করতে পারবে না ।,Neutral
test_id_2847,আমরা স্কুলের ভাড়া করা বাসে যাব না ।,Neutral
test_id_2848,ওই বাসে চার-পাঁচজন শিক্ষক আমাদের পুলিশের মতো ।,Neutral
test_id_2849,বাসে চার-পাঁচজন শিক্ষক আমাদের পুলিশের মতো পাহারা ।,Neutral
test_id_2850,চার-পাঁচজন শিক্ষক আমাদের পুলিশের মতো পাহারা দিয়ে ।,Neutral
test_id_2851,শিক্ষক আমাদের পুলিশের মতো পাহারা দিয়ে যাবেন ।,Neutral
test_id_2852,ওই বাসে চার-পাঁচজন শিক্ষক আমাদের পুলিশের মতো পাহারা ।,Neutral
test_id_2853,বাসে চার-পাঁচজন শিক্ষক আমাদের পুলিশের মতো পাহারা দিয়ে ।,Neutral
test_id_2854,চার-পাঁচজন শিক্ষক আমাদের পুলিশের মতো পাহারা দিয়ে যাবেন ।,Neutral
test_id_2855,আর আমরা জেলখানার কয়েদিদের মতো হাত-পা গুটিয়ে ।,Neutral
test_id_2856,আমরা জেলখানার কয়েদিদের মতো হাত-পা গুটিয়ে বসে ।,Neutral
test_id_2857,জেলখানার কয়েদিদের মতো হাত-পা গুটিয়ে বসে থাকব ।,Neutral
test_id_2858,আর আমরা জেলখানার কয়েদিদের মতো হাত-পা গুটিয়ে বসে ।,Neutral
test_id_2859,আমরা জেলখানার কয়েদিদের মতো হাত-পা গুটিয়ে বসে থাকব ।,Neutral
test_id_2860,তাই আমরা সিদ্ধান্ত নিলাম ট্রেনে চড়ে যাব ।,Neutral
test_id_2861,টঙ্গী রেলস্টেশন থেকে বেলা দুইটার ট্রেনে উঠব ।,Neutral
test_id_2862,হইচই-আনন্দ করতে করতে ২০ মিনিটের মধ্যেই পৌঁছাব ।,Neutral
test_id_2863,করতে করতে ২০ মিনিটের মধ্যেই পৌঁছাব জয়দেবপুর ।,Neutral
test_id_2864,করতে ২০ মিনিটের মধ্যেই পৌঁছাব জয়দেবপুর স্টেশনে ।,Neutral
test_id_2865,হইচই-আনন্দ করতে করতে ২০ মিনিটের মধ্যেই পৌঁছাব জয়দেবপুর ।,Neutral
test_id_2866,করতে করতে ২০ মিনিটের মধ্যেই পৌঁছাব জয়দেবপুর স্টেশনে ।,Neutral
test_id_2867,ওখান থেকে হেঁটে রাজবাড়ি মাঠ পাঁচ মিনিটের ।,Neutral
test_id_2868,থেকে হেঁটে রাজবাড়ি মাঠ পাঁচ মিনিটের পথ ।,Neutral
test_id_2869,ওখান থেকে হেঁটে রাজবাড়ি মাঠ পাঁচ মিনিটের পথ ।,Neutral
test_id_2870,খেলা দেখে ফেরার ট্রেন না পেলে তখন ।,Neutral
test_id_2871,দেখে ফেরার ট্রেন না পেলে তখন নাহয় ।,Neutral
test_id_2872,ফেরার ট্রেন না পেলে তখন নাহয় স্কুলের ।,Neutral
test_id_2873,ট্রেন না পেলে তখন নাহয় স্কুলের বাসেই ।,Neutral
test_id_2874,না পেলে তখন নাহয় স্কুলের বাসেই আসব ।,Neutral
test_id_2875,খেলা দেখে ফেরার ট্রেন না পেলে তখন নাহয় ।,Neutral
test_id_2876,দেখে ফেরার ট্রেন না পেলে তখন নাহয় স্কুলের ।,Neutral
test_id_2877,ফেরার ট্রেন না পেলে তখন নাহয় স্কুলের বাসেই ।,Neutral
test_id_2878,ট্রেন না পেলে তখন নাহয় স্কুলের বাসেই আসব ।,Neutral
test_id_2879,পরের দিন টঙ্গী রেলস্টেশনে আমরা চারজন সময়মতো ।,Neutral
test_id_2880,দিন টঙ্গী রেলস্টেশনে আমরা চারজন সময়মতো হাজির ।,Neutral
test_id_2881,পরের দিন টঙ্গী রেলস্টেশনে আমরা চারজন সময়মতো হাজির ।,Neutral
test_id_2882,দুইটার ট্রেন সোয়া দুইটায় এসে থামল স্টেশনের ।,Neutral
test_id_2883,ট্রেন সোয়া দুইটায় এসে থামল স্টেশনের ১ ।,Neutral
test_id_2884,সোয়া দুইটায় এসে থামল স্টেশনের ১ নম্বর ।,Neutral
test_id_2885,দুইটায় এসে থামল স্টেশনের ১ নম্বর প্ল্যাটফর্মে ।,Neutral
test_id_2886,দুইটার ট্রেন সোয়া দুইটায় এসে থামল স্টেশনের ১ ।,Neutral
test_id_2887,ট্রেন সোয়া দুইটায় এসে থামল স্টেশনের ১ নম্বর ।,Neutral
test_id_2888,সোয়া দুইটায় এসে থামল স্টেশনের ১ নম্বর প্ল্যাটফর্মে ।,Neutral
test_id_2889,ভাগ্যিস ট্রেন ছাড়তে আরও ১০ মিনিট লাগবে ।,Neutral
test_id_2890,তাই আলিনূরের জন্য আরও ১০ মিনিট এক্সট্রা ।,Neutral
test_id_2891,আলিনূরের জন্য আরও ১০ মিনিট এক্সট্রা টাইম ।,Neutral
test_id_2892,জন্য আরও ১০ মিনিট এক্সট্রা টাইম পাওয়া ।,Neutral
test_id_2893,আরও ১০ মিনিট এক্সট্রা টাইম পাওয়া গেল ।,Neutral
test_id_2894,তাই আলিনূরের জন্য আরও ১০ মিনিট এক্সট্রা টাইম ।,Neutral
test_id_2895,আলিনূরের জন্য আরও ১০ মিনিট এক্সট্রা টাইম পাওয়া ।,Neutral
test_id_2896,জন্য আরও ১০ মিনিট এক্সট্রা টাইম পাওয়া গেল ।,Neutral
test_id_2897,এরই মধ্যে ঢাকা থেকে চট্টগ্রামমুখী ট্রেনটা এসে ।,Neutral
test_id_2898,মধ্যে ঢাকা থেকে চট্টগ্রামমুখী ট্রেনটা এসে থামল ।,Neutral
test_id_2899,ঢাকা থেকে চট্টগ্রামমুখী ট্রেনটা এসে থামল ৩ ।,Neutral
test_id_2900,থেকে চট্টগ্রামমুখী ট্রেনটা এসে থামল ৩ নম্বর ।,Neutral
test_id_2901,চট্টগ্রামমুখী ট্রেনটা এসে থামল ৩ নম্বর প্ল্যাটফর্মে ।,Neutral
test_id_2902,এরই মধ্যে ঢাকা থেকে চট্টগ্রামমুখী ট্রেনটা এসে থামল ।,Neutral
test_id_2903,মধ্যে ঢাকা থেকে চট্টগ্রামমুখী ট্রেনটা এসে থামল ৩ ।,Neutral
test_id_2904,ঢাকা থেকে চট্টগ্রামমুখী ট্রেনটা এসে থামল ৩ নম্বর ।,Neutral
test_id_2905,থেকে চট্টগ্রামমুখী ট্রেনটা এসে থামল ৩ নম্বর প্ল্যাটফর্মে ।,Neutral
test_id_2906,দুই ট্রেনের মধ্যিখানে অনেক যাত্রীর মতো আমরাও ।,Neutral
test_id_2907,ট্রেনের মধ্যিখানে অনেক যাত্রীর মতো আমরাও হাঁটছি ।,Neutral
test_id_2908,দুই ট্রেনের মধ্যিখানে অনেক যাত্রীর মতো আমরাও হাঁটছি ।,Neutral
test_id_2909,সে সঙ্গে মনের রাগ প্রকাশ করছি অনুপস্থিত ।,Neutral
test_id_2910,সঙ্গে মনের রাগ প্রকাশ করছি অনুপস্থিত আলিনূরের ।,Neutral
test_id_2911,মনের রাগ প্রকাশ করছি অনুপস্থিত আলিনূরের প্রতি ।,Neutral
test_id_2912,সে সঙ্গে মনের রাগ প্রকাশ করছি অনুপস্থিত আলিনূরের ।,Neutral
test_id_2913,সঙ্গে মনের রাগ প্রকাশ করছি অনুপস্থিত আলিনূরের প্রতি ।,Neutral
test_id_2914,একসময় স্টেশনের দক্ষিণ প্রান্তে দেখা দিল আলিনূর ।,Neutral
test_id_2915,উত্তর প্রান্ত থেকে আমরা হাত তুলে ওকে ।,Neutral
test_id_2916,প্রান্ত থেকে আমরা হাত তুলে ওকে চিত্কার ।,Neutral
test_id_2917,থেকে আমরা হাত তুলে ওকে চিত্কার করে ।,Neutral
test_id_2918,আমরা হাত তুলে ওকে চিত্কার করে ডাকলাম ।,Neutral
test_id_2919,উত্তর প্রান্ত থেকে আমরা হাত তুলে ওকে চিত্কার ।,Neutral
test_id_2920,প্রান্ত থেকে আমরা হাত তুলে ওকে চিত্কার করে ।,Neutral
test_id_2921,থেকে আমরা হাত তুলে ওকে চিত্কার করে ডাকলাম ।,Neutral
test_id_2922,কিন্তু স্টেশনের যাত্রীদের কোলাহল আর চলন্ত ট্রেনের ।,Neutral
test_id_2923,স্টেশনের যাত্রীদের কোলাহল আর চলন্ত ট্রেনের আওয়াজে ।,Neutral
test_id_2924,যাত্রীদের কোলাহল আর চলন্ত ট্রেনের আওয়াজে আমাদের ।,Neutral
test_id_2925,কোলাহল আর চলন্ত ট্রেনের আওয়াজে আমাদের ডাকাডাকি ।,Neutral
test_id_2926,আর চলন্ত ট্রেনের আওয়াজে আমাদের ডাকাডাকি ওর ।,Neutral
test_id_2927,চলন্ত ট্রেনের আওয়াজে আমাদের ডাকাডাকি ওর কানে ।,Neutral
test_id_2928,ট্রেনের আওয়াজে আমাদের ডাকাডাকি ওর কানে যাচ্ছে ।,Neutral
test_id_2929,আওয়াজে আমাদের ডাকাডাকি ওর কানে যাচ্ছে না ।,Neutral
test_id_2930,কিন্তু স্টেশনের যাত্রীদের কোলাহল আর চলন্ত ট্রেনের আওয়াজে ।,Neutral
test_id_2931,স্টেশনের যাত্রীদের কোলাহল আর চলন্ত ট্রেনের আওয়াজে আমাদের ।,Neutral
test_id_2932,যাত্রীদের কোলাহল আর চলন্ত ট্রেনের আওয়াজে আমাদের ডাকাডাকি ।,Neutral
test_id_2933,কোলাহল আর চলন্ত ট্রেনের আওয়াজে আমাদের ডাকাডাকি ওর ।,Neutral
test_id_2934,আর চলন্ত ট্রেনের আওয়াজে আমাদের ডাকাডাকি ওর কানে ।,Neutral
test_id_2935,চলন্ত ট্রেনের আওয়াজে আমাদের ডাকাডাকি ওর কানে যাচ্ছে ।,Neutral
test_id_2936,ট্রেনের আওয়াজে আমাদের ডাকাডাকি ওর কানে যাচ্ছে না ।,Neutral
test_id_2937,পরীক্ষার হলে আধা পরিচিত মাল্টিপল কোয়েশ্চেন সামনে ।,Neutral
test_id_2938,হলে আধা পরিচিত মাল্টিপল কোয়েশ্চেন সামনে পড়লে ।,Neutral
test_id_2939,আধা পরিচিত মাল্টিপল কোয়েশ্চেন সামনে পড়লে যেমন ।,Neutral
test_id_2940,পরিচিত মাল্টিপল কোয়েশ্চেন সামনে পড়লে যেমন হয় ।,Neutral
test_id_2941,পরীক্ষার হলে আধা পরিচিত মাল্টিপল কোয়েশ্চেন সামনে পড়লে ।,Neutral
test_id_2942,হলে আধা পরিচিত মাল্টিপল কোয়েশ্চেন সামনে পড়লে যেমন ।,Neutral
test_id_2943,আধা পরিচিত মাল্টিপল কোয়েশ্চেন সামনে পড়লে যেমন হয় ।,Neutral
test_id_2944,মনস্থির করতে পারছে না কোনটাকে বেছে নেবে ।,Neutral
test_id_2945,ঠিক তখুনি তীব্র হুইসেল বাজিয়ে চলতে শুরু ।,Neutral
test_id_2946,তখুনি তীব্র হুইসেল বাজিয়ে চলতে শুরু করল ।,Neutral
test_id_2947,তীব্র হুইসেল বাজিয়ে চলতে শুরু করল চট্টগ্রামের ।,Neutral
test_id_2948,হুইসেল বাজিয়ে চলতে শুরু করল চট্টগ্রামের ট্রেনটি ।,Neutral
test_id_2949,ঠিক তখুনি তীব্র হুইসেল বাজিয়ে চলতে শুরু করল ।,Neutral
test_id_2950,তখুনি তীব্র হুইসেল বাজিয়ে চলতে শুরু করল চট্টগ্রামের ।,Neutral
test_id_2951,তীব্র হুইসেল বাজিয়ে চলতে শুরু করল চট্টগ্রামের ট্রেনটি ।,Neutral
test_id_2952,শেষমেশ মনে মনে হিসেব কষে ও বুঝে ।,Neutral
test_id_2953,মনে মনে হিসেব কষে ও বুঝে নিল ।,Neutral
test_id_2954,শেষমেশ মনে মনে হিসেব কষে ও বুঝে নিল ।,Neutral
test_id_2955,আড়াইটা পর্যন্ত জয়দেবপুরের ট্রেন বসে থাকার কথা ।,Neutral
test_id_2956,পর্যন্ত জয়দেবপুরের ট্রেন বসে থাকার কথা না ।,Neutral
test_id_2957,আড়াইটা পর্যন্ত জয়দেবপুরের ট্রেন বসে থাকার কথা না ।,Neutral
test_id_2958,সুতরাং চলন্ত ট্রেনটায় ওঠার জন্য দৌড়াতে শুরু ।,Neutral
test_id_2959,চলন্ত ট্রেনটায় ওঠার জন্য দৌড়াতে শুরু করল ।,Neutral
test_id_2960,ট্রেনটায় ওঠার জন্য দৌড়াতে শুরু করল ও ।,Neutral
test_id_2961,সুতরাং চলন্ত ট্রেনটায় ওঠার জন্য দৌড়াতে শুরু করল ।,Neutral
test_id_2962,চলন্ত ট্রেনটায় ওঠার জন্য দৌড়াতে শুরু করল ও ।,Neutral
test_id_2963,যে দরজাটার হাতল ধরার জন্য আলিনূর দৌড়াচ্ছে ।,Neutral
test_id_2964,তিনিও খেয়াল করলেন একটি কিশোর ছেলে ট্রেনে ।,Neutral
test_id_2965,খেয়াল করলেন একটি কিশোর ছেলে ট্রেনে ওঠার ।,Neutral
test_id_2966,করলেন একটি কিশোর ছেলে ট্রেনে ওঠার চেষ্টা ।,Neutral
test_id_2967,একটি কিশোর ছেলে ট্রেনে ওঠার চেষ্টা করছে ।,Neutral
test_id_2968,তিনিও খেয়াল করলেন একটি কিশোর ছেলে ট্রেনে ওঠার ।,Neutral
test_id_2969,খেয়াল করলেন একটি কিশোর ছেলে ট্রেনে ওঠার চেষ্টা ।,Neutral
test_id_2970,করলেন একটি কিশোর ছেলে ট্রেনে ওঠার চেষ্টা করছে ।,Neutral
test_id_2971,ছেলেটা ট্রেন মিস করলে চিটাগাং যাবে কী ।,Neutral
test_id_2972,ট্রেন মিস করলে চিটাগাং যাবে কী করে ।,Neutral
test_id_2973,ছেলেটা ট্রেন মিস করলে চিটাগাং যাবে কী করে ।,Neutral
test_id_2974,এই ভেবে যুবকটি হাত বাড়িয়ে দিলেন আলিনূরকে ।,Neutral
test_id_2975,ভেবে যুবকটি হাত বাড়িয়ে দিলেন আলিনূরকে সাহায্য ।,Neutral
test_id_2976,যুবকটি হাত বাড়িয়ে দিলেন আলিনূরকে সাহায্য করতে ।,Neutral
test_id_2977,এই ভেবে যুবকটি হাত বাড়িয়ে দিলেন আলিনূরকে সাহায্য ।,Neutral
test_id_2978,ভেবে যুবকটি হাত বাড়িয়ে দিলেন আলিনূরকে সাহায্য করতে ।,Neutral
test_id_2979,আর ভাবছি অপ্রয়োজনের সময় কেন যে মানুষ ।,Neutral
test_id_2980,ভাবছি অপ্রয়োজনের সময় কেন যে মানুষ এত ।,Neutral
test_id_2981,অপ্রয়োজনের সময় কেন যে মানুষ এত উপকার ।,Neutral
test_id_2982,সময় কেন যে মানুষ এত উপকার করতে ।,Neutral
test_id_2983,কেন যে মানুষ এত উপকার করতে চায় ।,Neutral
test_id_2984,আর ভাবছি অপ্রয়োজনের সময় কেন যে মানুষ এত ।,Neutral
test_id_2985,ভাবছি অপ্রয়োজনের সময় কেন যে মানুষ এত উপকার ।,Neutral
test_id_2986,অপ্রয়োজনের সময় কেন যে মানুষ এত উপকার করতে ।,Neutral
test_id_2987,সময় কেন যে মানুষ এত উপকার করতে চায় ।,Neutral
test_id_2988,ছুটন্ত আলিনূরের কবজির ওপরে খপ করে ধরে ।,Neutral
test_id_2989,আলিনূরের কবজির ওপরে খপ করে ধরে ফেললেন ।,Neutral
test_id_2990,কবজির ওপরে খপ করে ধরে ফেললেন সেই ।,Neutral
test_id_2991,ওপরে খপ করে ধরে ফেললেন সেই যুবক ।,Neutral
test_id_2992,ছুটন্ত আলিনূরের কবজির ওপরে খপ করে ধরে ফেললেন ।,Neutral
test_id_2993,আলিনূরের কবজির ওপরে খপ করে ধরে ফেললেন সেই ।,Neutral
test_id_2994,কবজির ওপরে খপ করে ধরে ফেললেন সেই যুবক ।,Neutral
test_id_2995,চলন্ত ট্রেনের দরজায় দাঁড়ানো তিন গুণ শক্তিশালী ।,Neutral
test_id_2996,ট্রেনের দরজায় দাঁড়ানো তিন গুণ শক্তিশালী যুবক ।,Neutral
test_id_2997,দরজায় দাঁড়ানো তিন গুণ শক্তিশালী যুবক ওর ।,Neutral
test_id_2998,চুদি না খান*** মা**,Negative
test_id_2999,"নাম হওয়া উচিত ছিলো ""দুরের বারো ভাতারী এখন কাছে""",Negative
test_id_3000,কখনো ব্রা পরে নাচো আর কখনো বোরকা পরে সাজো,Negative
test_id_3001,যে এই পোস্ট করেছেও নিশ্চিত জারজ সন্তান,Negative
test_id_3002,আহারে অভাব গুলিস্তান থেকে ব্রা কিনে নিও কেমন !,Negative
test_id_3003,শরীরের পুরো কাপড় খুলে দে,Negative
test_id_3004,খানকি মাগি তুই অভিশপ্ত মাগি,Negative
test_id_3005,পাছা কবিরের আর কোনো স্ট্যাটাস দেখিনা কেন?,Negative
test_id_3006,সাউয়্যা নিয়া পরিবেশ দূষণ করতেছো,Negative
test_id_3007,রমাদান মাস না হইলে তরারে কিছু বলতাম কনডম দুর্গটনায় যা হয় তাই আর কি,Negative
test_id_3008,আমরা রবো নিরবে কাম হারবে জনি ভাইয়ে,Negative
test_id_3009,আজকে রাতে ঘুমের পর আমার সকালে গোসলের কাজ লাগলে তোর দোষ,Negative
test_id_3010,আবিত্তা কেউ থাকলে মালটারে বিয়ে করে নেন।,Negative
test_id_3011,ওর পরিবারটাই নাস্থিক ওই মাগি নাস্থি,Negative
test_id_3012,সাফার নুনু আছে।,Negative
test_id_3013,আই মাগী তোরে চুদমু তারপর তোরে বিশ্বাস করামু,Negative
test_id_3014,"পতিতা তাসলিমা নাসরিন এর বোন, মাগি, খানকি এক্কেরে হুগায় বাঁশ দিমু",Negative
test_id_3015,"জামালপুরের ডিসির পক্ষ থেকে অভিনন্দন,",Negative
test_id_3016,"তোরে চুদি হেতিরে ভরি।তোর সোনা দিয়া তাশ খেলাই।হেডার বাল মাগী, বেশ্যাচোদা, খানকি মারানী",Negative
test_id_3017,ফাটা কন্ডমের ফসল,Negative
test_id_3018,তামাশা তো নুনুবেল এর বউ,Negative
test_id_3019,"মাগি তাসলিমা নাসরিন,ওর রেট জানতে ফোন করুন সবাই,",Negative
test_id_3020,কিরে নটি সামাজিক দূরত্ব কই?সাথের সব গুলা রে তো সন্দেহ আছে।,Negative
test_id_3021,তোর থেকে সানি লিওয় ই ভাল  তুই গোপন বেশ্যা,Negative
test_id_3022,"সুদেনা কেউ মনে লাগে ঢেউ, সুদেদেবে কেউ থেমে যাবে ঢেউ",Negative
test_id_3023,তোর পাছায় যে ছিদ্র আছে বিশ্বাস হয়?,Negative
test_id_3024,"জার্মান শেফার দিয়া চুদাই,খানকি সাফা কবির",Negative
test_id_3025,এই মাগি দের কাজ আর কি হবে,Negative
test_id_3026,এটা আপনার বউয়ের বুক নাকি?,Negative
test_id_3027,"এই পোস্ট যে করেছে সে কন্ডম ফাইটা হইছে, ওর মা বাবার ইচ্ছা ছিলনা।",Negative
test_id_3028,মাগীর দাত করাতের মত,Negative
test_id_3029,আপনার বুকের হাড় গুলো ঠিক আছে তো,Negative
test_id_3030,তোরে কুত্তা দিয়া চোদাই খানকি ব্যাশ্যা মাগি কোথাকার। তোর মায়রে কুত্তায় চোদে,Negative
test_id_3031,সাপোর্ট চোদাইতে আইছে,Negative
test_id_3032,তোমারে দেকলে সোনা গরম হয়,Negative
test_id_3033,তোর নাটকে আজ থেকে চোদা হলো!,Negative
test_id_3034,তুই বাংলাদেশের শেষ্ঠ মাগী,Negative
test_id_3035,খাংকী মাগির বাচ্চাতোর মায়রে চুদি না ঘৃণায়!,Negative
test_id_3036,পোস্টারের রবীন্দ্রনাথের লগে ঢলাঢলি করো অথচ জলজ্যান্ত পুজন্দ্রনাথকে নিতে পার না,Negative
test_id_3037,এই খানকিরে আাবার রেসপেক্ট সোদাও,Negative
test_id_3038,শালা তোর চৌদ্দগোষ্ঠীরে ঝাড়ু দিয়ে পিটান লাগবে অন্যরে সমালোচনা করিস কেন,Negative
test_id_3039,তর ভোদা নাই কেননা আমি তা দেখি নাই,Negative
test_id_3040,"মামা পরি মনি দাবি করছে যে,তুই ব্রা প্রেসেন্ট না করলে এরকম ই চলবে  ",Negative
test_id_3041,বাল ফালানি গুদ ম্ষ,Negative
test_id_3042,তোমাল ততা তেউ তোদেও না,Negative
test_id_3043,"জাহিদ মালেক কয়টা ছবি করছে,,,,আমি ১টা ও দেখি নাই।।",Negative
test_id_3044,ভাই এরা মালুর জাত,Negative
test_id_3045,বুক ফুলাই প্যান্ট খুলে আমার মেশিনের দিকে তাকিয়ে খেকো না !!ঢুকে যাবে যে!!,Negative
test_id_3046,একজন পর্ন তারকা।,Negative
test_id_3047,তোর মাকে চুদি মাদার চোদ,Negative
test_id_3048,বারবার জুম করে করে দেখতেছি কিছু দেখা যায় কিনা সেই আশায়।,Negative
test_id_3049,আসিফ ছাগুকে পুন্দাও আর কোন কথা নাই ।,Negative
test_id_3050,কুত্তার বাচ্চা কুত্তা কে দুধ খিলা,Negative
test_id_3051,সানি লিওনের কন্যা রে।,Negative
test_id_3052,বাংলাদেশের মাগি ১,Negative
test_id_3053,তোর মায়েরে আমি চুদি আমি তোর বাব তুই আমারে ভলবি তো,Negative
test_id_3054,যাক একজন হিরো আলমের আচুদা বক্ত পাওয়া গেলো।,Negative
test_id_3055,সোনা ফুলিয়ে দেখ,Negative
test_id_3056,নগ্ন ও মনে হচ্ছে না এরা খুলে দিলেও যা এমনিতেই তা কতা কন ঠিক কিনা,Negative
test_id_3057,পরি মনির মানবতার বুক এতো ফাঁক কেনো ?,Negative
test_id_3058,বুরি বুরি মনে হয়,Negative
test_id_3059,আবার কার লগে?,Negative
test_id_3060,শালার পোত মাগির দালালির কাজ হাতে নিছোস।,Negative
test_id_3061,খাইয়া ছাইড়া দিব⁉,Negative
test_id_3062,"ক্ষমা ফেসবুকে না চাই,নামাজে পড়ে আল্লার কাছে চান।",Negative
test_id_3063,ঈদ গেলো তবু্ও নেই ন্যাংটা মার্কা ছবি বদলাইলায় না আর মানবিক চোদাও,Negative
test_id_3064,"আমার নিষ্পাপ বোরখায়ালি বোনটি, কেউ লাইক না দিয়ে যাবেন না",Negative
test_id_3065,মাগিরা এমনিই হয়,Negative
test_id_3066,"নারীর সৌন্দর্য যে নগ্নতায় নয় আবরনে, তা এখান থেকেই দৃশ্যমান।",Negative
test_id_3067,তরে কেউ পুটকি ও মারব না,Negative
test_id_3068,চোদায়ে কুব টেশ।।,Negative
test_id_3069,একদিন উলঙ্গ হয়ে পরেরদিন বোরকা পরে অবশ্য মানুষ দোষ দিবে বোরকার ব্যাক্তি মানুষটার নয়  ,Negative
test_id_3070,লিংক চাই সত্য না জেনে কাউকে গালি দেওয়া ঠিক না,Negative
test_id_3071,মাগি তোমাকে ট্রাম্পের সাথে বিবাহ দেওয়ার দরকার,Negative
test_id_3072,মাগিক কুত্তা দিয়ে চোদানো উচিত।।।।,Negative
test_id_3073,দুই দিন হিজাব পরলেই নটি ব্যস্যা কি ভাল হয়ে যায় নাকি নটি নটিই থাকে,Negative
test_id_3074,"কি জামানা আসলো ফেইসবুকে জিহাদ করে,",Negative
test_id_3075,"তোর মাকে চুদি, শালির খানকি মাগি।একে দেশ থেকে তারিয়ে দিতে হবে",Negative
test_id_3076,কেউ কিছু বলতে চাইলে এই লিংকে যাই কিছু বলেন,Negative
test_id_3077,আল্লাহ কাছে মাফ চান ক্ষমা করার মালিক একমাত্র আল্লাহ।,Negative
test_id_3078,একটি আচুদা পোস্ট !,Negative
test_id_3079,"সারাজিবন ত পরিচালকের আর মাইনশের গুতা খাইলি,,,,,",Negative
test_id_3080,ওই জনগণের জন্য যা করে তোরাই এর বালের কাছে যেতে পারবি না,Negative
test_id_3081,ওই খানকি তোর মায়েরে চুদি,Negative
test_id_3082,একটা পাছা বারাই তালি দে,Negative
test_id_3083,আপনি কি নেংটা আগে বলবেন তো আমার জাঙিয়াটা দিয়ে দিতাম আরকি,Negative
test_id_3084,শালা মাগির মেলা দিছে । ছবি না । শালা লুচ্চা আলম ।,Negative
test_id_3085,ঘুপসি মাগি আজ থেকে আর তোর কোন নাটক দেখবো না,Negative
test_id_3086,"আসিফ একটা জারজ সন্তান,",Negative
test_id_3087,"কিএক্টাবস্থা,ব্রা,পেন্টির বরোই অভাব",Negative
test_id_3088,তোমার ভোদা দেখাও ভিডু কল দেও নাইলে বিশ্বাস করিবোনা তোমার ভোদা আছে নাকি নাই,Negative
test_id_3089,সালি রড় বাজ।,Negative
test_id_3090,"পাছা কবির আল্লাহ তোমাকে মাপ করবেন অবশ্যই, ফেসবুক থেকে মাপ পাবা না তুমি",Negative
test_id_3091,তোমাকে খাবো নীরবে!,Negative
test_id_3092,হ্মমা চাইবে নামাজে বসে। সে দেখি ক্যারিয়ার বাচাতে ফেসবুকে হ্মমা চেয়ে বেড়াচ্ছে,Negative
test_id_3093,এই স্ট্যাটাস তোমার পুটকি দিয়ে ভইরে দিমু,Negative
test_id_3094,মাগির বেটি একটা খানকি,Negative
test_id_3095,আকাডার সাথে নাগিয়ে তোর বাবা সাথে যাইতে পারতি।তাও লোকে এতো কথা বলতলনা,Negative
test_id_3096,আহাগো ঝুইলা গেচে দুধু  মণির জামা,Negative
test_id_3097,পরিমণী আপুর ভোদা দেখা যাচ্ছে । চুষে দিব নাকি,Negative
test_id_3098,দেখতেই খানকিটার মত দেখা যায়,Negative
test_id_3099,মাগিরে ১বস্তা বেগুন সমেত ইসরাঈল পাঠানো হোক !!,Negative
test_id_3100,বাংলাদেশে এখনো করুনা আসে নাই এই কথা কেমনে বললি তুই।আবাল চোদা,Negative
test_id_3101,আপনার নামটা চেঞ্জ হয়ে গেছে  পাছা_কবির,Negative
test_id_3102,খানকি তো তা পরকাল কি করে বিশ্বাস করে।।খিনকি বাচ্চা খানকি,Negative
test_id_3103,আসুন আমরা সবাই দল বদ্ধ হয়ে সাফা মাগিকে আনফ্লো করি।।আদেশক্রমে সাধারণ জনগণ,Negative
test_id_3104,জামালপুরের ডিসির পক্ষ থেকে অভিন্দন,Negative
test_id_3105,গরীবের ভন্ডু জনি সিন্স তোমার পাশে দাড়াবে চিন্তা কইর না,Negative
test_id_3106,আন্তর্জাতিক পতিতার জানালা তো সবসময় খোলা ছিল।,Negative
test_id_3107,মাগি না হলে কি একথা বলে,Negative
test_id_3108,কুকুরে বুঝি তোর দুদু চোসে খানকি,Negative
test_id_3109,চি চি আমি নিজেৱ ৰউ ভাৰতাম তোমাকে খানকি !,Negative
test_id_3110,বাহ চুদির বেটি বাহ,Negative
test_id_3111,খানকি মাগি ফাসা মাগি সবাই আনফলো করুন!!,Negative
test_id_3112,এই খানকির পোলা চুপ,Negative
test_id_3113,তোর মাকে চুদি।,Negative
test_id_3114,"সাফা কবির এখন।অসুস্থ, সে চিকিৎসা নিতে জনি সিন্স ডাক্তারের কাছে গেছেন!!",Negative
test_id_3115,তোমাল নাতক আল কোন পাব্লিক তোদেও না ওরে গালি রে,Negative
test_id_3116,তরে ছুদি মাগির পুরি,Negative
test_id_3117,"এ মাগি নাসতিকের বাচ্ছা নিজে ভাল হ""!!!!",Negative
test_id_3118,এই মাগী সাফা পরকাল বিসসাস করস না তাহলে আল্লাহর কাছে বিচার দেস কিভাবে,Negative
test_id_3119,"একটা দুর্ঘটনা সারা জীবনের কান্না, এখন বোঝ ঠেলা, জনি সিন এর সাথে কবে সুরু করছোস",Negative
test_id_3120,ডাইনি ছাফানিজবা ভুচকি মাগি,Negative
test_id_3121,পাছা কবিরের আইডিটা তুরা এভাবে খেয়ে ছেড়ে দিলি!,Negative
test_id_3122,তুই ইন্ডিয়ান দালাল ছাড়া আর কিছুই নয় শালা বেশ্যার ঘরে জন্ম,Negative
test_id_3123,কুত্তার বাচ্চা।তোর জন্মের ঠিক নাই।তুই খানকি তোর ফ্যামিলি ও খানকি,Negative
test_id_3124,আপু আপনি আমার ক্রাশ ছিলেন এখন খানকি মারানি হয়ে গেলেন সবার কাছে ভালো থাকুন,Negative
test_id_3125,হিরো আলম ইতার হেডা হালা মাগির পোয়া,Negative
test_id_3126,কমেন্ট পড়ে আমি মনোমালিন্য,Negative
test_id_3127,"ওরে মুই হাগল হয়ে যাইয়ুম,",Negative
test_id_3128,পরেও মাগীর ঘরের মাগীরা,Negative
test_id_3129,খোলা জানালা নামটা মানাইছে,Negative
test_id_3130,মুমিনদের পুটকি দিয়ে আজ রকেটের ধোয়া বের হচ্ছে!!,Negative
test_id_3131,জামালপুর যাওয়ায় জন্য পূর্ব প্রস্তুতি,Negative
test_id_3132,"আমাল বাবু টা লে,ওলে ওলেচুনামনি কিসসু জানেনা নাটকির পুরি",Negative
test_id_3133,মনে হয় কাপড় কিনার টাকা নাই,Negative
test_id_3134,তকে ককুর দিয়ে চুদামু,Negative
test_id_3135,ভোদার হিরো আলম,Negative
test_id_3136,এই যাও বাল তোমারে চুদি না। আমার নুনু অনেক বেশি বড়ো।,Negative
test_id_3137,কি রে বেশ্যা রেট কত তোর,Negative
test_id_3138,খানকি মাগি তুই খারাপ,Negative
test_id_3139,মাগীর মুখে এসব মানায় না!,Negative
test_id_3140,আগেই চোদা দেয় ওরা,Negative
test_id_3141,তামাশা তোমার পুটকি দিয়ে দেই??,Negative
test_id_3142,"মালেক ভাই বলছেন,",Negative
test_id_3143,"তাহারা অর্ধনগ্ন ফটোশুট, অশালীন অভিনয়ে যুক্ত।এমন মানুষ পরকালে বিশ্বাস রাখলেও বাঙালির কি লাভ হতো।",Negative
test_id_3144,এই তুই কি মনুষ জাত নাকি আন্য কিছু। তুই ত কুকুরের চুদা।,Negative
test_id_3145,"মাগি গুলা যে সেকেন্ডে সেকেন্ডে নাগিনের মত রুপ পাল্টাতে পারে, আগে জানতাম না!",Negative
test_id_3146,মালের ধান্দা হচ্ছে ভাইরাল হওয়ার,Negative
test_id_3147,তরে               এর পুটকিতে বসাইয়া ঠাপামু বানিতে        সফিক        ,Negative
test_id_3148,খেলে বেশি ভালবাসা শরীর হয় তাজা মন যায় ভরিব্রা যায় ছিড়ি,Negative
test_id_3149,তোর মতন মাগি বিশ্বাস করলে কি না করলে কি।,Negative
test_id_3150,ভার্জিন কাকুটারে নষ্ট কইরা দিল।,Negative
test_id_3151,নুনু এই তামাশায় এত ভাব,Negative
test_id_3152,মাগি। কয় কি।,Negative
test_id_3153,খানকির পোলারা বাংলাদেশের চলচ্চিত্র টার পুটকি মাইরা দিতাছে খেইততা খানকির পোলারা,Negative
test_id_3154,তোমার পাছা এ্যাতো ছোট ক্যাঁন?,Negative
test_id_3155,কোন এক নিষিদ্ধ পল্লির কন্ডম দুর্ঘটনায় জন্ম নেয় এসব সাফা কবির নামক কুলাঙ্গাররা।,Negative
test_id_3156,চোদা গভীরের বিচার বাংলার মাটিতে হবেই হবে,Negative
test_id_3157,তুই ত মাগি,Negative
test_id_3158,তুই কি গায়ক নাকি নায়ক। শালা মাগিবাজ,Negative
test_id_3159,আমার মনে হয় অর মা মাগি আছোলো,Negative
test_id_3160,"আমি যদি কোন ভূল করে থাকি মানে কি রে মাগি,তার মানে তুই ভুল করিস নাই",Negative
test_id_3161,"চুদছে তোমারে,,, তোমারে হাতের কাছে পাইলে,,,,,,,,,,,,, কুত্তা দিয়া চুদাইতাম",Negative
test_id_3162,চদম্রানি এটার লিংক তো পেলামনা,Negative
test_id_3163,এক নৌকার হাজারও মাঝি।,Negative
test_id_3164,হীরা বাংলার বুকে একজনই সে আলম,Negative
test_id_3165,হাতি দিয়ে চোদানো  ,Negative
test_id_3166,ওরে নটির পোলা টোকাই আলম রমজান মাসে এসব কি করতেচোচ বাইনচোদ,Negative
test_id_3167,জানালা দিয়ে ঢুকার সময় সবাই এটা নিয়ে নিয়েন বারোবাতারিদের সাথে এইডস থাকতে পারে,Negative
test_id_3168,মাগী বাজি বন্ধ করেন আফু আকাম সোদাইয়া এখন আবার ভালো সাজন সোদাইতেছো?,Negative
test_id_3169,এই মাগির বাবা কে তা আদো জানে না??,Negative
test_id_3170,চুতমারানি ুদির ভাই চুইদ্দা কয় চুদি নাই,Negative
test_id_3171,মাগিরে সবাই মিলে রাম চোদন দেন,Negative
test_id_3172,মাগি হোগা ডি বাশ ডুকানো লাগবে,Negative
test_id_3173,মাগি বালমান মনে হয় ভুল করে তোর দুধ কাইটা ফেলছে।,Negative
test_id_3174,উনি এমনিতেই দেখতে পাছার মতই,Negative
test_id_3175,এতু হট কেন তুমি,Negative
test_id_3176,তোর দেশে ফেরার অপেক্ষায় রইলাম। জেলে একটা কামরা বুক করে রাখা থাকল।,Negative
test_id_3177,"বাহ সমালোচনায় এসে এখন সে অবুঝ, ক্ষমা প্রার্থী! সব অভিনয়,ু .",Negative
test_id_3178,জাহিদ খান তুই একটা মাদারচোদ মানুষকে নিয়ে কৌতুক খানকিরপুত,Negative
test_id_3179,সাফা কবির কে দরে পুটকি চিপান দাও সবাই,Negative
test_id_3180,নাটক চোদাও এখন ? বেশ্যা কোথাকার ।,Negative
test_id_3181,মাগির মারে চুদি,Negative
test_id_3182,মাগি ভুল করার সমাই মনে থাকেনা খাংকি মাগি তকে কুততা দিয়া চুদামু,Negative
test_id_3183,"শুধু ফেসবুকে ক্ষমা চাইলে হবেনা,প্রকাশ্যে সংবাদ সম্মেলন করে ক্ষমা চাইতে হবে",Negative
test_id_3184,তোমাল তথা কেউ তুদে না,Negative
test_id_3185,ওর গুদের মধ্যে যখন গরম রড ঢুকাবে তখন বুঝতে পারবে পরকাল আছে কি না মাগী,Negative
test_id_3186,জারজ মাগি পরকাল বিশ্বাস করনা মরে দেখ বুঝতে পারবি,Negative
test_id_3187,যেন কেউ ধর্ষণ করেছে এরকম দেখা যায়,Negative
test_id_3188,তোর জদি ফেসবুক হেকিং হয়ে থাকে তাহলে তুই কিভাবে        দিলি,Negative
test_id_3189,আহালে আমাল পরি টা সবাইরে দুধ দেখাইতে হয় বুঝি,Negative
test_id_3190,"এই মাগির পোলারে সেফুদার কাছে নিয়ে যাওয়া উচিত।।কারন সে ক্রস ক্রস করে মারবে,কি কস?",Negative
test_id_3191,খোলা জানালা এখন যে অবস্থা প্রতিদিন ঝড় বৃষ্টি হয় তাই লাগানো রাখা ভালো,Negative
test_id_3192,তোমার পাছাটা সেইরকম একটু ডেলে দেই,Negative
test_id_3193,মাগি কথা ঘুরাশ কেনো নিজের কানে সুনেক মাগি কি বলছিস তুই!,Negative
test_id_3194,"ব্রা পরে নাই, নাকি!।ব্রা'র হুক দেখা যাচ্ছে না যে",Negative
test_id_3195,চুদেনা কেউ মনে লাগে ঢেউ,Negative
test_id_3196,মাগীর বাচ্চা বলো টা কি,Negative
test_id_3197,তুই পাটক্ষেতে যাহ।তোর ক্যারিয়ারের হো* মারা শ্যাষ।,Negative
test_id_3198,চল চুদা দিয়ে তুর গুদ ফাঠায় দেয়।,Negative
test_id_3199,আমাদের সেক্সি টা,Negative
test_id_3200,"সবাই সাফা কবীরকে দেখলে দেখিয়ে দিবেন,না হয় পাছা কবীর ভাবে আপনি পুরুষ না!",Negative
test_id_3201,বাংলার মাগীসানি লিওন আর মিয়া খলিফাওতোর থেকে অনেক পর্দাশীল,Negative
test_id_3202,তুই মাগি তো না দেখে বিশ্বাস ই করস না,Negative
test_id_3203,সবাই তাকে ভিক্ষা দেন। কাপড় কিনার জন্য টাকা নেই।,Negative
test_id_3204,রমযান মাসে লুচ্ছামি না করলেও পারতে,Negative
test_id_3205,নুনুবেলের বিচি দুইটা জাদুঘরে রেখে দেওয়া হোক।,Negative
test_id_3206,"ওগু খুলে দাও ব্লাউজের ফিতা হুম খুলে দাও, একপর মন ভরে দেখা যাক",Negative
test_id_3207,শাউয়া কবির। আস্ত একটা খানকি মাগি,Negative
test_id_3208,যাক তুই এখন আরও স্বাধীনভাবে কাপড় খুলতে পারবি .এমন ব্রেকাপের ধারা জারি থাকুক সারা জীবন।,Negative
test_id_3209,এই মামলা খারিজ না করে উপায় নাই।মামলা হলে সরকারের পাছা লাল হইয়া যাইতো,Negative
test_id_3210,মিথিলাকে কে চুদী,Negative
test_id_3211,আমি দলিল পএ খুজে দেখলাম সাফা কবির একজন জারজ সন্তান। কারন জানতে ফোন করুন -০১৭১৮৮১৬৫৯৮,Negative
test_id_3212,বেশ্যা পড়ার কনডম ফুঁটু হয়ে জন্ম নেয়া জারজ সন্তান তারাই এসব করতে পারে,Negative
test_id_3213,আর কাউরে কি খাওয়া বাকি আছে,Negative
test_id_3214,তোরে চুদি তোরে খেলাইতোর ছামাইদ্দা টাস খেলাই,Negative
test_id_3215,খানকিটাকে মহাশূন্যে ফালাইয়া এলিয়েন দিয়া চোদানো উচিত।যাতে বিধ্বস্ত পুটকি নিয়ে পৃথিবীতে ফিরে আসতে না পারে।,Negative
test_id_3216,আমার কোনো ইচ্ছা নাই তোমার মাঝে নীরবে পইড়া থাকার।আমার ইচ্ছা তোমার মাঝে সাঁতার কাটার।,Negative
test_id_3217,যারা সাফা কবির কে গালি দিচ্ছেন তাদের উদ্যেশ্য করে বলছিখানকিটারে গালি দেওয়া বন্ধ করবেন না,Negative
test_id_3218,অশ্লীল বেহায়াপনায় ভরে গেছে দেশটা,Negative
test_id_3219,"চুদেন্দ্রনাথ ঠাকুর এর মতো লুচ্চা, নারীলোভী এবং যৌনপিপাসু এক ছেচড়ার ভক্ত তুই ছিছিছি",Negative
test_id_3220,"ভাই এতো কিছু বলার কি আছে গোডাউন খারাপ হলে তার মাল কেমন হবে, নিশ্চয়ই খারাপ।",Negative
test_id_3221,আপুটা টাকার জন্য বুক টা ঢাকতে পারলো না,Negative
test_id_3222,জায়েদ খান তো নায়কের চুদাও না!!!,Negative
test_id_3223,"মাগি তুই না পরকালে বিশ্বাস কররিসনা, তবে কিসের বিচার দিলি ?",Negative
test_id_3224,শাউয়া গভির শুয়য়ের বাচ্চা বেশ্যা মাগি তর পুছি ফাক কর আমি বীর্য ঢালবো,Negative
test_id_3225,"এ ক্ষেত্রে পোলাপান সফল,,ফেসবুকে পোলাপাইনের গুতানোর ঠ্যালায় একদিনের ভিতরেই ওনার বিশ্বাস ইউ টার্ন নিয়া নিলো!",Negative
test_id_3226,"তোরা সব পাগল,,,ওর মতো খানকির পোশটে কমেন্ট করো,,,",Negative
test_id_3227,তুই হইলি আস্তে একটা মাগি,Negative
test_id_3228,এবার জনি ভাইয়ের কাছে যা সব টিক হইয়া জাইবো,Negative
test_id_3229,মাগী নামবার ১,Negative
test_id_3230,আরে বাবা কাপড় খুলে পিক দিলে আরো বেশি লাইক কমেন্ট আরো বেশি পাইতা।,Negative
test_id_3231,"তাতে আর কি হবে,রড গরমে দিছি,হালকা করে *** দিতে হবে",Negative
test_id_3232,আলম বোকা চোদা সালা গাজা খোর,Negative
test_id_3233,যে ভাবে জরিয়ে ধরেছেন ঠাকুর দার তো পরে যাবে চুয়ে,Negative
test_id_3234,সালা তোর বউরে এরকম বানা,Negative
test_id_3235,দে ঠাকুর এর কান্দে উড়িযা .,Negative
test_id_3236,"হোগা মারা খা,খানকি মাগি বেইশ্যা,জারজ সন্তানম'র,,,,,তারপর পরকাল কারে কয় বুইজ্জ্যা লইস",Negative
test_id_3237,হেদায়তের মালিক। আল্লাহ।।তওবা করেন,Negative
test_id_3238,মাগি মাগি থাকবি বুঝেছিস,Negative
test_id_3239,ও কে তো আমি প্রতি রাতে স্বপ্ন দেখে দেখ চুদি আর চুদি,Negative
test_id_3240,মাগির ঘরের মাগি,Negative
test_id_3241,হিতিরে হোনদাইছি হেডামারানি চোদানি মাগি মাগিরে পাইলে কতখন চুদতাম খানকি,Negative
test_id_3242,তোর মতো মাগির ফেসবুক না তোর দেহ হ্যাক করা প্রয়োজন!,Negative
test_id_3243,বেশ্যা। নারী জাতির কলংক।,Negative
test_id_3244,এতো ভালোবাসলাম আর তুই ওই হিজরাটারে দিয়া পুটকি চাটাইলি।মাগী ওই মাগি তুই অপরাধী রে।,Negative
test_id_3245,"নাক্সতিক, তরে পাইলে কুত্তা দিয়া চুদাইলাম্নে",Negative
test_id_3246,নগ্নতা তোমার সম্মানকে ধ্বংস করে ।নিশ্চয়ই পর্দা তোমাকে অনেক অনেক সম্মানিত করবে ।,Negative
test_id_3247,এই বেশ্যা কানকে মাগি র কাছে থেকে তরুন সমাজ হট ড্রেস পড়া শেখবে।,Negative
test_id_3248,বাংলা চলচিত্রের সব থেকে বড় বেশ্যা।,Negative
test_id_3249,ইফতারের পর ছবি        করবা বাবু  ,Negative
test_id_3250,পাগল চোদা আলম।,Negative
test_id_3251,হালার দুই পাগলা চোদা  ,Negative
test_id_3252,আহারে এই ছেলেটাকেও রেহায় দিল না১২ ভাতারির খাতায় নাম তুলে দিলসাবধান ভাই কূপটা কিন্তু গভীর,Negative
test_id_3253,"সাফা কবির মুরগি কবিরের জারজ মেয়ে হতে পারেএবার স্ক্রিনশট গ্রুপের কবলে পড়ছো,,বাঁচা মুসকিল",Negative
test_id_3254,ক্রাস মাল চুদবেন,Negative
test_id_3255,"তোর মারে চুদি মাগি,তুই বেইশ্যা,পুন মারা খা খানকি",Negative
test_id_3256,"খমা করার মালিক সেই,একজন,আল্লাহ,",Negative
test_id_3257,তুইতো কাফের হয়ে গেছোত রে মাগি এখনো সময় আছে আল্লাহর রাস্তায় ফিরে আয়,Negative
test_id_3258,এই মাগি কে রিপোর্ট দাও সবাাই আর ব্লক করো,Negative
test_id_3259,আয় যাইগা পাটক্ষেতে!!,Negative
test_id_3260,মাগি তোর জন্য এই ব্যবস্থা করা হবে,Negative
test_id_3261,ফাহমী'র সাথে তোমার কাজটা দারুন ছিল। এক্কেবারে ফাটিয়ে দিয়েছো।,Negative
test_id_3262,শালি ব্যাষা মাগি ছোদা,Negative
test_id_3263,"মাগি চুদা খেতে খেতে বুদা আর ঠিক নেই, এর জন্য ওলটাপালটা বলে",Negative
test_id_3264,তুমি অপরাধী। ক্ষমার মালিক আল্লাহ।,Negative
test_id_3265,তর জন্ম কি পতিতালয়ে .  পাছা_কবির,Negative
test_id_3266,ওয়াও পুরাই হট,Negative
test_id_3267,তুই ভুল করেছিস আবার বলছিস আমি যদি কোন ভুল করে থাকিমাগি কুথাকার,Negative
test_id_3268,বারোভাতারি মাগি তোর ক্যান করোনো হয় না।,Negative
test_id_3269,ওটা এক নং বেশ্যা,Negative
test_id_3270,আজব লাগে যে দেশ রাজাকার মুক্ত। সে দেশে আজও এসব মাগিরা প্রকাশ্যে ঘুর বেড়ায়।,Negative
test_id_3271,"আমার কমেট কুজে পাচ্চিনা,ফেইসবুক মুমিনদের কমেটের মাঝে,সবাই সাফা কবিরাকে দিনের পথে নিয়ে আচুন,",Negative
test_id_3272,বাংলার মাটিতে মাগির জায়গা হবে নাহ!!স্বাধীনতার নামে এই সব বেস্যা গিরি চলবে নাহ!!              ,Negative
test_id_3273,শালার। বেটা এক। মাগিরি কোথাইতে কে আনচে নাবি দেখাজাই। বাংলাদেশের। যুবকের। চরিএ। নষ্ট। করতেচে,Negative
test_id_3274,এই মাগি তুই পতের চুদা খাইয়া জন্ম নিচচ,Negative
test_id_3275,"তুই যে আমারে রেন্ডিবাদী, মালোয়ান কবি আমি আমার লাইফে কোনদিন ভাবি নাই!",Negative
test_id_3276,মাগী তোমার জন্ম হওয়াটাই ভূল ছিলো।,Negative
test_id_3277,তুই পরকালের কি বুঝিস তাই যদি বুঝতি তাহলে নাটক করতিস না তুই তো বেশ্যা,Negative
test_id_3278,আর কত কাল অন্যের পুটকি চুষবা বাংগালি?,Negative
test_id_3279,"ম্যারিল লাগিয়ে এসো, যাতে কষ্ট না হয়, মালুয়ান।",Negative
test_id_3280,কোন খানকি মাগির পোলায় এটা পোস্ট করছে অর মায়রে চুদি,Negative
test_id_3281,ওরে চুইদদা মাইরা ফালা,Negative
test_id_3282,এই ছবি চুদি,Negative
test_id_3283,ওরে পাটক্ষেতে না নিলে হুস হইব না,Negative
test_id_3284,"তুই হিন্দু ইহুদি,,মাগি ইন্ডিয়া জা,তাসলিমা নাসরনের সাথে জোগ দে।",Negative
test_id_3285,"আরে তুই তো কনডম দূর্ঘটনায় জন্ম নিচত,,,,",Negative
test_id_3286,আপনার বউয়ের সাথে কতদিন পরে দেখা হল,Negative
test_id_3287,এইখানে কয়েকজন হিন্দুধর্মের অনুসারীদের হাততালি দেয়ার প্রকৃত কারন টা কি?তাদের ধর্মে কি পরকালের অস্তিত্ব নাই  ,Negative
test_id_3288,একে বলে ডিজিটাল বেশ্যা,Negative
test_id_3289,কারে কইলেন কামাল ভাই,Negative
test_id_3290,মিয়া খলিফা কে শারমিন সুলতানা?,Negative
test_id_3291,গরীবের সানি লিওন ,Negative
test_id_3292,রবীন্দ্রনাথ বেচে থাকলে তোমার পাছার উপর একটা লাত্থি মারতো,Negative
test_id_3293,অাজকা রাইতেও অার ঘুমাইতে দিলিনা,Negative
test_id_3294,আগে বাপ কে ন্যাংটা করে মারা দরকার। ভন্ড সব।,Negative
test_id_3295,কি খবর বারোভাতারী,Negative
test_id_3296,জারজ সন্তান না হলে মুসলিমের ঘরে জন্ম নিয়ে এসব কথা বলতে পারত না,Negative
test_id_3297,রাজনিতি রাজনিতি                                         ,Negative
test_id_3298,তরে চুইদ্দা মাসিক বন্ধ কইরা দিমু,Negative
test_id_3299,তর পাছার ফট ও ত তুই দেখন নাইতার মানে তর পাছার ফট নাই ??,Negative
test_id_3300,এমন        করেছে সরকার সরকারি লোক হয়েছে ঘড়ে ঘড়ে ঘুকসি এই মাগির বিচার হতে হবেই।।,Negative
test_id_3301,তুমি কি বোকাচোদা না এটেনশন সিকার ?,Negative
test_id_3302,তোরে কুত্তা দিয়া পোন্দামু খান্কি মাগি,Negative
test_id_3303,ওনাকে ধর্ষক সিরাজউদ্দৌলার সাথে একরাতের জন্য বন্দী করা হোক।,Negative
test_id_3304,নটিমাগি তুই বিশ্বাস করলে কর না করলে না কর বুঝবি ঠেলা মরার পর,Negative
test_id_3305,"বিশ্বাস তো করবি আরো কত কিছু করবি সময় আসুক,কাপনের কাপড় পাবি কিনা সন্ধেও আছে।",Negative
test_id_3306,"তোরে চুদি না, খানকি মাগি",Negative
test_id_3307,মাগিরজি তুই পরকাল বিশাস করস না।,Negative
test_id_3308,এত পরিমান ছেলেদের কাছে ঘুমালে হুস থাকে?????,Negative
test_id_3309,আপনি ওই জারোজ সাফা মাগিরে আপু ডাকলেন।,Negative
test_id_3310,খানকির মেয়েরে গালি দেওয়া বন্ধ করবেন নাহ।।,Negative
test_id_3311,রবীন্দ্রনাথ ঠাকুরের প্রেমে হাবুডুবু খাচ্ছো না কি,Negative
test_id_3312,বান্দি মাগী বেশ্যানাস্তিকের বাচ্চা,Negative
test_id_3313,শাক দিয়ে দুধ ঢেকে রেখে পুষ্টিহীন যুবসমাজ সৃষ্টি পায়তারা করছে বাবুল বক্সীর জাস্টফ্রেন্ড পুটুমনি,Negative
test_id_3314,তা এ গরমে মশারি নিয়া ঝাপটা ঝাপটি করতাছেন কেন?,Negative
test_id_3315,সারা বছর লেংটা হয়ে বছরে এক মাস পর্দা করে কি লাভ,Negative
test_id_3316,এই হিরো আলম খানকির পোলাদের জন্য বাংলা ছবির খারাপ অবস্থা,Negative
test_id_3317,আমরা তোমাকে নিয়ে আর জনি সিন্সকে নিয়ে একটা            বানাবো আর ক্যামেরায় থাকবে সেফুদা।,Negative
test_id_3318,ওর বাবা এক জারক ও এক বেশ্যা,Negative
test_id_3319,তুই তোর বাপরে বলিস তুমি পরকাল বিশাস কর কি নি মাগি,Negative
test_id_3320,খানকি দেখিনি তোমাকে দেখেছি,Negative
test_id_3321,তোমার পাহাড়ি রাস্তায় যদি একটু হাটতে দাও আমায়,Negative
test_id_3322,বিশ্ব খানকি একটা সাফা মাগী,Negative
test_id_3323,"বেশি খুইলেন না, পারে বিপদ হবে",Negative
test_id_3324,"তোর মুখে ছাঁই,বারোভাতারি",Negative
test_id_3325,ভাই বিশ্বাস করেন আমার অফিসেও একটা মালু আছে স্লারপুতর খালি ধর্না দেয় চায়নিসদের কাছে,Negative
test_id_3326,আইচ্ছা ভাবির পরনে কি প্যান্ট আছে,Negative
test_id_3327,খানকি মাগিরে সবাই বজন করুন,Negative
test_id_3328,তুকে পাছা দিয়ে চোদা দরকার,Negative
test_id_3329,যা তো চুদির বেটি,Negative
test_id_3330,"নুনু দেখেছি, এবার ননুর কর্ম দেখতে চাই",Negative
test_id_3331,তুই একটা খানকিমাগী,Negative
test_id_3332,বউয়ের কনো খবোর নেয়না আবার ওভিনয় চদায় সালারে জুতা মার,Negative
test_id_3333,কেউ লিংক চাহিয়া লজ্জা দিবেন না,Negative
test_id_3334,হিরো আলম ঠিক আছে।কিন্তু সিফাত উল্লাহর কারনে তোর গুষ্টি চুদি,Negative
test_id_3335,তুই খানকি আর অমানুষ রয়ে গেলিএতদিন শুধু মুখোশ টা পড়ে ছিলি,Negative
test_id_3336,"রাফি মজুমদার ২মিনিট হাসি লই , ভাই আপনারে বুকে টেনে নিমু দাড়ান",Negative
test_id_3337,"এগুলো পাবলিক খুব ভালো বুঝে, সমালোচনা ফিরাতেই আল্লাহর কাছে আইডি ফিরে চাচ্ছে।",Negative
test_id_3338,"নিজেই নিজের পাছায় বাশ দিছে,,,,, এখন বের করতে চেস্টা করতেছে,,,,     আর বের হবেনা",Negative
test_id_3339,জারজ সন্তান পতিতালয় করে,Negative
test_id_3340,তোরে আমি চুদি,Negative
test_id_3341,জাভেদ এটা আবার কোন চুদির ভাই?আমি তো প্রথম এই প্রাণীটির নাম শুনলাম।।,Negative
test_id_3342,"সাফা কবির,,,খারাপ যখন হয়েই গেছেন,,জাতিকে একটা লিংক উপহার দেন,,",Negative
test_id_3343,"তুই যে সাফা কবির সেটা আমার বিশ্বাস হয়না,তুই মাগি কবির বেইশ্যা কবির",Negative
test_id_3344,"পাগল ছাগল, চন্নছাড়া অাচোদা বুড়া মাগীর দালাল সেফু কুক্তা,",Negative
test_id_3345,এইগুলা তৈরি র কারখানা হচ্ছে ব্রাক স্কুল  বিশ্ববিদ্যালয় এ,Negative
test_id_3346,সালি চু*দ্মা*রানি মাগি। আজ থেকে তোর নাটক বয়কট করলাম।,Negative
test_id_3347,চুল দিয়ে ভোদা ঢাকা যায় ,Negative
test_id_3348,বাংলাদেশ বোধ পাগল দেখছি কিন্তু তোর মতন এরকম খানকিমাগী আমি আর দেখিনি,Negative
test_id_3349,পুরাই বেশ্যা কানকি।,Negative
test_id_3350,আইডি হ্যাক করার মালিক,Negative
test_id_3351,ভাই লিংক হবে,Negative
test_id_3352,"এটা বল ""আল্লাহ তোমার কাছে বিচার দিলাম ঠিক চোদাও হালারা মোনাজাত ধর""",Negative
test_id_3353,"সেদিন রাতে দেখে ঘুমাতে পারি নি,তাই আজ কে আবার দেখে ঘুমাবো",Negative
test_id_3354,বাহ মাগি হইতে চলেছেন আপনি,Negative
test_id_3355,আস তোমাকে চুদি,Negative
test_id_3356,হেই পরী দাড়া আমি আইতাছি,Negative
test_id_3357,তোর নাটক অার দেখমু নাহ বেশ্যা মাগি।,Negative
test_id_3358,"তোমার পুটকিতে যে এত তেল , পাইলে সব বাহির করতাম মাগি",Negative
test_id_3359,পোস্ট কারী জারজ সন্তান!!!,Negative
test_id_3360,তুই ত খানকি তাইনা,Negative
test_id_3361,অামার মনে হয় তোর জম্ম শাহারিয়া কবিরের পুটকি দিয়া হইছে,Negative
test_id_3362,মাগি তুই কি কমেন্ট দেখছির,Negative
test_id_3363,লাইভে ভাপ চুদাইতে গিয়া হুগা মারা খাইয়া গেছে,Negative
test_id_3364,খোলা মাঠ খোলা পাহাড়,Negative
test_id_3365,মিথিলার বাংলাদেশে চুইলা কলা ভালো লাগে নাই,Negative
test_id_3366,তুই ও মাগির দালাল ।,Negative
test_id_3367,রোজার দিনে হিজাব পড়ে ফটো দিবেন,Negative
test_id_3368,কাপড় খুলে গেল,Negative
test_id_3369,খানকি না তুই,Negative
test_id_3370,গুড মর্নিং জানু,Negative
test_id_3371,তোর মত রাস্তার মাগি কে রিকসাওয়ালা দিয়ে ছোদাইবো,Negative
test_id_3372,একটু বেশি বাড়াবাড়ি হয়ে গেলো না পরী?,Negative
test_id_3373,সবার চুদা খাইতেছে এখন বুঝবে পরকাল কি,Negative
test_id_3374,পুটকি মারা দিতে দিতে তর পুটকি গেছে বইসা    তাই কি কইছোছ টের পাছ নাই,Negative
test_id_3375,যে লুচ্চামি করতে জানে তার বার মাসই তামাশা,Negative
test_id_3376,"সাফা কবির, তুই আস্ত একটা ভুস্কি মাগী",Negative
test_id_3377,পরি তোমার ভোদাতে আমার সোনা দিতে চাই,Negative
test_id_3378,মাইয়া চুল দিয়া দুধ ডাকার চেষ্টা করে এ কেমন ইচিং বিচিং,Negative
test_id_3379,বোকাচোদা ক য় কি।কে এই জাহেদ খান,Negative
test_id_3380,"যদিও ফেসবুক আইডি হেগ হয় থাকে,,,, তাহলে এই গুলা ইহুদি দের কাজ,,,,?",Negative
test_id_3381,খানকির জিয়ে তো নামাজ পরেনা,Negative
test_id_3382,কিরে মাগী আমি তো মনে করছিলামতুই কাল রাতে মইরা গেছত,Negative
test_id_3383,হেডার বিত্তে নাই বালরাত্রে খাই মালউঠে সকাল ভেলাসবাই মিলে মাগী রে দাও ঠেলাবুজবে সন্ধ্যা বেলা,Negative
test_id_3384,আমি একটু পাছা কবির ওহ সরি সাফা কবির আপার কমেন্ট পড়তে আসলাম,Negative
test_id_3385,তোর ফেসবুক হেগ নয়তোরে পাইলে তোর বোদা ও হেগ করতাম,Negative
test_id_3386,"কে কথায় আছো,এসে দেখো,ভোদাই দেখে যাও,পরে আর এমন পিস দেখতে পাবা না",Negative
test_id_3387,তুমারে সেফুদার কাছে পাঠানো হবে পাছায় ট্রস ট্রস করে মারবে তুমাকে সেফুদা,Negative
test_id_3388,ইন্ডিয়া চাহিদা পূরণ করে আবার বাংলাদেশে ব্রেক করেন বৌদি,Negative
test_id_3389,চুতম্রানী চুদির বাঈ তোকে ষুদার টাইম নাই,Negative
test_id_3390,"তোর বাপে তোরে জন্ম দিয়েছে, সেটা কি তুই দেখেছিস?না দেখে তাকে বাবা বলিস কেন? মূর্খ মাগি",Negative
test_id_3391,এই খানকিরে আমার অনেক ভালো লাগতো আজকের পরথেকে ওরে চোদলামো না।,Negative
test_id_3392,লুইচ্চা মেয়েদের ক্রাশ,Negative
test_id_3393,খানকি বেইস্যা মহিলা,Negative
test_id_3394,তরে লাগামু আয়,Negative
test_id_3395,সুদে সুদে খাল করে দেব তোমাকে,Negative
test_id_3396,"ফেসবুকে না,, নামাজ পইরা আল্লাহর কাছে মাফ চা।",Negative
test_id_3397,আহ্ মালের দানা পইরাছে।।।গো,Negative
test_id_3398,"সাফা তোরে এখন সবাই ঠাফায়,",Negative
test_id_3399,মাগীর সন্তান ৷,Negative
test_id_3400,এই বোকাচোদাদের কারনে দেশের বদনাম হয়,Negative
test_id_3401,"তুই কি তুর মা বাবার চুদা দেখছস,,দেখিস্নি!!এটাওত হতে পারে,,তুই কুত্তাচুদা বা শুয়র চুদা,অথবা শীবচুদা!",Negative
test_id_3402,ওর পাছায় রিমান্ডে নিয়ে গরম ডিম থেরাপি দেওয়া উচিত মাগি,Negative
test_id_3403,আচ্ছা পরীমণি কয়টা বিয়ে করছে?,Negative
test_id_3404,পদ্মা সেতুর একটা বাঁশ ওর গোয়া দিয়া দিতে মন চাইতাছে।।,Negative
test_id_3405,"এই মাগির পেইজে সবাই রিপোর্ট মারেন,,,",Negative
test_id_3406,সাউয়া মাগির পোলারে দেখলে  মাথায় রক্ত উঠে যায়  ,Negative
test_id_3407,ও নিজের জন্মই বিশ্বাস করে আর এইটাই বাস্তব ওর জন্মত কনডম দুঘটনায়,Negative
test_id_3408,মাফ করার মালিক আল্লাহ।।,Negative
test_id_3409,তুমি একটা মাগি তুমার কিসের কমা পতিতালয়ে জন্ম তুর তর বাবা তরে জন্ম দেয়নি,Negative
test_id_3410,কেও লিংক চাইয়া লজ্জা দিবেন না,Negative
test_id_3411,আপনার কথার চোদনে আজকে দুইদিন ফেসবুকে ঢুকতে পারতেছি না.,Negative
test_id_3412,মাগি তোরে ছিরে ফেলা উচিত ।,Negative
test_id_3413,"তুমি রবে নিরবে,,আমি থাকবো শুয়ে",Negative
test_id_3414,তোমার হোগা মারা সারা। এখন হোগা খুইলা দিলেও তোমার হোগা কেও মারবে না  পাছা_কবির,Negative
test_id_3415,এই মেয়ে তুমিতো উলঙ্গ মেয়ে তুমি কি কারনেবোরকা পরলে?,Negative
test_id_3416,আয় তোর জালা মিটিয়ে দেই (খানকি মনি ),Negative
test_id_3417,আহমেদ রাফি না বাড়া আমি আছি উগান্ডার,Negative
test_id_3418,"সারা বছর থাকেন খোলা খোলা, আজ পড়েছেন বোরখা! একি লীলা খেলা আপনার আপু?",Negative
test_id_3419,ঢাকে আর কি করবে।।এখন খোলা খুলির দিন পড়িছে।। দেখালে পুরা দেখা,Negative
test_id_3420,তোমার ঠিক এত্তো বড় লাগবে।,Negative
test_id_3421,শাওয়াচুদি খানকি মাগী চুত্ম্রানী,Negative
test_id_3422,পরকালে বিশ্বাস করলে তো নটিগিরি করতে পারবে না।,Negative
test_id_3423,তুই মাগি এই ধরনের মন্তব্য করলি কেন তোর বিচার হওয়ার দরকার,Negative
test_id_3424,মেঘলা তারেক তোর মায়ের সাথে আলোচনা করে এসেছিস মনে হচ্ছে কি চোদাচুদি করবি?,Negative
test_id_3425,কিরে বোইন ভ্যাসাল ধরছো ক্যান? কেউ গোয়া মেরে দিছে নাকি,Negative
test_id_3426,তুই শর্টপ্যন্ট খুলে ছবি দে,Negative
test_id_3427,খানকি মাগি ঢং চোদে না পাব্লিক।,Negative
test_id_3428,জাহিদ খান তুই একটা খানকিরপুত এটা দালাল খানকিরপুত,Negative
test_id_3429,উষ্ঠা খাইলে শিক্ষা হয় পাছা কবির তার এক উলঙ উদাহরন,Negative
test_id_3430,চোদার মতো মাল,Negative
test_id_3431,আগে শাক দিয়ে মাছ ঢাকত এখন চুল দিয়ে দুধ ঢাকে!,Negative
test_id_3432,ভাই এই সব চুতমারানি মাগির লাইগা আজ এই দেশেএ অবস্থা,Negative
test_id_3433,কাপড়ের কি অভাব পড়ছে,Negative
test_id_3434,টিনের চালে কাউয়া পাছা কবির আমার শাউয়া,Negative
test_id_3435,সবাই  আনলাইক করুন সাফা মাগির পেইজে,Negative
test_id_3436,"বিশ্বাস করবি কিভাবে তুই তো জারজ সন্তান, তোর মা - বাবার ঠিক নেই।",Negative
test_id_3437,বাংলাদেশ এর সানি লিওন,Negative
test_id_3438,"আহারে, মাইয়াডা কাপড়হীনতায় ভুগছে :- ",Negative
test_id_3439,তোমার বউকে দেখলে স্বপ্নদোষ হয়,Negative
test_id_3440,"ডার্ক অ্যাশেজ                   মাগিরে সবাই চুদে,বাদ যাবে না শিশুও।তোমরা কেন বাদ যাবা?",Negative
test_id_3441,এখন ফেসবুক আইডিটা ব্যাক পাওয়ার জন্য ভান ধরতাছে,Negative
test_id_3442,"হালার পো তোই কনসার্ট চোদাওতোর বিচি আগে ফোটানো,উচিত",Negative
test_id_3443,"এতো রাতে এতো গরম ছবি,,",Negative
test_id_3444,আমি ফেসবুক ফ্রি চালাই কিছু দেখা যাইতাছে না,Negative
test_id_3445,"মাগি মরে দেখ,,,কি করে,,",Negative
test_id_3446,গরুর মুত খেয়ে অনুপ্রেরণা পেয়েছে মাগীটা,Negative
test_id_3447,বেশীই পাতলা লাগে।,Negative
test_id_3448,সেক্স হাসিনার অনুপ্রেরণা,Negative
test_id_3449,মাল্টি প্লাগে নিউ চার্জার ইনপুট হইছে,Negative
test_id_3450,"তর বোদা মানে হেডা কাল নাকি সাদা নাকি লাল,, নাস্তিক মাগি",Negative
test_id_3451,জাহেদ খান কে বাংলা র কেউ চিনে না শুধু কুত্তা চিনে সালা আবাল চোদা ।,Negative
test_id_3452,পুটকিমারা রিলেটেড কমেন্ট পড়তে আসছি,Negative
test_id_3453,রেনডি মাগি এখোনো তোর মোনে হচ্চে তুই কোনো ভুল কোরিসনি,Negative
test_id_3454,তোর জন্য জনি সিন্স ভাইরে লাগবো মাগি,Negative
test_id_3455,মাগি কানকি ভাইরাল হবি?,Negative
test_id_3456,এসব খোলা জানালা দেখতে চাই না ।খোলা ময়দান দেখতে চাই।,Negative
test_id_3457,গরু কি দুধ দেয় না মুত দেয় দাদো,Negative
test_id_3458,সেই মাগী তার বাপ মুরগি চোর কবিরা,Negative
test_id_3459,মাগীর গুদ ফাটিয়ে দিয়েছে জনিদা,Negative
test_id_3460,অশ্লীল গান বাজনা করা ইসলামে হারাম .      হলো শয়তানের কারখানা ,Negative
test_id_3461,মাগি টা কই কি?,Negative
test_id_3462,তুই একটা বেইশ্যা মাগি,Negative
test_id_3463,"আপু জাতি জানতে চায়
 সালমান যখন তোমার পুটকি চাটতে ছিলো
 তৃমি পাদ দিছো নাকি দাওনি",Negative
test_id_3464,জায়েদ খান সালার পুতে কি ঐ মাগির পোলায় বেশি কথা বলে সব সময়,Negative
test_id_3465,বারোভাতারি থেকে দুরেই থাকবো,Negative
test_id_3466,মাগি মাগিয়ে থাকবি তুই।,Negative
test_id_3467,সাহসী না বলে আমরা এখন তাকে বলতে পারি হিজরা আলম,Negative
test_id_3468,তুমি কি নায়লা নাইম কে ফলো করতেছ ছুট আপু?,Negative
test_id_3469,সোজা চ******* ভিদেও,Negative
test_id_3470,সালমান খেয়ে ছেড়ে দিছে?,Negative
test_id_3471,মাগি তোর সোনার ভিতর লম্বা বেগুন ডুকাইলে তার পর চিনবি,Negative
test_id_3472,"ভাই রিপোর্টার, মিয়া খলিফা, সানি আপা,তছলিমা ম‍্যাডাম কিছু বলে নাই?মনটা খুব শুনতে চাইছিলো।",Negative
test_id_3473,তুর মতো মাগি যেন আর দ্বিতীয় টা না জন্মে,Negative
test_id_3474,সবাই প্রতিবাদ করুন নিচের লিংকে গিয়ে  . ,Negative
test_id_3475,আসলে তুুই একটা পারসানেল মাগি,Negative
test_id_3476,মুরগী কবিরের মেয়ে তোমার থেকে ভালো আর কিছু আশা করা বুকামী।,Negative
test_id_3477,তোরা খানকির পোলারা তার থেকে প্রতিবেদন নেছ কেন?,Negative
test_id_3478,কত ভদ্র লোক দেখলাম এই বয়সে আর কত নটি দেখলাম এই বয়সে কি আর বলবো,Negative
test_id_3479,একদম টপ খানকির মতো দেখা যাচ্ছে তোকে,Negative
test_id_3480,খানকি মাগি একটা,Negative
test_id_3481,দুধু গুলা কি অনেক ছোট যে বুক টানা দিয়ে বড় করে দেখাও,Negative
test_id_3482,ধুর আবাল চুদা তুই তো পরকাল বিশ্বাস করস না আবার আল্লাহ কাছে বিচার চাস কে?,Negative
test_id_3483,প্রধানমন্ত্রী মৌলবাদ এর বিরুদ্ধে যে জিরো টলারেন্স সেটা কেনো বললা না তোমার জামাইয়ের কাছে মাগী!!!!,Negative
test_id_3484,ফেইসবুক লাইভে এসে সরাসরি তাওহাব করতে হবে না হয় ক্ষমা পাওয়া যাবে না,Negative
test_id_3485,এই টা মুরগি কবির এর গুদামের মাল,Negative
test_id_3486,"এটাতে তেমন নাইস লাগছে না,,, নুড পিক দাও বেবী,,,,",Negative
test_id_3487,চুদে তোমারে এতো রাতরে পোলাপান গুলার পেন্ট বিজায়বার আয়ছো,Negative
test_id_3488,"কুত্তার বাচ্চা,, বে'জন্মা, মাগী।",Negative
test_id_3489,"এইতা কইয়া পাব্লিকরে বুঝান যাইবো, লিংক দাও ভাইরাল করে দেই, সাথে তুমিও ভাইরাল",Negative
test_id_3490,শালিকে চুদা দরকার বেশ্যা মাগি,Negative
test_id_3491,আপনার পাশের মেয়ে টা কে ছিলো মাগি টার সামনে এনে দেন,Negative
test_id_3492,তোমার জে এতো সুন্দর দুটি দুধ দিছে এটি কার দান।,Negative
test_id_3493,সমালোচনার কি আছে আজব ! ধর্ম বিশ্বাস করা না করা ব্যক্তিগত ব্যাপার।,Negative
test_id_3494,তোর চু* সালা মাগি,Negative
test_id_3495,যে খানকির বাচ্চায় এই পোস্ট করছো সে কুওার জন্মের 'এসব মিথ্যা,Negative
test_id_3496,নিজের কথাতেই জারজ সাব্যস্ত হয়ে গেলেন সাফা আপুকি আর বলবো,Negative
test_id_3497,তোরে রাম চুদা চুদতে হবে মাগি,Negative
test_id_3498,কি রে মাদারচোদবুড়া সেফুদাতোকে গরুর লেজ দিয়ে পুটকি মারলে এসব ছেড়ে দিবি,Negative
test_id_3499,"আবালে তো ভাষায় জানে না,, আবাল চোদা",Negative
test_id_3500,অাপু অাপনার প্যান্ট কোথায়,Negative
test_id_3501,বইরা দিলো হিরো আলম,Negative
test_id_3502,অনেক ভালবাসতাম হানকি যা মাগি তোর সাতে ব্রেকাপ,Negative
test_id_3503,"শুনছিলাম এর বাপে নাকি ইসলামি ফাউন্ডেশনের চেয়ারম্যান, তার মেয়ে এমন বেশ্যা হয় কিভাবে,,,,,,????",Negative
test_id_3504,তোর বউ কি তোর শার্ট পড়ছে ব্লাউজ হিসেবে??,Negative
test_id_3505,সে তো এটাও বিশ্বাস করে না যে তার পাছা আছে,Negative
test_id_3506,সেফুদা কে দিয়া চু*** মাগী,Negative
test_id_3507,"নুনুবেল অন ফায়ার,, বাহ চুদির ভাই,, এই হ্যাডার গানের জন্য এতকিছু .",Negative
test_id_3508,এখানে দেখি সব পেইসবুক চেলিব্রিটি কমেন্ট করতেছে।,Negative
test_id_3509,কাপর খুলেই যদি সেলিব্রিটি হওয়া জাইত তাইলেত মিয়া খলিফা কবেই হলিউডে ছবি করত!!,Negative
test_id_3510,প্রথম আলো এই পঁচা মাল দিয়ে বিজ্ঞাপন দেন???,Negative
test_id_3511,মাগি বাংলাদেশ থেকে বিদায় কর,Negative
test_id_3512,রাস্তায় লেংটা হয়া থাক কেউ চুদবে না   কারন কেউ বিশ্বাসই করবে না তুই মাগী .,Negative
test_id_3513,তুমি যে কত বড় খানকি এটা মানুষ এখন জানবে,Negative
test_id_3514,"মাগি তুই বেজন্মা তর জন্ম টিক নাই,,,জারজ সন্তান",Negative
test_id_3515,তুই মাদারি এটার ছবিতে এত কমেন্টস চোদাও কেন,Negative
test_id_3516,বোকা চোদা সাফা,Negative
test_id_3517,আমার ক্রাশ ছিলো পাছা কবিরএখন কি হবে,Negative
test_id_3518,মাগিকে নিয়া এতো লেখা লেখি বাদ দেন ভাই,Negative
test_id_3519,তোর মতো মাগী মরলে তার পর বুঝবি পরকাল কি,Negative
test_id_3520,কি মাগি তুমি কি এখন কারো বিছানায় বেশ্যা মাগি খানকি বেজন্মা র বাচ্চা কুত্তার বাচ্চা,Negative
test_id_3521,আহা!আমার পাছা কবীর,Negative
test_id_3522,ওর চেয়ে ভাদাইমারে ভালো দেখায়,Negative
test_id_3523,মাগী তরে চুদী,Negative
test_id_3524,আমার খানকি আপু টা,Negative
test_id_3525,কনডমের ছিদ্র দিয়ে জন্ম নিলে যা হয়,Negative
test_id_3526,"এই সব বাল পালানো জাহেদ চোদার টাইম নাই মানুষের কাছে,,,,হালা অহংকারী  ",Negative
test_id_3527,লিংকটা এখনো পেলাম না খালাতো ভাই নোবেল,Negative
test_id_3528,"মাগির ঘরের মাগি কাছে আয়,,, তরে পোন্দামো",Negative
test_id_3529,খাংকি মাগি তুই কথা কস না,Negative
test_id_3530,জায়েদ একটা মাগিখোর,Negative
test_id_3531,শান্তা আল্লাহর কাছে বিচার আজকাল ফেসবুকের মাধ্যমেও দেওয়া হচ্ছে!!!নাউযুবিল্লাহ,Negative
test_id_3532,সাফার বুকটার মধ্যে কালো জিনিসটা দেখে মনে হয় সে কোন চরিএহিন মেয়ে নাসে একটা ভার্জিন,Negative
test_id_3533,পেন্টি পইজ্জে দে পল্লা,Negative
test_id_3534,কাপড় খুলে বিশ্বাস করাতে হবে,Negative
test_id_3535,কনডম ফাইটা তুমি হইছিলা এইডাও তুমি বিশ্বাস করলা নাহ?খস্তগীরের কাছে বিচার দিলাম।,Negative
test_id_3536,তুই তো নিশ্চয়ই একটা জারজ সন্তান তোর জন্ম নিশ্চয়ই কনডম ফেটে হয়েছে,Negative
test_id_3537,"মইরা ল,, তারপর বুঝবি,,মাগী,,!!",Negative
test_id_3538,তোর কি কাপড় নাই মাতারি?,Negative
test_id_3539,"জনি দেখতে আসলো,, সেও আবার না দেখে জিনিসের উপর বিশ্বাস রাখেনা",Negative
test_id_3540,আপনার সৃজিত বাবা কোথায়?,Negative
test_id_3541,আহারে।।আপু আপনি বেঁচে আছেন।।।কন্ডম দূর্ঘটনা।,Negative
test_id_3542,ভাব দোদাইতে গেছিলা মাগি ?,Negative
test_id_3543,তুই তো মাগি,Negative
test_id_3544,জায়েদ খান নিজের পরিচিতি বাড়ানোর জন্য হিরো আলমকে নিয়ে এমন করে বলেছে।,Negative
test_id_3545,"আরেকটু ফাক করেন দেখা যায় না,,, শালী বেশ্যা",Negative
test_id_3546,"আমি সাফা মাগি কে, জাইজ্ঞা খুলে চুদতে চাই",Negative
test_id_3547,তোমার চশমাটা তোমার বিচির মতো,Negative
test_id_3548,তোমার মতো শুয়োরদের পাছায় পেপসির বোতল ঢুকিয়ে দেয়া দরকার,Negative
test_id_3549,সাফা কবিরের সোনা টা দেখার আপেক্ষায় আছি,Negative
test_id_3550,"বাবু, ভুলে প্যান্ট পড়োনি ",Negative
test_id_3551,আমাদের সানি লিওন,Negative
test_id_3552,আমরা গান চাই না লিংক চাই,Negative
test_id_3553,জাহেন এই মালটা আবার কে,Negative
test_id_3554,পরিচালকরে একটু পুটকি মাইরা দেই।,Negative
test_id_3555,মাল খানেরে চোখ বাইন্ধা ঠেইলা দিলে কি বিশ্বাস করবে?,Negative
test_id_3556,যারা মাগি তারা বিশ্বাস করেনা,Negative
test_id_3557,"আজ যদি ইসলামের আইন কায়েম থাকত,পাছা কবিরকে ডিল,পাথর ছুড়ে মেরে ফেলা হইত।",Negative
test_id_3558,আসলে মাল খেয়ে টাল,Negative
test_id_3559,আস্ত একটা বা*****দ,Negative
test_id_3560,চুলগুলো বুকের সামনে রাখার কোন দরকার ছিলো না! :(,Negative
test_id_3561,এই মাগীতো পতিতালয়া থাকে ওর কাছে ভালো কিছু কি আসা করা যায়,Negative
test_id_3562,তুই একটা কানকি মাগি। এখন টেলা পরেছে বলে এই কথা। শালি আগে মন টিক কর,Negative
test_id_3563,"যত বড় দুধ নয়, তত বড় কথা",Negative
test_id_3564,আমি মালায়শিয়া থেকে. জাহিদ কে? তাকে তো চিনলাম না। বেস্ট হিরো আলম,Negative
test_id_3565,তুমার জানালা আর কত খোলে রাখবে??প্লিজ একটু প্রাইভেট করো প্লিজ।ম্যাগী নুডুলস,Negative
test_id_3566,জায়েদ কান কবে হলে শালা তরে পাইলে জতার মালা দতাম।,Negative
test_id_3567,এই মাগি তরে চুদার টাইম না,Negative
test_id_3568,বোঝনা দুধু খাও,Negative
test_id_3569,তোর ভোদার ভিতর বাশ দিমু মাগি,Negative
test_id_3570,ছাফা চুদি খালে বিলে উপ্তা করে,Negative
test_id_3571,কোনো এক নিষিদ্ধ পল্লীতে বেলুন দুর্ঘটনায় জন্ম হয়েছিলো এই সাফা কবিরের।জারজের বাচ্চা,Negative
test_id_3572,এগুলা কনডম দূর্ঘটনার ফসল,Negative
test_id_3573,অভদ্র হয়েছে জনি সাফারি প্রেমে .তাই কাছে আসোনা আরো কাছে আসোনা,Negative
test_id_3574,"আজকে তোর পাছায় আগুন জলবে, একটু অপেক্ষা কর।",Negative
test_id_3575,জায়েদ জারজ ছেলে,Negative
test_id_3576,সাফা তোমাকে দেখতে একদমই নুনুর খোসার মতো লাগে ,Negative
test_id_3577,"তুমি এখন মিয়া খলিফার কাছ থেকে আস্তিক হয়ে আসো যাও,",Negative
test_id_3578,আরা চোদা পোষ্ট,Negative
test_id_3579,মিয়া খলিফা টুশয়তান জানি কোথাকার,Negative
test_id_3580,জানালা খুলে অামরাও দেখবো?,Negative
test_id_3581,বইংগা পুটকি কোথাকার!,Negative
test_id_3582,তাহলে লেংটা হয়ে ছবি দিলেই ত পারতেন,Negative
test_id_3583,চুদনা পেরা খায় রাইতে চিপার পিল লইয়া!,Negative
test_id_3584,সবাই পরিমনিকে আকাশে   বিকাশে টাকা পাঠান তার কাপড় কেনার টাকা নাই।,Negative
test_id_3585,ধন্যবাদ হিরো আলম ভাই জায়েদ খানকির বাঁশ দেয়ার জন্য,Negative
test_id_3586,তোমার চোদা শেষ ছাফা আফা,Negative
test_id_3587,তোমার আর তোমার বউ এর লিংক এর অপেক্ষায় আছি,Negative
test_id_3588,সবাই ত পরিত্যক্ত মাল,Negative
test_id_3589,জাহেদ খান নাকি বাল খান এটা আবার কোথাকার মাল.?এটা কি করে.?,Negative
test_id_3590,সালিকে কুত্তা দিয়ে চুডাইতে হইবো!কুত্তাও চুডে কিনা তাও শিওর নাই,Negative
test_id_3591,"আম্মু পাশে থাকে, ভাইয়া বারান্দাতে",Negative
test_id_3592,এ খানকি মাগি,Negative
test_id_3593,"জনোগনের ঠেলা সামাল না দিতে পেরে এখন আসছে ক্ষমা চাইতে,দেখ মোসলমান কি জিনিস,অল্পতে বুঝে নে",Negative
test_id_3594,এ সব শালীরা পুরো জাতির কলংক। শালী মালায়োন।,Negative
test_id_3595,"এই তদের মতো মাগিরা রেপ হয়, আর ছেলেদের দোষ দেস, মাগী ?",Negative
test_id_3596,"কারো কাছে দুধ আর আনারস হব্বে, একটু খাইয়ে চোখ দুইটা বন্ধ কর তাম",Negative
test_id_3597,যারা জারজ তাদের ভাষাটা এমন হওয়া অস্বাভাবিক না।,Negative
test_id_3598,গরীবের সানি লিওন,Negative
test_id_3599,পাছা কবিরের টপার ফ্যান ভাই বইনেরা,Negative
test_id_3600,তোমার মতো খবিছের বাচ্চা খানকির কাছ থেকে বাঙালি মুসলমানের কিছু শিখতে হবে না ।,Negative
test_id_3601,এটা একটা খানকি মাগি। বাপতে ভালই ছিল কিন্তু মেয়েটা হয়েছে একটি বৈশা পতিতা।,Negative
test_id_3602,পড়ি তোমার দুধ দুইটা এমন বড় না জানি তোমার ইয়ে তা কত বড়,Negative
test_id_3603,বউ কিন্তু খারাপ নাহ,Negative
test_id_3604,এখন কত সুন্দর লাগছে পেন্টি পরা বাদ দাও,Negative
test_id_3605,গরুর পুটকির মত ঠোঁট চোদানির,Negative
test_id_3606,সারা ফেসবুক জুড়ে আপনার পোস্ট দেখতে দেখতে মাথা নষ্ট,Negative
test_id_3607,পাগল হই গেছে মাগিটা,Negative
test_id_3608,আমার খুব জানতে ইচ্ছে করতেছে কোন কোম্পানির        ফেটে এই মালটা বের হয়েছে।,Negative
test_id_3609,খানকি বলে কি? নাউযুবিল্লাহ,Negative
test_id_3610,ভাল কনডম ব্যবহার করুন,Negative
test_id_3611,বারো বসন্ত পেয়ে নোবেল বারোভাতারি।,Negative
test_id_3612,ল্যাংটা ছবি যখন আর্ট,Negative
test_id_3613,মাগী তুই মরবি না,Negative
test_id_3614,চলচ্চিত্ররের গুষ্টি চোদা সারা,Negative
test_id_3615,তুই জারজ সন্তান হারামজাদি,Negative
test_id_3616,"বৈশাখী উজ্জ্বাপণ নয় গো,নগ্নতাৱ উপস্হাপনাই ললনাদেৱ কামনা॥",Negative
test_id_3617,মাইয়া কি মুলার দামে পাওয়া যায় নাকি চুদির ভাই।৩টা নায়িকা ছাড়া হ্লায় ফিল্ম করেনা,Negative
test_id_3618,কালোর গোয়াত লাথী,Negative
test_id_3619,"ডলাডলি করার জন্য শেষ পর্যন্ত বরি ঠাকুর,,",Negative
test_id_3620,ল্যাংটা হওয়া শুরু হয়েছে,Negative
test_id_3621,মিস লায়লার হিজরা মার্কা কন্ঠ,Negative
test_id_3622,"তোমার বাবা তোমাকে যে জন্ম দিছে, তা তো তুমি দেখোনি, তা হলে তুমি তো জারজ",Negative
test_id_3623,এটা দেখার পর ঠাকুরদা কবরে বসে ডিপ্রেশনে চলে গেলো।,Negative
test_id_3624,এ খানকির পোলা বাল আলম,Negative
test_id_3625,দুই বাংলার মাল্টিপ্লাগ। আচ্ছা মিথিলা মানুষ আর কত নিচে নামলে তাকে নষ্টা বলে?,Negative
test_id_3626,"এগুলো তৈরি করে কোন জারজ সন্তানরা,,,,",Negative
test_id_3627,উৎসুক জনতা তুমার ফেইবুক এইডিতে কমেন্ট করতে না পেরে পেজে এসেছে।এখন কিন্তু ডাইরেক্ট ভইরা দিব,Negative
test_id_3628,ক্যামেরাম্যানটা অনেক ধৈর্যশীল অনেকটা সানি লিওনের ক্যামেরাম্যানের মতো,Negative
test_id_3629,তোর আবার আল্লাহ আছে নাকি মাগি????,Negative
test_id_3630,হাফেজ ইব্রাহীম মিশু পড়,Negative
test_id_3631,তুমি কি ৫০ জনের দু* তে বিশ্বাসি খানকি মাগি,Negative
test_id_3632,তর পাচায় গরম রড ডুকাই দেওয়া উচিৎ সালার নাস্তিক জুতা কবির,Negative
test_id_3633,কাপড়ের বড্ড অভাব দুনিয়াতে,Negative
test_id_3634,বিদেশি মাল মনে কইরা গরুর সরবত খাইলে এটাই হবে।,Negative
test_id_3635,তুই সারা জিবন জলবি মাগি,Negative
test_id_3636,পাছা কবির আপু দুঃখিত বানান টা ঠিক করেন,Negative
test_id_3637,শালির মাগিকে গালি দিয়ে মুখটা নষ্ট করবো না,Negative
test_id_3638,তোর বাপ যে তোর মাকে বিয়ে কোরেছেতুই দেকছিস নাকি সেটাও বিস্সাসা কোরিসনাজারজ সন্তান তুই,Negative
test_id_3639,তোমার ঠোঁট এত লাল কেন? লিপিষ্টিক দিছ কি?,Negative
test_id_3640,ইয়াছীন রিপন একে নিয়ে কোনো সমালোচনা করতে আমি ইচ্ছুক না,Negative
test_id_3641,তুইতো ভাড়ায় চোদা খাস,Negative
test_id_3642,ওর একটা বিচী ফাঠায়া দো,Negative
test_id_3643,মামুর চোদা তুই,Negative
test_id_3644,"মাগি পরকাল বিশ্বাস করো না,পাচার মধ্যে যখন আইক্কা বাশ ঢুকাইব তখন বুজবা",Negative
test_id_3645,হায়রে মাগী তুই বলার সময় ভাবলি না কি বলছোছ,Negative
test_id_3646,ভালো লাগতো খুব বাট এখন মনে হচ্ছে সানি লিওন  ফালতু একটা মেয়ে  ,Negative
test_id_3647,ছবিটা কেমন হয়ছে পাছা কবির সস বাসী তোকে পুন্দায় ছাড়বে,Negative
test_id_3648,আরে কে এটা???পাছা কবির নাকি???,Negative
test_id_3649,এ বিষয়ে আপনার জ্ঞান না দিলেও চলবে যেহেতু আপনি ভিন্ন ধর্মালম্বী,Negative
test_id_3650,হেতিরে কুওা দিয়ে ওপেন রাস্তায় চোদানো উচিত,Negative
test_id_3651,শালা খানকির ছেলে মাদারচোদ,Negative
test_id_3652,মাগি এখন ভাল সাজার চেস্টা করতেছু না?,Negative
test_id_3653,"হেতে মূর্খ চুদা ফাডা কন্ডমের ফসল,,,এটা নিয়ে রাজনিতি করার কিছুই নাই",Negative
test_id_3654,হিরো আলম এর দ্বারাই জায়েদ খানকে চিনলাম।,Negative
test_id_3655,"জায়েদ খান ভাই, আপনি খানকি?",Negative
test_id_3656,আল্লাহ নেংটা মানুষকে পছন্দ করেন না এখনো সময় আছে ভালো হয়ে যাও নামাজ পড়ো,Negative
test_id_3657,মাগির বাচ্চা পরকাল বিশ্বাস করে না।তুই জারজ,Negative
test_id_3658,"আল্লাহ আপনাকে হেদায়াত দান করুন  .।সম্মান দেয়ার মালিক আল্লাহ,সম্মান নেয়ার মালিকও আল্লাহ  .বুঝলেন তো এবার .",Negative
test_id_3659,দিল দিল বোকা চোদা ।,Negative
test_id_3660,সাফাছিলে আমার ক্রাশঅহন থেইক্কাটয়লেট মাজা ব্রাশ!!,Negative
test_id_3661,হেতে তো হো*মারা আগেই খাই গেছে,Negative
test_id_3662,পতিতা মাগী তুই দেশে আয় তারপর দেশের জনগণ তোর বাঁশ দিবে।,Negative
test_id_3663,খানকি মাগীরা এমনই হয়,Negative
test_id_3664,ফ্রিতে দিলেও করুম না,Negative
test_id_3665,মাগিরে ভরি দে,Negative
test_id_3666,এটা বাড়াবাড়ি বলে নাকি আপনারা ওনার পক্ষ নিচ্ছেন রাতের আধারের কাম সারতে?,Negative
test_id_3667,হিমালয় কবি তিনি যদি বলতেন পরকাল বিশ্বাস করেন তাহলে কি করতেন??,Negative
test_id_3668,কাপড় খুইল্লা গেছে_,Negative
test_id_3669,জাহেদ খান তো মাগির দালাল,Negative
test_id_3670,মাগিরে গনচো** দিতে হবে,Negative
test_id_3671,কিরে জারজ ?,Negative
test_id_3672,"সবকটা আচোদা, বেলুন দূর্ঘটনায় জন্ম নেয়া কুত্তা",Negative
test_id_3673,শালা বোকাচোদা বাইনচোদ তোর মত চোদারসময় নাই,Negative
test_id_3674,"বেসসাদের মুখে এমন কথা মানায় ,নাসতিক",Negative
test_id_3675,বউ টা আমাল,Negative
test_id_3676,কতো টাকা লাগে এমন কনসার্টে গিয়ে পতিতা লইয়া খেলতে?,Negative
test_id_3677,বামে গরু ডানে খাসি পরী তোমাকে ভালোবাসি আমাকে তোমার টপ ফ্যান বানিয়ে নাও প্লিজ,Negative
test_id_3678,এই যে আমাদের পাছা কবির মাগি,Negative
test_id_3679,বোকা চোদা কয় কী,Negative
test_id_3680,তুই একটা লংডিমাগী এই বাংলাদেশে তর জাগা নাই তুই দেশকে নিয়ে ষন্তয় কারী,Negative
test_id_3681,চুত্ম্রানি খানিকি মাগী,Negative
test_id_3682,উহু এই পেজের মালিক একজন পাকা খাকির্ছেলে।হালারে আনফ্লো করি দিলাম,Negative
test_id_3683,মাগী তুইতো একটা বাজারের পন্য তরে আর কি বলবো,Negative
test_id_3684,"প্রকৃত অন্ধ সেই, যে আল্লাহর জমিনে থেকে জমিনের মালিককে চিনলো না।",Negative
test_id_3685,বাবু তুমি হাফ নেংটু হয়ে থাকলেই তোমাকে সুন্দর লাগে।শুধু শুধু বোরখা পরে বোরখাকে অপমান করোনা।,Negative
test_id_3686,ওরে ঠাপা কবির,Negative
test_id_3687,খানকি মাগি পার্ট চোদায় অাবার মুসলমান নামে কলংঙ্ক,Negative
test_id_3688,চুদার অভাব তোরে,Negative
test_id_3689,পাড়ার কুত্তা দিয়া চুদাতে হবে,Negative
test_id_3690,"সাফাকে ডগি স্টাইলে ঠাপাতে হবে,,,,,",Negative
test_id_3691,মামা ফেছবুকের সবকিছু সত্তিনা ফেক ও আছে,Negative
test_id_3692,"শালী তুই রাস্তার মানুষের চোদা খাইয়া জন্ম নিছস,,, জারজ সন্তান তুই,, খুত্তার চোদা",Negative
test_id_3693,বেশ‍্য মাগির পুত কন্ঠ নকল,Negative
test_id_3694,মাগী নাম্বার ১,Negative
test_id_3695,কেন!আগে কি হোগায় চুল্কানি ছিল?এখন মিঠে গেছে ফেসবুক ফ্ললোয়ার এর বাশের গুতায়,Negative
test_id_3696,রেগুলার চুদা দেও,Negative
test_id_3697,জনি দা হাজির তরে ঠিক করতে মাগি,Negative
test_id_3698,হিন্দু রা সারা জীবন চুদা খাবে,Negative
test_id_3699,তুই মুরগী চোরের মাইয়া ক্ষমা চেয়ে লাব কি??? বেশ্যা গুলা তর পরিবারের চেয়ে অনেক ভালো।,Negative
test_id_3700,সাফা কবীর শাউয়া গভীর,Negative
test_id_3701,ওর তো এখন আবার সেক্স বেড়ে যাবে!,Negative
test_id_3702,বুসকি টপ মাগি,Negative
test_id_3703,ওর যে রুপ যে যৌবন ওটা কি ধরে রাখতে পারবে,Negative
test_id_3704,দোস্ত এই ঝুলা দুধ দুইটা শুধু তোমারনিকোটিন এর ধোয়া                ,Negative
test_id_3705,জায়েদ খান কে চুদিনা,Negative
test_id_3706,নাঈমের ছুট বইন ফ্যাক্ট ঃ- ব্রাজিল,Negative
test_id_3707,"দোয়া করি, ভবিষ্যতে স্মার্টনেস দেখাইতে গিয়া যেন মুখ ফসকে বেমালুম কথা বের নাহয়।",Negative
test_id_3708,তুই বিস্বাস করলেই কি আর না করলেই কি তুই একটা মাগি বেসসা,Negative
test_id_3709,সাউয়া চুদি সর!! বেশি ভাব চোদাইতে গেলে এমন ই হবে,Negative
test_id_3710,তুই আসলে একটা ডগ মাগী,Negative
test_id_3711,বাড়া এবং ঘরে আগুন লাগার কারণ পুড়া মনি ,Negative
test_id_3712,খোলা জানালা দিয়ে আমি কিছু ঢুকাতে চায়,Negative
test_id_3713,ভালো হইলেই ভালো .নইলে এ কাল ও হারাইবেন ওই কুল ও হারাবেন .ক্ষমা করার মালিক মহান আল্লাহ .,Negative
test_id_3714,রাতের জন্য রেডি হচ্ছো,Negative
test_id_3715,এই ফাউলের ক্যারিয়ারে ১৪টা বাজবো বইলা নাটক করতে আসছে   তোরা তো অভিনেত্রী।সব জায়গায় অভিনয় চোদাস,Negative
test_id_3716,এই মাগীও অবশেষে সাউয়া দেখানো শুরু করে দিলো   ,Negative
test_id_3717,তাহলে তোর মারে কুকুরে চুদে তোরে জন্ম দিছে,Negative
test_id_3718,নোবেল =     নো- বাল,Negative
test_id_3719,শালার পো শ্লা,Negative
test_id_3720,সৃজিত রে রাইখা আবার বিক্রমরে দিস না বারোভাতারি।,Negative
test_id_3721,"মুসলিম পরিবারে জন্ম নিলেই যে মুসলমান হয়না,এই খানকি তার প্রমান।",Negative
test_id_3722,মাগি তসলিমা নাসরিনের মত কথা বলে মাগিকে বয়কট করা হোক,Negative
test_id_3723,পরি তুমি ল্যাংটা???,Negative
test_id_3724,"মাগির বাচ্চা মাগি,লাইভ এ এসে কথা বল।",Negative
test_id_3725,তুই আমার বাড়া দেখসনি তাই বলে কি আমার বাড়া নেই??,Negative
test_id_3726,অাপনে কি নোংরামি চাপট করতেছেন,Negative
test_id_3727,জনি ব্রো মুই ও তোমার লগে একমত,Negative
test_id_3728,"চু,,,,,,, তো বিশ্বাস করবি মাগি",Negative
test_id_3729,ওট মা খাংকি ওউ খাংকি,Negative
test_id_3730,তোরে কুত্তা দিয়া চোদান লাগবে মাগির বাচ্চা,Negative
test_id_3731,খানকির পোলা জায়েদ তোর ছবি কে দেখে।,Negative
test_id_3732,বালের নায়েক।আর পরিচালক গুলায় আচুদা,Negative
test_id_3733,জনি ভাইরে নিয়ে আইছি ওরে বোঝানের জন্য,Negative
test_id_3734,খানকিদে্র আবার বিশ্বাস।,Negative
test_id_3735,এই খানকির মাগির বাচ্চা ভাল হয়েযা,Negative
test_id_3736,"গরীবের চোদাওকে আমার কাছে পাঠিয়ে দাও, ওকে একটা প্যান্ট গিফট করবো",Negative
test_id_3737,আহারে বাংলার মাগী,Negative
test_id_3738,বেশ্যার পোস্টের কমেন্ট গুলো পড়ে আমি শিহরিত,Negative
test_id_3739,এই দেখ তোর বদমাইশী  . নাইকা বা মডেল মানেই সেচ্চায় বেশ্যা হওয়া,Negative
test_id_3740,বেশ্যাদের কথায় কান না দেয়াই উচিত,Negative
test_id_3741,তোমারটার সাইজ এখন কতো?,Negative
test_id_3742,বেহায়া বিকৃত রূচির ঐ নারীটি এখন কোথায় বস??,Negative
test_id_3743,খানকির বলা ভিডিও লিংক,Negative
test_id_3744,কনডম দিয়া কুত্তারে লাগাব,Negative
test_id_3745,এসব ইমুশনাল স্ট্রাটাস মেরে লাভ নেই।বাঙ্গালি তুর মত বোকা চুদা না। টেলার নাম বাবাজি,Negative
test_id_3746,দয়া করে এই খানকি মাগীরে কেও গালাগালি করবেন নাহ!,Negative
test_id_3747,উফ ফেটে পড়ছেতো,Negative
test_id_3748,এখনো রস আছে ,Negative
test_id_3749,মৃত্যর পরে বুঝবি মাগী,Negative
test_id_3750,মিয়া খলিফার মত লাগে,Negative
test_id_3751,"ফেসবুক হ্যাকের জন্য বিচার,,,,!!! ভুল করেও জেনে,,,, যদি ভুল করি বলা,,, এর মানি কি????",Negative
test_id_3752,মুরগি কমেয়েএর জারজ মেয়ে মনে হয়,Negative
test_id_3753,বাংলার কুলাঙ্গার চাঁদ পুরি সেচুদা।,Negative
test_id_3754,বারো ভাতারি থেকে ২০ ভাতারি,Negative
test_id_3755,দু'জনের ভিডিও লিংক দে ভাই,Negative
test_id_3756,হিরো আলমের পাছাই গরম ডিম দিব সালা জোকার,Negative
test_id_3757,এগিয়ে যান ব্রাদার শুভকামনা রইল,Negative
test_id_3758,পাছা খা বীর,Negative
test_id_3759,সাফা একটা মাগি মাগি মাগি মাগি,Negative
test_id_3760,"এই বালের দুধের চেয়ে, ছেলেদের বিচি মনে হই বড় হবে, কাঠবডি বাল।",Negative
test_id_3761,তুমি কার সাথে বাবু ??,Negative
test_id_3762,"তরারে পুটকি মারার দরকার,,",Negative
test_id_3763,"তুমি কাপড় ছাড়া পরী,তুমি কাপড় ছাড়া পরী",Negative
test_id_3764,অশ্লীলতা কি নিপাত যাবে না?,Negative
test_id_3765,বাংলার সানি আপা,Negative
test_id_3766,ল্যাংটা ভুতুনি খালে জাবিনি?এক থালা গু দিলে লেই হুচি খাবিনি?,Negative
test_id_3767,"তরে অনেক ইজ্জত করতাম, এখন শুধু চুদতে চাই! নাস্তিক মাগি কে।",Negative
test_id_3768,লেংটা হইয়া জাইতি না করছি নাকি,Negative
test_id_3769,"তোর বাপে তোরে জন্ম দিয়েছে, সেটা কি তুই দেখেছিস?না দেখে তাকে বাবা বলিস কেন? মুরুক্ষ_চুদি",Negative
test_id_3770,আও যাইগা . পাটক্ষেতে তোমারে দেহার খুব শখ আমার,Negative
test_id_3771,প্রিয়া সাহার বালও কেই ছিড়তে পারবানা    বাঙালী বলদচোদারা শুধুই লাফায়  ,Negative
test_id_3772,এগুলা হলো আলে মাদারিরচোদা বাচ্চা,Negative
test_id_3773,এখন আর নাটক চোদায়া লাভ নাই,Negative
test_id_3774,মাগিরে গরম ডিম দে,Negative
test_id_3775,আকাশ চোদিলামবাতাস চোদিলামচোদিলাম সবুজ খালবুড়িগঙ্গার মাকে চোদিলামতুই কি হেডার বাল     _     ,Negative
test_id_3776,এই হল আরেক বোকাচুদা নিশ্চই মদ খেয়ে কমেন্ট করেছিল!,Negative
test_id_3777,তোর মাকে চূদি খানকির ছেলে বাস্টার্ড বাস্টার্ড বাস্টার্ড বাস্টার্ড বাস্টার্ড,Negative
test_id_3778,জনি সিন্সের লগে একটা হইলে ভালো হইতো।ন্যাংটা ন্যাংটা,Negative
test_id_3779,আপনার পরণের কাপড় নাই কি,Negative
test_id_3780,ফেসবুক আইডি হ্যাকের বিচারও আল্লাহর কাছে,Negative
test_id_3781,খাদিজা আক্তার তুই তো নিজেই জারজ,Negative
test_id_3782,বারোভাতারির নতুন ভাতার নাকি,Negative
test_id_3783,আপনার ফেসবুকের সমস্যা আল্লাহ্‌ সমাধান করবেনহাস্যকর,Negative
test_id_3784,ঝড় উঠছে রে সাফা কবিরের বুকে।,Negative
test_id_3785,সালি দুনিয়াতে কি মেয়ের অভাব পরছে নাকি। তুই একটা মাগী।,Negative
test_id_3786,নুনুবেল নামক এওয়ার্ড চালু করা এখন সময়ের দাবি,Negative
test_id_3787,আজ থেকে এই পতিতার নাটক আর দেখবো না।মোশারফের করিম এর মতো এটাও বাদ।,Negative
test_id_3788,জাহিদ খান ভাল খান এইগুলো মাগির দালালি করে,Negative
test_id_3789,"ভাই তোমার মাল তুমি সামলাও,আমি গেলাম",Negative
test_id_3790,"খানকির পোলারা দেশটাকে ধ্বংস করে দিচ্ছে,,,,",Negative
test_id_3791,পাছায় নাই গোছলইছে মিয়া খলিফার পোচকথা ক্লিয়ার নাকি ভেজাল আছে?,Negative
test_id_3792,চবিটা খানকি মতো লাগছে,Negative
test_id_3793,সাফা কবিরকে ফেসবুক এবং ইউটিউবে ওর অভিনীত নাটক কিংবা ভিডিওকে বয়কট করুন।,Negative
test_id_3794,"তোমার মতো মাগির বেচেঁ থাকার কোনো দরকার নাই,,তুমি ফুন দিয়ে মুড়ি খাও",Negative
test_id_3795,খানকি মাগি তোরে কুত্তা দিয়ে চুদামু তুর শাউয়ায় গন্ধ তোরেতো কুত্তায়ও চুদবো না খানকি মাগি‍,Negative
test_id_3796,আজ সারারাত তোরে চুদমু মাগি জারজ কোথাকার,Negative
test_id_3797,মরি দেখ বুঝবি তখন কতো ধানে কত চাল শালি নটি,Negative
test_id_3798,একবার মরে দেখ পরকাল কাকে বলে কুত্রা দিয়া চোদা দরকার,Negative
test_id_3799,"যারা গালাগালি করতেছেন,তাদের উদ্দেশ্যে বলতেছি,মাদারচুদিরে গালি দেওয়া বন্ধ কইরেন না",Negative
test_id_3800,"এই চুতমারানি রে তো নোয়াখালীর তাল গাছ পাছায় ঢুকানো দরকার,, বাশ থেকে ভালো হবে তালগাছ",Negative
test_id_3801,মাল কাইসিলি নঠি ,Negative
test_id_3802,জায়েদ খানকি তকে জতা মারা উচিদ,Negative
test_id_3803,আমার কথাই সত্যি হলো-‘ম্যানেজারের কোন ক্ষমতা নাই তার মালিকের বিরুদ্ধে ব্যবস্থা নেবার!’,Negative
test_id_3804,"ধুর এটা আবার কোন জাহেদ খান,,? বাল ছাল,,,এই মালটারেতো আগে কখনো দেখছি মনে হয় না",Negative
test_id_3805,ফেসবুক হ্যাক করলে এর বিচার হয়প্রথম শুনলাম,Negative
test_id_3806,ওহ রেখেলে দিলো,Negative
test_id_3807,ফিতাটা যদি টান মেরে খুলতে পারতাম আহ পরী,Negative
test_id_3808,"তুর মতো সেবা কবিরারে সুদে আমার ধোনের অমঙ্ল করতে চাইনা,",Negative
test_id_3809,এই ভিডিও চাই বানাইছে সে জারজ সন্তান,Negative
test_id_3810,ল্যাংটা ছবি না দিলে তো চোখে পড়তো না আর দেখতামো না।।।,Negative
test_id_3811,জনির সাথে তেমন মানায় না এইবার মানাইছে দুইটাই ফাউল কোথাকার,Negative
test_id_3812,তুমি বাংলাদেশের নয়া মিয়া খলিফা,Negative
test_id_3813,তোমাল ততা তেও তোদেও না কাবিলা,Negative
test_id_3814,একেই বলে ২০ ভাতারি।,Negative
test_id_3815,তরমত বেস্যা বিশ্বাস না করাই ভাল।,Negative
test_id_3816,মাগি একটা বেয়াদব,Negative
test_id_3817,তোর মত রাস্তার মাগিপরকালকে বিশ্বাস করলেও কি না করেলেও কি??,Negative
test_id_3818,খেয়ে দাও রবি ঠাকুর কে,Negative
test_id_3819,মাল অরজিনাল এইডা,Negative
test_id_3820,"খানকি মাগী তরে আমি হাদে বললাত না, তুই মাগী তা আজকে প্রমাণ করলি",Negative
test_id_3821,বাল বলে মাল,Negative
test_id_3822,খানকি মাগি এখন ধর্মীয় বয়ান মারতাছে।।,Negative
test_id_3823,হেতি ভুলে গেছে দেশে কোন নতুন ইস্যু নাই পাছার টাইমিং টাই রং (থুক্কু ছাফা হপে),Negative
test_id_3824,আকাটা সোনা ভালো লাগছে তোমার,Negative
test_id_3825,গান তুর মার সেটা দিয়া ডুকাইয়া দিব খানকির পোলা,Negative
test_id_3826,শালী একটা ব্যবসা মাগী? বেশি বেশি মাঝে লিটন এর ফ্লাইটে যায় মনে হয়,Negative
test_id_3827,আপা শুনেন এতটুকু কাপড় পরিধান করার কি দরকার।সব খুলেই ছবি দিয়েন।,Negative
test_id_3828,মাগী  নামাজ পড়েনা এক ওয়াক্ত ,Negative
test_id_3829,তোর গোয়া দিয়া বাশ ঢুকাইবো,Negative
test_id_3830,আপু আমরা কি আর দুইজনের সিনেমা দেখবো না,Negative
test_id_3831,ও তো চরম মাগীর পরিচয় দিলো শালি দেহব্যবসায়ী,Negative
test_id_3832,তুই বিশ্বাস করলে ও কি না করলে কি মাগি,Negative
test_id_3833,"আপনার প্রসিউসারদের বলবেন পারিশ্রমিক বাড়িয়ে দিতে, যাতে বড় বড় কাপড় কিনতে পারেন।",Negative
test_id_3834,হ ঠিক আছে।আলোচনয়া আসতে যে তুমি নেংটাও হতে পারবে তা বুঝতে পারছি। খানকি খানকি লাগছে!!,Negative
test_id_3835,"তোরে দেখেই বুঝা যাচ্ছে যে,তৎকালীন কনডমের কোয়ালিটি ভাল ছিল না",Negative
test_id_3836,নতুন করে ঈমান আনা প্রয়োজন! যত্র সব পাগল ফেসবুকে।,Negative
test_id_3837,সোনা টা ফুলে আছে লাগাবার মতন কেউ নাই।,Negative
test_id_3838,তসলিমা নাসরিনের সাথে লেসবিয়ান সেক্স করার ফল।,Negative
test_id_3839,লেফট রাইট বুজিনা দুইটাতেই মাগি মাগি লাগে,Negative
test_id_3840,কনডম দূর্ঘটনায় জন্ম আপনার সত্যি নাকি ঘটনা?,Negative
test_id_3841,মিয়া খলিফার কার্বন কপি  .!,Negative
test_id_3842,আপু কাপড় ছেড়ে দাও,Negative
test_id_3843,"জাহেদ খান চুদার টাইম নাই,হিরো আলম",Negative
test_id_3844,জারজ হারামি নাপাক,Negative
test_id_3845,শালারে যদি ফেসবুকের পর্দায় দেখি তাহলে লাথি মেরে চাপার দাঁত ফেলে দিবো বোদা আলম,Negative
test_id_3846,বেশ্যা বিশ্বাস করলে কি না করলে কি৷,Negative
test_id_3847,তো কি হয়েছে সানি লিওন,Negative
test_id_3848,খানকিট মাইয়া তোর বাপ যে তোর হম্মদাতা তোর কাছে প্রমান আছে থাকলে ফেসবুকে দিয়া৷ দেখা,Negative
test_id_3849,সাফা কবির আপনি কি জারজ???,Negative
test_id_3850,বাড়াকাটা তোমার যে পুটকি দেখা যাচ্ছে শুনছো,Negative
test_id_3851,ফটোগ্রাফার কোন ব্রান্ডের জাঙ্গিয়া পরে রে  ???,Negative
test_id_3852,"সবাই ফেসবুক আনফলো করো আল্লাহ আপনাকে সঠিক জ্ঞান দান করুক এই দোয়াই করি,",Negative
test_id_3853,"এতো নাটক না চোদাইয়া ফুকা বাহির কইরা ছবি দিতি,,দর্শক তৃপ্তিসহকারে দেখতো তোরে",Negative
test_id_3854,রবি দাদু কেও এবার খেয়ে ছেড়ে দাও :-  :- ,Negative
test_id_3855,"মাগির নাটকে আমি মুতি ,মাগিতে কমেন্ট ডিলেট করতাছে",Negative
test_id_3856,আমি তোমার ওই নগ্ন দেহের উষ্ণতা পেতে চাই। তোমায় কামে ভাসিয়ে দিতে চাই।,Negative
test_id_3857,"নায়িকার দুধের ভাড়েই তো মরে যাবি রে,",Negative
test_id_3858,ওই খানকি?একটু লাইভে আই তোরে দেখতাম মন চাইতাছে,Negative
test_id_3859,দিন দিন জারজের মুখোশ গুলো বের হচ্ছে।কুকুরের চুদা দিয়া হয়ছসত তাই পরকাল কি বুঝবি জারজনী,Negative
test_id_3860,তুর নু*নু টা কু*ত্তারে খাওয়া কাইটা কাইটা!!!                     ,Negative
test_id_3861,শাহিন এর পুটকিতে এলার্জি,Negative
test_id_3862,"খাটের খেলা মনে হয় ভালোই হইছে, চেহারা দেখে বুঝা যায়, গাল দুটো লাল হয়ে আছে",Negative
test_id_3863,সৃজিত দার পরে কে?আমরা কি সিরিয়াল পাবো?,Negative
test_id_3864,"এই মাগীরে যে যায়গায় পাইবায়,,সেই জায়গায় আগুন ধরাইয়া দিও।",Negative
test_id_3865,তোর জনম দইয়ের মারে সহ চুদি চোতমারানী,Negative
test_id_3866,আল্লাহ এই জারজ দের হেদায়াত দিন।,Negative
test_id_3867,মাগী তুমি কেনো এতো অচেনা ছিলে। সেই মাগী তুমি কেনো চুদা দিলে,Negative
test_id_3868,দুধ নেই তবু নাম তার মেয়ে,Negative
test_id_3869,কিতারে তোর কি জামা কাপড়ের অভাব পরছে?,Negative
test_id_3870,"প্রকাশ্যে কলিমা পড়ে মুসলমান হো মাগি, নইলে তোর কোনো ক্ষমা নাই",Negative
test_id_3871,এ চাফা তোমাল ততা তেউ তোদেও না :,Negative
test_id_3872,অনুতপ্ত ফেসবুক বাসীথেকে বাঁচার জন্য না হয়ে মন থেকে হন। নিশ্চই_আল্লাহ_তায়ালা_অত্যন্ত_ক্ষমাশীল <                        ,Negative
test_id_3873,তোকে চুদে সোনা নস্ট করে লাভ নাই কুত্তাকে দিয়ে চুদাবো মাগি,Negative
test_id_3874,ভন্ড দেল্লে রাজাকারের নুনু কেটে দেওয়া হউক,Negative
test_id_3875,আবাল ইংলিস মারো কেন তুমি বাঙ্গালি না চুদানি,Negative
test_id_3876,চাচা আজকে মাল খায় নাই,Negative
test_id_3877,ফেসবুক হ্যাক হয়েছে?আমরা দেখি নাই না না এটা বিশ্বাস করা যাবে না,Negative
test_id_3878,"কানকির মেয়ে কানকি,,,,,,,নামাজ পড়ে আল্লাহর কাছে তওবা কর,,,,,",Negative
test_id_3879,নেক্সট টাইম কেপশনেআপনার রেট টা দিয়েন,Negative
test_id_3880,কনডমের রুটি আর হাতির হোল দিয়ে খাবার দেওয়া হোক,Negative
test_id_3881,মিশার ছবি সব গরম মসলা মিশা ফালতু শালা ওরা সব মাগীর দালাল,Negative
test_id_3882,তুর মত খানকি মাগীর নাটক আমি আর দেখোম না।,Negative
test_id_3883,তুই জারজ নোটি মাগী,Negative
test_id_3884,"প্লিজ একটু ছাইড দেন আমি মালেসিয়া থেকে আসছি কমেন্ট পরতে,,",Negative
test_id_3885,ইনবক্সে নগ্নতার জরিপটাইমলাইনে বুখারী শরীফ,Negative
test_id_3886,মাগি ফ্লিম নাকি,Negative
test_id_3887,আসসালামুআলাইকুম ওয়ারাহমাতুল্লাহি ওয়াবারাকাতুহ সত্যি কথা বলছেন ভাই,Negative
test_id_3888,আমি সাহসী নুনু আলম,Negative
test_id_3889,মাগির গুয়ামারা খাও শেষ এখন বাংলাদেশ অাসবো             ,Negative
test_id_3890,মাগি তর অনুস্টান দেখা বন্দ করলে তরকি হবে জানস্ত,Negative
test_id_3891,"একদল সাফা কবিরের পাছায় লাত্থি দিচ্ছে, আরেকদল তার নিম্নাঙ্গ চাটতেছে।আমরা আমজনতা কই যাই???",Negative
test_id_3892,"উস্তাদ, আপনার ব্রেস্টকে চেস্ট বানান।",Negative
test_id_3893,তোর মাথায় বরফ দিয়া হুগাই আগুন দরাই দিমু কানকি মাগি,Negative
test_id_3894,অনেক তো ঢাললা এবার খুলে দেও,Negative
test_id_3895,এইসব না দিয়ে লিংক দাও,Negative
test_id_3896,যারা আমার       কে গালি দিচ্ছেনতাদেরকে বলছিএই খানকি কে গালি দেওয়া থামাবেন না☝☝☝☝,Negative
test_id_3897,"হেদায়েতের মালিক আল্লাহ । আল্লাহতালা হেদায়েত দান করুন, আমিন।",Negative
test_id_3898,ওরে বাইঞ্চোদ আর কত তামাশা করবি??,Negative
test_id_3899,"অর্ধ ওলংগ ছবি দেখে বলছেন কিউট ,হায়রে মেয়ে মানুষ,",Negative
test_id_3900,অশ্রিল।।এসব ছবি দরকার কি পরীমনি।।,Negative
test_id_3901,"যা বলেছ ব্রাদার, মন ভরে গেছে।",Negative
test_id_3902,"ভাইয়াটা বিয়াদপ,মাগীকে কেউ এইভাবে গালি দেয়",Negative
test_id_3903,তুই মাগী একটা ডেট ওভার কন্ডোমের ফসল  .,Negative
test_id_3904,"বেশ্যা, খানকি, ঢুস্কি মাগি",Negative
test_id_3905,ওর বাপে কই। চুরি করতে বাহির হতে নিষেধ করে রাখিস বেডি,Negative
test_id_3906,মাগি কইলো ডা কি,Negative
test_id_3907,তামাশা তোর পুটকি দিয়ে ভরে দিবোহ,Negative
test_id_3908,এই বেশ্যারে গেইলের কাছে বিক্রি করা যাবে?          ,Negative
test_id_3909,জাতি তোকে লাগাতে চায় মাগি,Negative
test_id_3910,তুই একটি বানচোদ মাগি৷ তুই কেমন মানুষ রে নিজের ধরমো কে বিসসাস করিস না,Negative
test_id_3911,তুই তো বেইশ্যার ঘরের জন্ম।সেই জন্য তোর মুখে এই কথা।,Negative
test_id_3912,"দেখবেন কেমনে আপনার চুখ খুইল্লা পুটকিতে ডুকায় রাখছেন,সারাদিন শুধু ঘু দেখন।ভালো জিনষ দেখবেন কেমন??",Negative
test_id_3913,"বিস্বাস করস না,,,,যখন মরবি তখন বুঝবি মাগী,, তাসলিমার শিষ্য,,তদের মত নষ্টরা কি বিস্বাস করে।",Negative
test_id_3914,তুমি একটা মাগী সবাই জানে,Negative
test_id_3915,খানকি খানকি লাগছে,Negative
test_id_3916,তোদের মত কিছু ২ নাম্বার মালের কারণে দেশ ও সমাজের এই হাল,Negative
test_id_3917,কঠিন ফিগার এ রকম ছবি পোস্ট করোনা,Negative
test_id_3918,জনি দা খুশি খেলা হপ্পে,Negative
test_id_3919,দেহ বেপসাহি মাগি,Negative
test_id_3920,মাগি তোরে খুন করলে ও পাপ হইব না,Negative
test_id_3921,দেশী সানি লিওন,Negative
test_id_3922,আল্লাহ মাফ করার মালিক   আমিন  .,Negative
test_id_3923,মাগির ব্লাউজ টা ছিড়ে ফেলতে পারতাম  ,Negative
test_id_3924,বেশ্যা বলা যায়,Negative
test_id_3925,আপু লাল বেগুন ও নিয়া আসচেন?,Negative
test_id_3926,"ফেইসবুক মোল্লাদের গালিতে সেই পাওয়ার, একদিন না যেতেই বুঝতে পারছেন",Negative
test_id_3927,কি অপুর্ব দৃশ্য আফা কি সানি লিওন কে      করতেছেন,Negative
test_id_3928,বোকাচোদার মত পিক তুলে কি আরাম পাও?!!,Negative
test_id_3929,পরি মনি কে পর্নষ্টার ভাবা আমি .,Negative
test_id_3930,"খোলা মেলা কাপড়ে তুমাকে মানায়,এই পোশাকে মানায় না",Negative
test_id_3931,খাংকি মাগি বেশ্যা চোদা—সেফুদা,Negative
test_id_3932,ধুন্দরএই ইয়াহুদি জারোজ মাগিরবাংলা দেশের নাগোরিক্তবাতিল করে দেওয়া উচিত।,Negative
test_id_3933,তোর তো বাপের ই ঠিক না      _      মাগী,Negative
test_id_3934,আ‌রে ভাই তুই বিশ্বাস কর‌লেই কি আর না কর‌লেই কি? তুই চুদাইয়া মুরি খা,Negative
test_id_3935,অই খানকি মাগি যাচ্ছ কোথায় কুত্তার চোদা শেষ হয় না,Negative
test_id_3936,মিশা আর জাহিদ দুই জনেই মাগিবাচ,Negative
test_id_3937,কেন ভাই ছাগুদের পাছায় আগুন দিচ্ছেন?,Negative
test_id_3938,ডেটফেল কনডমের তৈরি সাফা তুমি,Negative
test_id_3939,"মাগি, তুর বাবা তুকে জন্ম দিয়েছে সেটা বিশ্বাস করিছ কেন?",Negative
test_id_3940,"তোর নাম চোদা কবির হলে ভালো হবে, পতিতা",Negative
test_id_3941,ধুর তোর নাটকের বাপ দাদারে চুদি .খানকি .এই পোস্ট টাও নাটক চোদাইয়া দিছস  নিজের মান হারাবার ভয়ে .,Negative
test_id_3942,ফেসবুক প্রোফাইল হ্যাক করেছেন তাদের বিচার আল্লাহর কাছে দিলাম,Negative
test_id_3943,তোমার বুকে ওরনা নাই কেন আপা,Negative
test_id_3944,ঐ মাগী খাড়া জনি সিন্স মামাকে ডেকে আনতাছি তোর মাং ফাটাইবে এখন শালা বেশ্যা,Negative
test_id_3945,খানকিটায় নোতুন করে দোকার রাস্তা বানাচ্ছে,Negative
test_id_3946,গাউত কিতা অতদিন হুটকিশিরা দিয়া বাদাম অইছে না কিতা?,Negative
test_id_3947,"জায়েদ খান, জামালপুরের ডিসির বংশধর,, আর হিরো আলম রিয়েল হিরো",Negative
test_id_3948,মাগি বাজি করার সখ হলে পতিতালয়ে যা। লাইভে কেন,Negative
test_id_3949,দুধে আলতা কাজোল তোমার খুবই সুন্দর আপু।,Negative
test_id_3950,খানকিরে দেখানো উচিৎ বাংলাদেশে সব ধর্মের লোক কতটা মিলেমিশে আছে।,Negative
test_id_3951,সবাই এই মাগিকে ত্যাগ করুন,Negative
test_id_3952,আমরা বাংগাল। জাতে মাতাল হলেও তালে ঠিক।।।এইসব খানকি গো কেম্নে নামাইতে হয় আমরা জানি।।।,Negative
test_id_3953,জনি সিন্স কাক্কুকমেন্ট গুলো একটু পড়ে যান,Negative
test_id_3954,তো আজকে কী           এ জয়েন করেছো নাকি,Negative
test_id_3955,চুদ মাগিরে কসায়া কসায়া  .,Negative
test_id_3956,"তুমি তো তোমার পাছা দেখতে পাওনা, তাই বলে কি তোমার পাছা নাই???",Negative
test_id_3957,সাফা করিম না তো ওটা হবে পাছা করিম,Negative
test_id_3958,তোমারে যদি আমি কাছে পাইতাম পুটকি দিয়ে থুথু ছারা ছুদে দিতাম মাগি।,Negative
test_id_3959,কুত্তার লেজ আর সোজা হয় আবাল চোদা পাইছো জাতিরেযা গিলাবা তাই গিলমু,Negative
test_id_3960,আপু এখনি          এ যেয়ে আপনার বোকাচোদা গানটি শোনা উচিত,Negative
test_id_3961,সালিকে গুয়া মার আমি আজ পথোম এলাম সালির আইডিতে,Negative
test_id_3962,বাড়িতে গিয়ে জিজ্ঞেস করে দেখিয়ো কোনো কনডম দুর্ঘটনায় তোমার জন্ম হয়েছিলো কিনা? :(,Negative
test_id_3963,আজকে মনটা ভাল গালি দিব না।তবে অনুরোধ খানকিরে গালি দেওয়া অফ করবেন না।,Negative
test_id_3964,খানকি তোর ভোদায় জাহান্নামের আগুন ধরিয়ে দিতে হব। তাহলে বুজবি জাহান্নাম কি?,Negative
test_id_3965,মাক্স পড়ে কিস কেমনে করো ম্যান?একটু শিখাও,Negative
test_id_3966,কি বিশাল পাছা মাইরি,Negative
test_id_3967,ফাটিয়ে দিয়েছো চুত্ম্রানি,Negative
test_id_3968,রমজানে আমরা হিজাবীআর বাকি সময় সানি লিওনি,Negative
test_id_3969,"ওমা জানু তুমার ঘুম ভাঙ্গছেচুদমারানি ক্ষমা চুদাইতে আসছে,ফিঙ্গারিং করি মরি যাসনা কেরে মাগি",Negative
test_id_3970,পতিতালয়ের বেইশ্যা মাইয়্যা তুই।,Negative
test_id_3971,লিংক ছাইড়া দেও পোলাপাইন বাসার বাহিরে যাবে না।,Negative
test_id_3972,ভাল মাল পাইছ বৌদি,Negative
test_id_3973,মিথিলা একটা পতিতা নির্লজ্জ একটা মহিলা,Negative
test_id_3974,এতো রাতে বাড়াটা খাড়া করাই দিলা বাড়া মনি!!,Negative
test_id_3975,"অশিক্ষিত বর্বর আচোদা টা কে, সেফুদার কাছে পাঠিয়ে তলঠাপ খাওয়ানো হোক",Negative
test_id_3976,দূর তো পাচা নাই,Negative
test_id_3977,মাগী মাগনা মাগনা মাঝে মাঝেই মানবের মাঠে মই মারেন,Negative
test_id_3978,"মাহির মতো লিংক বাহির হইলে ইনবক্সে দিয়ো আপু।আমি নিরহ সিংগেল মানুষ, হাত মরার অপেক্ষায় আছি।",Negative
test_id_3979,এফএমে গিয়ে আবার কোন মেয়ে স্টাপ কে দেখে হুতি যাইওনা,Negative
test_id_3980,ভাই কইছে মালকিন্তে মালেও মারে,Negative
test_id_3981,ক্রাশ ছিলি কিন্তু এখন ইচ্ছা করতেছে ব্রাজার্* এবং ব্ল্যাক. কমে বিক্রি করে দেই .,Negative
test_id_3982,ও তো ঠিকিই বলছে কারণ ও তো একটা বেশসা লাইসেন্স দাড়ি বেশসা,Negative
test_id_3983,ক্যারিয়ার বাচাতে আল্লাহর নাম নিতে লজ্জা করেনা মাগী,Negative
test_id_3984,"আইডিতে পাবলিকের চোদা খাওয়ার ব্যবস্থা নেই, তাই পেইজে দিয়েছে",Negative
test_id_3985,"ছবি দেখে জনি ভাই, পড়ের মুভির জন্য চুক্তি করেছে   জাও পড়ি আই মজায় দিবো .",Negative
test_id_3986,দুধ গুলো এতো ছোট কেনো?,Negative
test_id_3987,আজ যদি সাফা করিরের কোন লিংক বের হতো তাহলে সবার আগে আপনারাই তা ডাউলোড দিতেন।,Negative
test_id_3988,তোমার ওই সমতল জিনিসই যদি তোয়ালে দিয়া ঢাকো তাইলেতো আমার ওড়না কেনা উচিৎ মনে হইতেছে,Negative
test_id_3989,পরী তোমার হাতে কি হয়ছে সোনা,Negative
test_id_3990,আলম কে বাচ্চা দিয়ে চোদাও,Negative
test_id_3991,হিসাব বুঝোনা দুধু খাও। এবার সিল মারো আনলাইক,Negative
test_id_3992,আপনি আল্লাহর প্রতি ভাল ধারনা রাখেন আলহামদুল্লিল্লাহ।সমালোচকদের সমালোচনা নিয়েন না,Negative
test_id_3993,"ভালো করে কমেন্ট বক্সে ঢুকে পড়ে দেখো,তোমার জন্য কতজনের যৌবন শুকিয়ে যাচ্ছে",Negative
test_id_3994,আপনারা নামে অভিনেত্রী না কাজেও অভিনেত্রী জারজের চেয়েও নিকৃষ্ট   ধিক আপনাদের মত অভিনেত্রীকে,Negative
test_id_3995,মনের ইচ্ছে পুরন করতে সবাই মোবাইলের ব্রাইটনেস হাই কর,Negative
test_id_3996,পতিতালয়ে জন্ম নেওয়া সন্তান দের চিন্তা তো এমন ই হবে! জাত বেশ্যা,Negative
test_id_3997,টুকি বাবু। অনেক বড় হও। আর ভালো মানুষ হও।,Positive
test_id_3998,"বেঁচে থাক সব্বাই, হাতে হাত রাখা থাক",Positive
test_id_3999,"মনে হলো, আমি যেন ওখানেই ছিলাম আমার দেশের ভাইদের সাথে আহা",Positive
test_id_4000,ধন্যবাদ প্রথম আলোকেও এধরনের অনন্য উদ্যেগ পাবলিক সাইট আনার জন্য,Positive
test_id_4001,জহিরুল সাহেবের প্রতি রইলো শ্রদ্ধা ও ভালোবাস। এ বিষয়ে সরকারকেও এগিয়ে আসতে হবে।,Positive
test_id_4002,জনাব এত বুদ্বি কোথায় যে রাখেন? বাড়িটি উনার ব্যাবসায়ী ছেলে করেছেন।,Positive
test_id_4003,জহিরুল ইসলামের জন্য রইলো শ্রদ্ধা ও ভালবাসা,Positive
test_id_4004,খুশির খবর। ১৫০ বছর বাঁচলে নামাজ রোজাও বেশি দিন করতে হবে।,Positive
test_id_4005,ভালো লাগল লেখাটি। একদম উপরের নদীটার নাম কি?,Positive
test_id_4006,তাঁর সাহস আর প্রাণময় উদ্দীপনা ছড়িয়ে পড়ুক,Positive
test_id_4007,সত্যি একজন সচেতনতার প্রতীক সালাম জানাই আপনার এহেন কর্মের জন্য আপনাকে,Positive
test_id_4008,উনার এই জনসচেতনতামূলক কাজের জন্য স্যালুট জানাই।,Positive
test_id_4009,"এটা ই বাংলাদেশ, অভিনন্দন সবার জন্য",Positive
test_id_4010,এঁরাই সোনার বাংলার আসল সোনার মানুষ।,Positive
test_id_4011,সত্যিকারের সাহসীদের প্রতি কৃতজ্ঞতা ও ভালবাসা,Positive
test_id_4012,"স্যালুট বোন, ধন্য তোমাদের মানবিকতা ও সাহস। তোমরাই বাংলাদেশ।",Positive
test_id_4013,"এমন দৃশ্য বাংলাদেশের গ্রাম গুলিতে দেখতে, আর মনে হয় বেশী দেরী নেই!",Positive
test_id_4014,ওনার নাম্বারটা কি ম্যানেজ করে দেয়া যাবে? আপনার সদয় সহযোগীতা কামনা করছি!,Positive
test_id_4015,"ধন্যবাদ আপনাদের সবাইকে, এই যুগে আমরাতো লিখতে একদমই ভুলে গেছি!",Positive
test_id_4016,বইটা পেলে খুব ভালো হতো।,Positive
test_id_4017,পৃথিবীটাকে কি বাসযোগ্য করা যায় না ?,Positive
test_id_4018,"আন্তরিক ধন্যবাদ, রবিউল ইসলাম সহ সহযোগী সকলকে। অচিরেই সেতুটি দেখার মনস্ত করছি। আচিরেই যাব সেখানে।",Positive
test_id_4019,"দাদা, অপূর্ব হয়েছে। অনুগল্পের সেই রেশটুকুও যেন আমাকে ছুঁয়ে যায় ‘এই যে জলদানকারী",Positive
test_id_4020,ঠিক বলেছেন। কিন্তু রোমিও জুলিয়েটের ব্যাপারটা এক্সট্রিম লেভেলের। ৫০০ বছরের পুরানো কিন্তু আগ্রহের কমতি নেই।,Positive
test_id_4021,এই মেয়েটির মুখ আমার মেয়ের মত।,Positive
test_id_4022,আমরা বাংলাদেশীরা তোমার জন্য গর্বিত   মতিন ভাই,Positive
test_id_4023,"খুব ভালো লাগলো, ক্ষ্যাপার সদস্যরা প্রতিবন্ধকতাকে জয় করে আরও গান গেয়ে যাক এই কামনা করছি।",Positive
test_id_4024,ডিমের কুসুম না খেলে ডিম খাবার কোনই মজা থাকে না,Positive
test_id_4025,সবাইকে ধন্যবাদ,Positive
test_id_4026,"এই প্রশ্নের উত্তর কেউ পেয়েছিলেন কিনা জানিনা, আর পাবেন বলেও জানিনা,",Positive
test_id_4027,সালাম দাদা আপনাকে । আপনার মত মানুষ আছে বলে দেশটা আজও সামনের দিকে এগীয়ে যাচ্ছে।,Positive
test_id_4028,বাহ্ বেশ ভাল লাগলো মিলন শীলের এই উদ্যোগ।,Positive
test_id_4029,"আরবীতে খাইরান অর্থ ভালো, উত্তম।নামটা পুরোই স্বার্থকচাই সেটা আরবীতে হোক আর জাপানিজ।",Positive
test_id_4030,"যদি দেশটার রাজনীতি এমন হত, তহলে আমরা কতনা শান্তিতে থাকতাম",Positive
test_id_4031,প্রথমআলো তোমাকে ধন্যবাদআপনাদের জন্য রইল ভালবাসা.,Positive
test_id_4032,মন ভাল করে দেয়ার মত এক খবরআপনাদের জন্য রইল ভালবাসা.,Positive
test_id_4033,"পড়ে ভালো লাগল। আপনারা দুজন দীর্ঘায়ু লাভ করুন, এই কামনা করছি।",Positive
test_id_4034,খুব সুন্দর লেখা। ধন্যবাদ অনুবাদককে। ভিনদেশী এক তরুণীর চোখে বাংলাদেশকে নতুনভাবে আবিষ্কার করলাম।,Positive
test_id_4035,খুবই নিরপেক্ষ পর্জবেক্ষণ। এটাই বাস্তবতা।,Positive
test_id_4036,বাস্তব লিখা। সুন্দর শব্দ চয়ন।,Positive
test_id_4037,আমন্ত্রণ আর নিমন্ত্রণ এর পার্থক্য জেনে লিখুন। দুটো শব্দের অর্থে ভিন্নতা আছে।,Positive
test_id_4038,কবিরুল হক মুক্তিই যোগ্য নেতা এই আসনের জন্য ।।,Positive
test_id_4039,কবিরুল হক মুক্তিই যোগ্য নেতা এই আসনের জন্য,Positive
test_id_4040,আমরা ভোট দিতে চাই।,Positive
test_id_4041,প্লেয়িং ফিল্ড পুরাই লেভেল!,Positive
test_id_4042,আজ যদি তাজউদ্দীন আহম্মদ বেচে থাকতেন,Positive
test_id_4043,সময় এসেছে বালির ট্রাক দেবার,Positive
test_id_4044,"যাক বাবা বাঁচা গেল, হেডিং দেখে ভয় পেয়ে গিয়েছিলাম ।",Positive
test_id_4045,রুপম সাহেবকে,Positive
test_id_4046,কয়েকটি কমেন্ট রেডি করে রাখুন ঝটপট! মন দিয়ে পড়ার অপেক্ষায় রইলাম।,Positive
test_id_4047,"যাচ্ছেতাই বলে জনগন কে বোকা বানানোর দিন শেষ, আইন তার নিজস্ব গতিতে চলছে, চলবে।",Positive
test_id_4048,অপরাধ করলে শাস্তি হবে এটাই নিয়ম।,Positive
test_id_4049,আইন নিজের গতিতে চলবে।,Positive
test_id_4050,উনি নিশ্চয়ই আগেই কিছু আঁচ করতে পেরেছেন।,Positive
test_id_4051,আর কত আর কত,Positive
test_id_4052,জঙ্গলে আগুন লাগলে ছোট বড় গাছ হিসাব করে পুড়ে না।,Positive
test_id_4053,প্রত্যেক কেন্দ্র কেন্দ্রে ভোটের ফল ঘোষনা করতে হবে।,Positive
test_id_4054,নিজে ভুল করে অন্যদের কাছ থেকে ভালো কিছু আশা করা বোকামি।,Positive
test_id_4055,একটি সুন্দর ও নিরপেক্ষ নির্বাচন অনুষ্ঠান করতে আপনি অবশ্যই সক্ষম হবেন। সিইসির সফলতা কামনা করছি।,Positive
test_id_4056,"এখনো সময় আছে স্যার, নিরপেক্ষ নির্বাচন করুন, জনগণকে ভোট দিতে দেন, ফল পাবেন",Positive
test_id_4057,ধানের শীষের দুটি ভোটকে একটি হিসেবে গণনা করলেও আওয়ামী লীগ জিততে পারবে না।,Positive
test_id_4058,ভালোভাবে নির্বাচন পরিচালনা করেন।,Positive
test_id_4059,জানতে বড় ইচ্ছে করে - এ আত্মজীবনীর লেখক লেখিকা কে?,Positive
test_id_4060,জীবন যার কাহিনী তার আর রচয়িতাও তিনি নিজে তবেই না আত্মজীবনী।খালেদা জিয়ার জীবনী উনাকেই লখতে হবে।,Positive
test_id_4061,আরামবাগ বা ফরিরেরপুল এলাকায় ও অনেক পোস্টার যা আওয়ামী সম্তকদের সড়ানো হয়নি আজ সন্ধা পর্যন্ত,Positive
test_id_4062,বিষয়টা ইসির সঠিক মধ্যপন্থী অবস্থান।,Positive
test_id_4063,আপনাদের করার না থাকলেও যাঁরা করতে পারেন তাঁরাতো ঠিকই দেখিয়ে দিলেন!,Positive
test_id_4064,আপনাদের নিরপেক্ষতা বজায়ে সাহসী সিদ্ধান্ত ভোটারদের আস্বস্থ করবে।,Positive
test_id_4065,"প্রধানমন্ত্রী শেখ হাসিনা বলেছেন, নতুন কিছু করার জন্য আত্মসমর্পণকারী মাদক ব্যবসায়ীদের আর্থিক সহায়তা দেওয়া হবে।",Positive
test_id_4066,অনুগত দল থেকে চাকরি প্রাপ্তি তাই ।।,Positive
test_id_4067,আওয়ামীলীগের কতজনের মনোনয়ন বাতিল হয়েছে?,Positive
test_id_4068,শেষ পর্যন্ত ও শেষদিন পর্যন্ত করেছে,Positive
test_id_4069,"খালেদা জিয়া বগুড়া, ফেনী, লক্ষ্মীপুর, চট্টগ্রাম, ঢাকা, খুলনায় নির্বাচন করে দেশের সর্বত্র জনপ্রিয়তার প্রমাণ রেখেছেন।",Positive
test_id_4070,"বৃক্ষকে ভালোবাসি, সুন্দর পৃথিবী গড়ে তুলি।",Positive
test_id_4071,এই খবরে তাও যদি লাফারজের শেয়ার এর যদি কিছুটা বাড়ে ।,Positive
test_id_4072,"সঠিক সময়ে, সঠিক ভাবে এই ঐতিহাসিক প্রকল্পটির সফলতা কামনা করছি। জয় বাংলা।",Positive
test_id_4073,এগিয়ে যাচ্ছে উন্নয়ন জুরিয়ে যাবে দুই নয়ন,Positive
test_id_4074,এরা ঘুষখোর এদের দৃষ্টান্তমূলক শাস্তি হওয়া উচিত ।,Positive
test_id_4075,মিথ্যা গুজবের বদলে সবাই টিভিতে চোখ রাখুন। মিথ্যা ধরা পড়বেই।,Positive
test_id_4076,হলের ছাত্রী নির্যাতনে ইফফাতকে সহযোগিতা না করাটা বহিষ্কারের কারণ ।,Positive
test_id_4077,"ইফফাত, নুরুল আজিম রনি ওদের দেখে কিছু শিখুন।তাহলে আর বহিষ্কার হতে হবে না।উল্টো প্রমোশন হবে।",Positive
test_id_4078,বহিষ্কারের কারণ প্রতিবেদনের শেষ লাইনটিতেই মনে হয় লুকিয়ে আছে!,Positive
test_id_4079,বংলাদেশে সকল শিক্ষকদের অধিকার সমান হওয়া উচিত।,Positive
test_id_4080,ভালো সিদ্ধান্ত। প্রশ্নপত্র ফাঁসকারীদের কঠোর শাস্তির বিধান করতে হবে।,Positive
test_id_4081,প্রশ্ন ফাঁসের সাথে জড়িতদের নিয়মিত কঠোর ব্যবস্থা নিলেই প্রশ্ন ফাঁস অনেকাংশে কমে আসবে।,Positive
test_id_4082,"পুলিশ ভইয়েরা, ওরা আপনাদের নমনীয়তার সুযোগ নিচছে। আপনাদের এ্যকশনে জনগনের সমর্থন পাবেন।",Positive
test_id_4083,প্রতিবাদের ভাষা! এক কথায় চমৎকার সে যে সরকারের বিরূদ্ধেই হউক না কেন।।।,Positive
test_id_4084,ছাত্র সংসদ না থাকলে এই ধরনের ঘটনা ঘটবেই।,Positive
test_id_4085,এই বিশ্ববিদ্যালয় সেরা দৃষ্টান্ত স্থাপন করলো। এমন দৃষ্টান্ত দেখতে চাই প্রতিটি বিশ্ববিদ্যালয়ে।,Positive
test_id_4086,কুফরী রাজনীতিকে ধিক্কার জানাই,Positive
test_id_4087,স্বাধীনতা বিরোধী জামাত বিএনপিকে এভাবেই রুখে দিবে বাংলার জনগণ,Positive
test_id_4088,লেভেল প্লেয়িং ফিল্ড তো তারপর ও বজায় আছে।,Positive
test_id_4089,বদলি হলেও কি কোন লাভ হবে ?,Positive
test_id_4090,জনাব কাদের,Positive
test_id_4091,"জি জনাব, আমার বুকেরপাটা এতো বড় নয় যে আপনার বিরুদ্ধাচরণ করবো।",Positive
test_id_4092,১০০% সত্যি,Positive
test_id_4093,শতভাগ না হলেও ৮০ ভাগ সত্য।,Positive
test_id_4094,এই তো নরম হয়ে আসতেছে,Positive
test_id_4095,নির্বাচনের পর রাজনৈতিক অপশক্তি থাকবে না,Positive
test_id_4096,হ্মমতা ব্যাবহার করে ধরপাকড় না করে একটা নিরপেক্ষ নির্বাচন দিয়ে দিন তাহলে। পারবেন?,Positive
test_id_4097,বিগত দশ বছরে আওয়ামী লিগের সবচেয়ে বড় অজনপ্রিয় কাজ হচ্ছে ক্ষমতার দাপট।,Positive
test_id_4098,আমি তো স্পীকার হয়ে গেলাম!,Positive
test_id_4099,হেলমেট দাপটে কোন পক্ষই কম নয়।,Positive
test_id_4100,প্রথম আলোর উচিত,Positive
test_id_4101,এর চেয়ে সত্যি কথা এই পৃথিবীতে আর একটাও নাই!,Positive
test_id_4102,হাওয়া ভবন আর সূধা ভবন বুঝি না আমি আমার ভোটের অধিকার ফিরে পেতে চাই!,Positive
test_id_4103,বিএনপি ৫ বছর পর নির্বাচন করতে পারছেন এটাই কম কিসের,Positive
test_id_4104,আপনাকে অনেক ধন্যবাদ। আপনার এসব মহামুল্যবান উক্তি থেকেই আমরা 'আসল সত্য ঘটনা' জানতে পারি।,Positive
test_id_4105,বাংলাদেশের স্বাধীনতায় জাতীয় চার নেতার অবদান সর্বাধিক।,Positive
test_id_4106,"তিনি আছেন ও থাকবেন, আপনাদের হতাশ হওয়ার কিছু নেই।",Positive
test_id_4107,যেহেতু ইভিএমে ত্রুটি ছিল সেহেতু নির্বাচন বাতিল,Positive
test_id_4108,গণতন্ত্রের কবরে দাঁড়িয়ে বলিলেন আপনার বিরুদ্ধে অবিচার হয়েছে এই জন্য আমি দুঃখিত ।,Positive
test_id_4109,জাতিকে কলঙ্কজনক নির্বাচন দেয়ার হিসাব আপনাকে একদিন দিতেই হবে।,Positive
test_id_4110,এছাড়া বিকল্পধারার কোন বিকল্প নাই!,Positive
test_id_4111,নিজে রাঁধেন নিজেই খান।,Positive
test_id_4112,তা তো যাবেই! প্রধানমন্ত্রীর আনুকূল্য ছাড়া যে বিকল বিকল্পধারা,Positive
test_id_4113,"তাহলে যান, কৃতজ্ঞতা প্রকাশ করে আসেন",Positive
test_id_4114,আদালতের বিচারের রায়ে উনার সাজা হয়েছে।,Positive
test_id_4115,এতিমের টাকা আত্মসাতকারীরা জেলে থাকেন।,Positive
test_id_4116,এটাও ‘বিশ্ব প্রামাণ্য ঐতিহ্য’,Positive
test_id_4117,এই না হলো সোনার বাংলার ষোলকলা পূর্ণ,Positive
test_id_4118,নিজের খেয়ে বনের মোষ তাড়ানো এই মানুষগুলোর জন্যই বোধকরি বাংলাদেশে এখনও বৃষ্টি হয়।,Positive
test_id_4119,ওহ আললাহ এই ভালো মানুষকে তুমি সব গোনা মাফ করে জাননাতে দাখিল করো।,Positive
test_id_4120,অত্যন্ত গুরুত্বপূর্ণ রিপোর্টনিরপেক্ষতার জন্য এইসব রিপোর্টই দরকার,Positive
test_id_4121,বাইরে নয় ভিতরেও তাদের রাজত্ব চলে।,Positive
test_id_4122,দেয়াল নিয়ে ভাবছেন কেন? দেশটা এখন ছাত্রলীগের !,Positive
test_id_4123,ইমরোজ শাহরিয়ারআপনার উন্নতি হোক।মনুষ্য প্রজাতিতে উত্তরন ঘটুক।,Positive
test_id_4124,ইয়াবাই মুল কারন। এই ইয়াবা য়েকোন মুল্যে প্রতিরোধ করতে হবে।,Positive
test_id_4125,মাঝি লালমোহন দাস কি ছাড়া পেয়েছেন?,Positive
test_id_4126,মন্ত্রীত্ব যে দিতেই হবে এরকম কোন কথা আছে না কী?,Positive
test_id_4127,শরিকদের মন্ত্রী না বানানো উচিত। কারণ তাদের আসন সংখ্যা কম।,Positive
test_id_4128,অত্যন্ত বাস্তসম্মত উদ্যোগ। সংলাপ,Positive
test_id_4129,দরকার শুধু সদিচ্ছা,Positive
test_id_4130,"আসিফ নজরুল ঐক্যে যুক্ত, কিছুটা বুঝতে পেরেছি, সামনে কি আসছে।",Positive
test_id_4131,রাজনীতির মাঠে তাঁরা একে অন্যের সংগী হোক সেই কামনা করি।,Positive
test_id_4132,"শিপন স্যার, আন্দালিব স্যার, পার্থ স্যার-গণদেরকে মন্ত্রি হসেবে দেখতে চাই।",Positive
test_id_4133,সারাদিন অন্য লোকের ফোনালাপ শুনতে ব্যাস্ত।খুব উচ্চ রুচির পরিচয়।,Positive
test_id_4134,দৃষ্টান্তমূলক শাস্তি হওয়া দরকার,Positive
test_id_4135,৩০ তারিখের মতো নির্বাচন দিয়ে,Positive
test_id_4136,আশাকরি দেশের সকল নির্বাচনী পদে স্বাধীনতার স্বপক্ষের দেশপ্রেমী প্রার্থী নির্বাচিত হয়ে আসবেন!,Positive
test_id_4137,আল্লাহ যেন সকলকে জান্নাতবাসী করুক ।,Positive
test_id_4138,"আল্লাহ সবাইকে জান্নাত নসিব করুন্‌, প্লিজ বি+ রক্ত লাগলে কল দিয়েন",Positive
test_id_4139,গুজবে কান দিবেন না,Positive
test_id_4140,এই অনুষ্ঠানের গুরুত্ব বাড়িয়ে দেয়ার জন্য ছবিমেলার পক্ষে থেকে সরকারকে ধন্যবাদ জানানো উচিত।,Positive
test_id_4141,সত্য একদিন দিনের আলোতে আসবেই।,Positive
test_id_4142,ছবিমেলার উচিত হবে অনুষ্ঠানের ভিডিও ইউটিউবে প্রকাশ করা।,Positive
test_id_4143,অরুন্ধতীর জন্য শুভকামনা।,Positive
test_id_4144,তথাকথিত বিশেষজ্ঞদের বাদ দিয়ে বিশেষজ্ঞ বিষয় শিক্ষকদের পরামর্শ নিন ।,Positive
test_id_4145,শুরু হোক প্রতিবাদ। এরপরে আসুক প্রতিরোধ।,Positive
test_id_4146,"ইতিহাস বলে, কোন সরকারেরই এত বাড়াবাড়ির ফলাফল শুভ হয়নি।",Positive
test_id_4147,ক্ষমতাটা তাঁর আয়ত্বে বা পক্ষে আসলে সেই সেবাটা করতে অনেক সুবিধে হবে।,Positive
test_id_4148,"আনতে হবে কেন, আপনারা তো আছেন, থাকবেন।",Positive
test_id_4149,চাই নিরাপদ জীবনের নিশ্চয়তা ।ভোটের অধিকার ।,Positive
test_id_4150,"চট্টগ্রামের আওয়ামী রাজনীতি সম্পর্কে চট্টগ্রামবাসী ওয়াকিবহাল কিন্তু, সবার ঘাড়ে একটাই মাথা",Positive
test_id_4151,"আওয়ামী লীগের হাতে কতজন আওয়ামী লিগার খুন হয়, এর একটা পরিসংখ্যান থাকা উচিত,",Positive
test_id_4152,এই অদ্ভুত উন্নয়ন চাই না ।,Positive
test_id_4153,"চাই নিরাপদ জীবন, ভোটের অধিকার ।",Positive
test_id_4154,উন্নয়ন কাজ চলতেছে।,Positive
test_id_4155,"তাহলে কি চাই, জিয়া পরিবারের রাজত্ব?",Positive
test_id_4156,পুলিশ লাগবে নাসন্ত্রাসীরা এইভাবে নিজেরাই নিজেদের অস্তিত্ব বিলীন করবে এবং সমাজে শান্তি অটোমেটিক ফিরে আসবে,Positive
test_id_4157,অবশ্যই বাড়তি দায়িত্ব পালন করেছে।। পুলিশের দায়িত্ব বর্তমানে কি তা কি কারো অজানা আছে,Positive
test_id_4158,বাবু তুমি তো সব বিষয়ে ফেল। না বাবা খেলা ধুলায় পাশ।,Positive
test_id_4159,অবশ্যই পুলিশ বাড়তি দায়িত্ব পালন করেছে তাদের কাজ হলো,Positive
test_id_4160,শুধু পুলিশ চাইলেই বাংলাদেশের সকল অপরাধ দুর করতে পারে।,Positive
test_id_4161,চক্ষু পরিস্কার' ছাড়া আর কিছ্ছু নয়।,Positive
test_id_4162,নবনিযুক্ত টেকনাফ মডেল থানার ভারপ্রাপ্ত কর্মকর্তা (ওসি) প্রদীপ স্যারকে স্বাগতম!,Positive
test_id_4163,ধন্যবাদ সরকার মাননীয় প্রধান মন্ত্রী শেখ হাসিনাকে।,Positive
test_id_4164,যদি সে ইসিতে কোন সময় চাকরি করেও থাকেন তাতে কি?,Positive
test_id_4165,"যুগে যুগে জজ মিয়া, জাহালামরা জন্মেছে জন্মাবে।",Positive
test_id_4166,আবু সালেক কেন এই নির্বাচন কমিশনে (ইসি) চাকরি করতে যাবেন৷,Positive
test_id_4167,প্রকাশ্যে মৃত্যুদণ্ড কার্যকর করা হলে এরকম ঘটনার পুনরাবৃত্তি হবে না বলে আমরা আশা করতে পারি।,Positive
test_id_4168,সৌদি আরবে ধর্ষণের ঘটনা সবচেয়ে কম।,Positive
test_id_4169,"হারকিউলিস, কোথায় আপনি? আপনাকে এখানে বড় প্রয়োজন।",Positive
test_id_4170,হারকিউলিক্সকে তার ভূমিকা নেয়ার জন্য এবং কর্তব্য পালন করার জন্য আহ্বান জানাচ্ছি।,Positive
test_id_4171,ওর বিরুদ্ধে কি দুদক কোন ব্যবস্থা নিবে?,Positive
test_id_4172,"আমি সরকারী দল আর বিরোধী দল বুঝিনা, সব দলকেই স্বাধীনতা পক্ষের হতে হবে।",Positive
test_id_4173,"বিএনপি শুধু স্বাধীনতার পক্ষের শক্তিই না, এটাই প্রকৃত রণাঙ্গণের মুক্তিযোদ্ধাদের দল",Positive
test_id_4174,"আব্বাস ভাইকে সবাই চেনেন, তাই !",Positive
test_id_4175,নির্বাচন বর্জন এবার হবেনা ৷ নো চান্স।,Positive
test_id_4176,"বড় প্রেম শুধু কাছেই টানে না, উহা দূরেও ঠেলিয়া দেয়",Positive
test_id_4177,আওয়ামীলীগ জানে কখন কোন সঠিক সিদ্ধান্ত নিতে হয়,Positive
test_id_4178,হালুয়া–রুটি কেউ ছাড়তে চায় না,Positive
test_id_4179,এখন তো সময় দূরে থাকার,Positive
test_id_4180,শরিকদের প্রয়োজন ফুরিয়েছে আওয়ামী লীগের। এখন আওয়ামী লীগ একাই একশ।,Positive
test_id_4181,আওয়ামী লীগ সঠিক কাজ করেছে।,Positive
test_id_4182,প্রশাসন ম্যানেজ করেন শরিক দল লগবেনা,Positive
test_id_4183,এখন দুরুত্ব থাকাই ভালো! ক্ষমতায় একেবারে হেলে না পড়ে কিছুটা দূরত্ব রেখে,Positive
test_id_4184,এখন দূরত্ব থাকাই ভালো!,Positive
test_id_4185,কী দরকার ছিল ওদের আটকানোর?,Positive
test_id_4186,যেতে দেওয়া উচিত ছিল!,Positive
test_id_4187,বিএনপি ক্ষমতায় না গেলে খালেদার মুক্তি অসম্ভব।,Positive
test_id_4188,বিরোধী মত কে হরতালের মত কর্মসূচী দিতে বাধ্য করেন না।,Positive
test_id_4189,যে দেশে রক্ষকের বিচার করতে হয় সে দেশ কি ভাবে উন্নত হবে,Positive
test_id_4190,এই নির্যাতনের শেষ একদিন না একদিন হবেই। এতো অত্যাচার আল্লাহপাক ও বেশীদিন সহ্য করবে না।,Positive
test_id_4191,নির্বাচনের আগে আমি বধির অন্ধ,Positive
test_id_4192,এই হুদা সকল রেকর্ড ভেঙে ফেলসে।,Positive
test_id_4193,"আরও অনেক কিছুই ত্রুটিপূর্ণ ও মনগড়া, সেসব সমন্ধে কিছু বলুন",Positive
test_id_4194,"টিআইবি নিজেরাই দুর্নীতিগ্রস্ত, তাই দুদক ও কর–কর্মকর্তাদের উচিত টিআইবির সকল সদস্যদের আয়ের উৎস যাচাই করা।",Positive
test_id_4195,টাকা পাচারে ১৯তম এই বিষয়টি অনুল্লেখ থাকাই নাকচের কারণ!,Positive
test_id_4196,টিআই এর কত বড় সাহস?,Positive
test_id_4197,কোন জায়গায় ত্রটিপূর্ণ এবং মনগড়া তাহা আঙ্গুল দিয়া দেখিয়ে দিতে হবে,Positive
test_id_4198,সত্যকে মানতে খুব কষ্ট হয়,Positive
test_id_4199,সহিংসতা রোধে বিএনপি-জামাতের সন্ত্রাসীদের জেলে নিতে হবে।,Positive
test_id_4200,নৌকার জয় হবেই হবে।,Positive
test_id_4201,"মিছিল মিটিং তো শেষ, শুধু জনগণকে ভোটটা দেয়ার সুযোগ দেন।",Positive
test_id_4202,ওটা এ দেশে স্বাভাবিক দাদা,Positive
test_id_4203,সৌদি বিরোধীরা সৌদি যাওয়ার জন্য আগের রাতেই লাইন দাঁড়ায়।,Positive
test_id_4204,খুবী ভাল উদ্যোগ। সব রোড উন্মুক্ত করে দিলে পর্যটকদের অনেক উপকার কবে।,Positive
test_id_4205,"খুব ভাল হল, ধন্যবাদ ভারতীয় কতৃপক্ষকে।",Positive
test_id_4206,ধন্যবাদ ইন্ডিয়ান হাই কমিশন কে। সার বাংলাদেশ এ চালু করুণ।,Positive
test_id_4207,এটা কি আমাদের এতই দরকার।,Positive
test_id_4208,এইচএসসি পরীক্ষার ভুয়া প্রশ্নপত্র কে ওদের সাপ্লাই করেছে? তাদেরও ধরা হোক,Positive
test_id_4209,নদীর ভাঙ্গন বিরাট সমস্যা। নদীর কাছে স্থায়ী দালান না করাই উচিত।,Positive
test_id_4210,"এরশাদ নাটক আবার জমবে মনে হয়, যদিও সিএমএইচ এ সিট্ বুকিং আছে, বেচারা!",Positive
test_id_4211,সিএমএইচ থেরাপি দেয়ার সময় হয়ে গেছে,Positive
test_id_4212,এরশাদকে বিমানে উঠিয়ে দিয়ে জনসমর্থনহীন মহাজোট ত্যাগ করা উচিত জাপার।,Positive
test_id_4213,হিরু আলমের জন্য একটা আসন দিয়েন।,Positive
test_id_4214,এত যোগ্য প্রাথি পাবে কোথায় ?,Positive
test_id_4215,কৌশলটি মনে হয় ভালোই হয়েছে।,Positive
test_id_4216,বজ্র আটুনি ফস্কা গেরো ঃ(,Positive
test_id_4217,এরশাদের বিজয় সুনিশ্চিত।,Positive
test_id_4218,হুম। আমরা এরকম আরও দেখতে চাই।,Positive
test_id_4219,আমরাও বিশ্বাস করি এটা কর্মফল!,Positive
test_id_4220,তুমি অধম বলিয়া আমি উত্তম হইবোনা কেন ?,Positive
test_id_4221,জনাব তানসেনকে যাদুঘরে রাখা উচিত এই নির্বাচনেও হেরে যাবার জন্য,Positive
test_id_4222,দুর্বৃত্ত নির্ভর হয়ে পড়লে নিজের ছায়াকেও ভয় পায় মানুষ। সেখানে হিরো আলম তো বাঙ্গালির তারকা।,Positive
test_id_4223,এমনিতেই সার্কাসে দর্শক বেশি হয়।,Positive
test_id_4224,হিরো আলমের বক্তব্যে সারা দেশের সকল কেন্দ্রের ছবি ভেসে উঠেছে।,Positive
test_id_4225,বেচারা আসলেই সাদা সোজা মানুষ।,Positive
test_id_4226,বিটিভির রাত ৮ টার সংবাদ দেখার জন্যে অপেক্ষা করছি,Positive
test_id_4227,এর কারন ভয়। এ ভয় আগামী ৫ বছরে বাংলাদেশ শেষ করে দিবে।,Positive
test_id_4228,"বন্যেরা বনে সুন্দর, হিরো আলম ইউটিউবে!",Positive
test_id_4229,যারা মিঃ আলমকে অযোগ্য ভাবে তারা ঐ এলাকার নির্বাচিত প্রার্থীকে কি বলবে?,Positive
test_id_4230,জিতেছেন ভাই আপনি জিতেছেন । নির্বাচনে জিততে না পারলেও মানুষের মন জিতে নিয়েছেন,Positive
test_id_4231,হিরো আলমের বক্তব্যে পুরটা না হলেও বেশ খানিক চিত্র পাওয়া গেল। পুরো চিত্র আরও ভয়ংকর।,Positive
test_id_4232,কেন জনাব? আপনার গা জ্বালাপোড়া করছে কেন??,Positive
test_id_4233,দয়া করে চলে যান আমাদের দেশ থেকে।,Positive
test_id_4234,অথচ এই আসনে বিএনপি জিতেছে।,Positive
test_id_4235,"জনাব রাজিব, আপনার টিকিট কাটা আছে তো?",Positive
test_id_4236,"শুধু তোমাকে নয় হিরু, এই লীগ দেশের সাধারন সব মানুষকেই ভয় পায়।",Positive
test_id_4237,"নির্বাচনে সব দল অংশ নিয়েছে, এই আনন্দে সিইসি আজ রাতে ঘুমাবে।",Positive
test_id_4238,কিন্তু হিরো আলমের আসনে তো বিএনপি জিতেছে।,Positive
test_id_4239,মহা ভোট জালিয়াতি না হলে হিরো আলাম ই জিতত,Positive
test_id_4240,অবিশাস্য হলেও সত্য ওই আসনে আওয়ামীলীগ জিততে পারেনি,Positive
test_id_4241,বছরের সেরা উক্তি মাইরের সামনে প্রিজারবেডিং অফিসার কেডা দেখার সময় কই!,Positive
test_id_4242,সারাদিনে এই নিউজটাই একটু আনন্দ দিলো,Positive
test_id_4243,উনি সাহস করে নির্বাচনের সত্যিকার চিত্র এই জাতির সামনে তুলে ধরেছেন। এজন্য উনাকে হাজার সালাম।,Positive
test_id_4244,ইয়া মস্তো বড় এক বাঘ !,Positive
test_id_4245,বাদ দিয়ে সোজা পথে আসেন।,Positive
test_id_4246,বাঘের ফাঁকা ডাক !,Positive
test_id_4247,শামীম ওসমান সাব সরল পথ সবাই পছন্দ করে।,Positive
test_id_4248,সিবিএ নেতার নিকুচি করি,Positive
test_id_4249,সিবিএ নেতাদের গাড়ি ফেরত নেয়া যাবে না ।,Positive
test_id_4250,মনে শুধু একটাই প্রশ্ন- সিবিএ নেতাদের ক্ষমতার উৎস কোথায়??,Positive
test_id_4251,জী ভাই সুশাসন থাকলে এমন হতো না,Positive
test_id_4252,আমি দুদককে সাধুবাদ জানাই।দুদক ইদানিং বেশ কিছু সফল অভিযান সম্পন্ন করেছে। এর সঠিক ধারাবাহিকতা থাকুক।,Positive
test_id_4253,রঙ্গ ভরা বঙ্গ দেশ !,Positive
test_id_4254,"এ রকম
 ,তৃতীয় শ্রেণির একজন কর্মচারী সরকারি পাজেরো ব্যবহার করেছে",Positive
test_id_4255,গত ১০ ১১ বছরে দেশ অনেক এগিয়ে গেছে,Positive
test_id_4256,"চুনো পুটির পেছনে না ঘুরে রুই কাতলা ধরেন, চুন পুঁটি এমনিতেই ঠিক হয়ে যাবে।",Positive
test_id_4257,গাড়িটি যার নামে বরাদ্দ করা ছিল তাকে আগে বিচারের আওতায় আনা হোক!,Positive
test_id_4258,সরকারি সব সেক্টরেই এমন আলাউদ্দিনরা আছে। সবাইকে আইনের আয়ওতায় আনা উচিত।,Positive
test_id_4259,অনিয়ম দুদকের চোখে ধরা পড়লো ওই সিবিএ নেতা অবসরে যাওয়ার পরে৷,Positive
test_id_4260,জনগণের প্রার্থীকে কিছুক্ষণ জনগণের কাছ থেকে দূরে রাখা হলো।,Positive
test_id_4261,সাজানো পুলিশ প্রশাসন দিয়ে সুষ্ঠু নিরপেক্ষ নির্বাচন হবে না। প্রসাশনে ব্যাপক রদবদল করতে হবে।,Positive
test_id_4262,আজ আপনি নেই কিন্তু আছে আপনার সূর। সূরেই আপনাকে খুঁজে নিব।,Positive
test_id_4263,শৃংখলা ফেরানোর সদিচ্ছা কি আছে?,Positive
test_id_4264,বিএনপির সময় এইটা মনে ছিল না ?,Positive
test_id_4265,আনোয়ার হোসেনের পদত্যাগেই সমাধান।,Positive
test_id_4266,একে দৃষ্টান্তমুলক শাস্তি দিতে হবে যেন জন্মের মত শিক্ষা হয়ে যায়,Positive
test_id_4267,জেলা জেলাই বিশ্ববিদ্যালয় ভাল দিক,Positive
test_id_4268,"আশার পর আশা আর
 ,জলাবদ্দতা",Positive
test_id_4269,"অন্যের দোষ না খুঁজে, নিজেদের দোষ খুঁজুন। যা দল ও জাতির জন্য মঙ্গল হতে আনবে।",Positive
test_id_4270,"প্রধানমন্ত্রী শেখ হাসিনা সৎ, কিন্তু আশেপাশে অনেক অসৎ।",Positive
test_id_4271,আয়ের হিসাবে বিদ্যুতের দাম খুবই বেশী ।,Positive
test_id_4272,সব অবৈধ দখলদারকে বের করার জন্য আবেদন রইল।,Positive
test_id_4273,"এদের বিরুদ্বে আইনি ব্যবস্হা নেওয়ার দাবি জানাচ্ছি, এরা সমাজকে নোংরা ও ধংস করে দিচ্ছে ।",Positive
test_id_4274,মানুষের কোন কথার দাম নেই এদের কাছে।খালি ক্ষমতা দখলের চেষ্টা।,Positive
test_id_4275,এর পরও কে বলবে ইসি স্বাধীন একটা প্রতিষ্ঠান?,Positive
test_id_4276,"আমার জন্ম বেড়ে ওঠা পুরোনো ঢাকায়। বাড়িঘর ভাগ
 ,পুরান ঢাকাকে নতুন ঢাকায় নির্মাণ করতে হবে",Positive
test_id_4277,আমরা আমরাই তো,Positive
test_id_4278,অথচ মায়ানমারে সাথে দ্বি-পাক্ষিক আলোচনার মাধ্যমে আমরা রোহিঙ্গাদের ফেরত পাঠাতে চাইছি।,Positive
test_id_4279,ধরে নিচ্ছি আপনার ছেলে আপনার মতোই গুনধর,Positive
test_id_4280,অনেকদিন পর একটা সফল অবিযান ।,Positive
test_id_4281,অনেক দিন পর ভালো লাগলো যে বি এন পি মাঠে নামলো ।=,Positive
test_id_4282,বহুকাল পর সরাসরি অ্যাকশনে বিএনপি!,Positive
test_id_4283,বিএনপি বহুদিন পর জেগেছে!,Positive
test_id_4284,"একটু ভুল আছে, কথাটা হবে, এভাবে বিএনপি জামাতিদের চরিত্র চিনিয়ে নিতে হয়।",Positive
test_id_4285,পুরোপুরি একমত শুধু প্রথম শব্দটা ছাড়া।,Positive
test_id_4286,মির্জা ফখরুল সাহেব কিছু বলেন ????,Positive
test_id_4287,অলরেডি আটক ৬৯।,Positive
test_id_4288,দেশের নেতৃত্ব খুব ভালো ভাবে দিতে পারবে,Positive
test_id_4289,পুলিশ বলেছে হামলাকারী ৬৯ জনকে ইতিমধ্যে গ্রেফতার করতে সক্ষম হয়েছে। সাবাস পুলিশ।,Positive
test_id_4290,কিছু করার নাই দেশে গনততন্ত্র প্রতিষ্ঠা করতে হবে,Positive
test_id_4291,"আন্দোলন করে সরকার পতনের ক্ষমতা বিএনপির নেই, কথা সত্য।",Positive
test_id_4292,"কাকে বিশ্বাস করব, পুলিশকে? নাকি, জনগনকে?",Positive
test_id_4293,"আসলে দৈর্য্যের একটা সীমা থাকে, আর কর নীরবে সহে যাবে ওরা?",Positive
test_id_4294,ধৈর্য্য নয়। নিজের আত্মরক্ষা করে দায়িত্ব পালন করতে হবে। ধৈর্য্য ধরার পরিণাম দেখলেন তো।,Positive
test_id_4295,এভাবে নিজের অধিকার ছিনিয়ে নিতে হয়।,Positive
test_id_4296,স্বৈরাচারের পতন হবেই হবে ।,Positive
test_id_4297,জনগনকে বিশ্বাস করেন,Positive
test_id_4298,কেউই চিরকাল ক্ষমতা ধরে রাখতে পারে নাই। ইতিহাসে,Positive
test_id_4299,বিএনপির হুংকার দেখে কাপাকাপি শুরু হল নাকি?,Positive
test_id_4300,জামাত- শিবিরের চরিত্রে এখন বিএনপি,Positive
test_id_4301,বিএনপি কি সন্ত্রাসী সংগঠন?,Positive
test_id_4302,গণঅভ্যূথানের শুরু!,Positive
test_id_4303,ঘটনা দেখে তাই মনে হচ্ছে।,Positive
test_id_4304,জেগেছে বিএনপি- বাকশালের রক্ষা নাই!,Positive
test_id_4305,কেন এই গ্রেফতার।তীব্র নিন্দা জানাই।,Positive
test_id_4306,সব স্বৈরাচারই বিপ্লবীদেরকে বলে থাকে।,Positive
test_id_4307,একদম সঠীক বলেছেন ভাই।,Positive
test_id_4308,মনে হচ্ছে মাঠ এবার গরম হবে,Positive
test_id_4309,এত দিন তো সবাই ভালোই ছিলাম।,Positive
test_id_4310,দেখে মনে হচ্ছে পার্কিং করে রাখা একটা বাস। সামনে পার্কিং স্ট্যান্ডও আছে।,Positive
test_id_4311,আপনি কিভাবে সিউর হলেন এটা আওয়ামী লীগ করেছে ?,Positive
test_id_4312,আইন শৃংখলা বিষয়ে দেশের ভয়াবহ চিত্র সহজেই অনুমেয়।,Positive
test_id_4313,কাজটি যে করুক ভাল করে নাই।,Positive
test_id_4314,"ধরে নিলাম সব হামলা বিএনপি করছে, তাহলে হামলাকারীদের ফুটেজ অনুযায়ী গ্রেফতার করা হচ্ছে না কেন?",Positive
test_id_4315,ঘটনার ভিডিও ৭১ টিভি দেখিয়েছে,Positive
test_id_4316,আপনার পুরো নাম কী রুপম গোয়েবলস?,Positive
test_id_4317,লীগাররাই প্রকৃত পেট্রল বোমারু সেটা তারা আবার প্রমান দিলেন এই নিকৃষ্ট ঘটনায়।,Positive
test_id_4318,"রিজভীকে নিয়ে অনেক ব্যঙ্গাত্নক মন্তব্য, উনি কোন কথাটা ভ্রান্ত বা মিথ্যা বলেছেন? কেউ একটু বলবেন?",Positive
test_id_4319,বাসা? মানে? বিএনপি'র পল্টন কার্যালয়ে? :),Positive
test_id_4320,জনগণ নয়; বিএনপি-জামায়তিরা নিজেদের দোষে নিজেরা ভোটাধিকার জলাঞ্জলি দিয়েছে।,Positive
test_id_4321,এই লোকটার জন্য দুঃখ নয় করুনা হয়।,Positive
test_id_4322,কবে আসবে মুক্তির বীর সেনানীরা?,Positive
test_id_4323,এতো মৃত্যুর মিছিল,Positive
test_id_4324,উত্তরা ১৮ নম্বর সেক্টর কোথায়?,Positive
test_id_4325,রোহিঙ্গা একটি বড় সমস্যা,Positive
test_id_4326,আপনাদের নিরপেক্ষতাই আমাদের স্বস্তি এনে দিতে পারে,Positive
test_id_4327,"নিজের আর অসম্মান করবেন না, প্লিজ।",Positive
test_id_4328,ইভিএম সংক্রান্ত আদেশসমুহ আপনি কোথা থেকে পাচ্ছেন জাতিকে তা বলবেন কি দয়া করে?,Positive
test_id_4329,অনেক দিন পর একটা নির্মল জোকস শুনলাম।আপনার পারেনও বটে,Positive
test_id_4330,নিজের মুখের ওপর ঝুলানো নিরপেক্ষতার মুখোশটি নিজেই টেনে ছিঁড়ে ফেললেন সিইসি নু.হুদা।,Positive
test_id_4331,আর রাখ ঢাক নয়! সিইসি এখন নিরপেক্ষতার খোলস থেকে বের হয়ে আসছেন,Positive
test_id_4332,জনাব সিইসি পুলিশ বিনা কারণে গ্রেফতার করছে না কিন্তু,Positive
test_id_4333,আপনি কীভাবে নিশ্চিত হয়ে একথা বলছেন? আপনি কি ভুক্তভোগী?,Positive
test_id_4334,জনবিচ্ছিন্নরা শুধু নালিশ আর ষড়যন্ত্র করে ।,Positive
test_id_4335,আল্লাহ তাদের জান্নাত নসিব করুন,Positive
test_id_4336,গঠনমূলক মন্তব্য দেখে ভালো লাগলো,Positive
test_id_4337,দুবার মহাসমাবেশের মোট লোকসংখ্যাও বিএনপির ১ বারের সমান বড় হবে না।শুধু শুধু জনভোগান্তি।,Positive
test_id_4338,এতো দেখছি মহাযজ্ঞ,Positive
test_id_4339,খুবই দুঃখজনক। কেন এমন করা হলো তা খুঁজে বের করা দরকার।,Positive
test_id_4340,উপজেলা মাধ্যমিক শিক্ষা কর্মকর্তা মো. সেলিম মিয়া তার দায়িত্ব এড়াতে পারেন না,Positive
test_id_4341,কি কারনে এ কাজ করা হল এর সামাধান চাই।,Positive
test_id_4342,বাংলাদেশের প্রকৃত জনসংখ্যা কত?,Positive
test_id_4343,লেভেল প্লেয়িং ফিল্ড উন্নয়নের কাজ চলিতেছে!,Positive
test_id_4344,উনার কথার কোনো দাম আছে,Positive
test_id_4345,ভোটের অপেক্ষায় আছি।প্রতবাদ জানিয়ে দেবো।,Positive
test_id_4346,"হরতাল হবে না, জনগন হরতাল চাই না।",Positive
test_id_4347,খালেদার মামলার তারিখ পেছানোর জন্য এই হরতাল ডাকা হয়েছে।,Positive
test_id_4348,"এই হরতাল যুক্তিসংগত, আশা করি সবাই হরতাল সফল করবে",Positive
test_id_4349,বিদ্যুতের দাম বাড়ানোর আগে দয়া করে পেয়াজের দামে নজর দিন।,Positive
test_id_4350,সারা মাস হরতাল দিলেও সরকারের কিছু হবেনা।,Positive
test_id_4351,নির্বাচনের আগে বিদ্যুতের দাম বৃদ্ধি যেন বুমেরাং হয়ে না যায়!আমরা এ হরতাল সমর্থন করি।,Positive
test_id_4352,বিদ্যুতের দাম বৃদ্ধির প্রতিবাদ জানাই তবে হরতালকে পছন্দ করিনা তা সমর্থন করতে পারলামনা।,Positive
test_id_4353,হরতালে সমর্থনে করিনা তবে ভোট হলে রায় দিবো।,Positive
test_id_4354,অসাধারণ সেই ভাষণ শিরা-উপশিরায় আগুন ধরিয়ে দেয়।,Positive
test_id_4355,"আমার ভোট আমি দেব, সংবিধান অনুযায়ী দেব ।",Positive
test_id_4356,বেশী রাজনীতি আর ডাবল স্ট্যান্ডবাজী করলে অনেক সময় ধরা খেতে হয়,Positive
test_id_4357,আওয়ামী লীগ কোনো আইনের তোয়াক্কা করছেনা।,Positive
test_id_4358,জঙ্গি সঙ্গ ত্যাগ করুন,Positive
test_id_4359,"বড় বড় কথা না বলে মাঠে আসেন, সুবিধাবাদী নেতৃত্ব ত্যাগ করেন",Positive
test_id_4360,ভোল পাল্টানো নেতাদের কথা বিশ্বাস করি না।,Positive
test_id_4361,তুমি মনে হয় ৩০ তারিখের পরে আর থাকবা না।,Positive
test_id_4362,"না, তখন ভোট চোর দের বিচার হবে।",Positive
test_id_4363,সমস্ত বিএনপি পন্থি লোকের মুখে এই কথা গুলো মানায় খুব।,Positive
test_id_4364,আমাদের মহামান্য মন্ত্রী কোথায়?,Positive
test_id_4365,জনগনের জন্যই তো সংবিধান তাই জনগনের জন্যই তা পরিবরতন করতে হবে ।,Positive
test_id_4366,ভাই মন্তব্য করবেন নিজেকে সাধারন মানুষ ভেবে,Positive
test_id_4367,"তত্ত্বাবধায়ক সরকারের মেয়াদ ৪ বছর, নির্বাচিত সরকারের মেয়াদ ১ বছর করা হউক।",Positive
test_id_4368,"মানে আবার     আসিতেছে । ভালই তো, ভাল না",Positive
test_id_4369,আওয়ামী লীগের অধীনে নিরবাচন হতে দেবে না দেশের জনগন ।,Positive
test_id_4370,"ব্যর্থতায় সরকার, সফলতা যার যার। জটিল বললেন ।",Positive
test_id_4371,আপনার কাছে ইহজীবনে ক্লিয়ার হবে বলে মনে হয় না।,Positive
test_id_4372,দেশের জনগন ও সংবিধানের উপর যদি বিশ্বাস থাকে নির্বাচনে আসবেন না কেন ?,Positive
test_id_4373,ধনৎবাদ মিরজা ফখরুল ইসলাম সাহেব,Positive
test_id_4374,তারেকের মামলা নিয়ে সমযোতা হলে বি এন পি নির্বাচনে যাবে।,Positive
test_id_4375,"কোথায় দেখেন আপনারা ৯০%, আওয়ামিলীগ এর ভোট ত ৩৫-৪০%। এরাতো সব সময় আওয়ামিলীগ এর সাথে",Positive
test_id_4376,দেশের প্রতি ভালবাসা আছে বলেইতো তত্ত্বাবধায়ক পদ্ধতি বাতিল হয়ছে।,Positive
test_id_4377,যার যেভাবে উৎপত্তি হয় সে সেভাবেই চলতে চায়- এ আর নতুন কি?,Positive
test_id_4378,খালেদার দেয়া ইয়াজ উদ্দিন কেমন ছিল ?,Positive
test_id_4379,"বিজন ভাই কি, ফোরকানের জায়গা দখল করতে চান ?",Positive
test_id_4380,"হা হা . ঠিক বলছেন ভাই, তাহলে হাসিনা-খালেদা দুই জনই তত্ত্বাবধায়ক সরকার হওয়ার চেসটা করত",Positive
test_id_4381,সঠিক কাজের জন্য সরকারকে ধন্যবাদ।,Positive
test_id_4382,অনেক আগেই করা দরকার ছিল।,Positive
test_id_4383,মন্তব্য করে ডিসলাইক,Positive
test_id_4384,দেশি কাপড়ের জয়গানের সুর ফেরি করে বেড়ান।,Positive
test_id_4385,"তারুণ্যের জয় হোক, শুভ কামনা",Positive
test_id_4386,পর্যায়ক্রমে দেশের সব জেলায় এই গ্রেডিং পদ্ধতি চালু করা উচিত।,Positive
test_id_4387,ভাল উদ্যোগ। কিন্ত মান ধরে রাখার জন্য সচেতনেতার পাশাপাশি নজরদারি ও অডিটিং দরকার।,Positive
test_id_4388,বুয়েটের পরীক্ষিত সনদ স্টিকার এর পাশে থাকলে বেশি ভালো হতো.,Positive
test_id_4389,"যে উদ্দ্যোগই নিন না কেন, এখন বাংলাদেশের প্রেক্ষাপটে ভ্রাম্যমাণ আদালতের বিকল্প নেই।",Positive
test_id_4390,বিএনপির এই স্বঘোষিত মুখপাত্র বলে কি,Positive
test_id_4391,ভূতের ভয়ে আছে!,Positive
test_id_4392,"রিজভী সাহেব আপনাকে বিএনপিতে যোগ দিতে বলেছে, তা হয়ত শুনেছেন!",Positive
test_id_4393,আপনার প্রতিদিনের বিএনপি চর্চাটা বেশ মজার। ঘুমের মধ্যেও আপনি,Positive
test_id_4394,বাংলাদেশের কোন নির্বাচনে বাংলাদেশ আওয়ামীলীগের প্রার্থী ছাড়া অন্য কোন প্রার্থী আমরা আর দেখতে চাই না।,Positive
test_id_4395,নির্বাচন কাকে বলে? সৎ সাহস থাকলে একটা ফেয়ার ইলেকশন করে দেখান,Positive
test_id_4396,বিএনপির অবৈতনিক উপদেস্টা।,Positive
test_id_4397,আপনি বুঝি ঐতিহাসিক?,Positive
test_id_4398,"আপনার কথায় তারেকের ভাবমূর্তির হেরফের হবে না, তবে আপনার ভাবমূর্তি নীচে নামতে বাধ্য।",Positive
test_id_4399,"জ্বী স্যার, আপনারা পারেনও বটে",Positive
test_id_4400,পাঠকদের অনেকের মন্তব্যেই আবেগ আর ইতিহাস বিকৃতির ছড়াছড়ি।,Positive
test_id_4401,"বোঝা যায়, দলগুলো বেশ চালাক হয়েছে।",Positive
test_id_4402,হ্যাঁ আমরাও তাই মনে করি।,Positive
test_id_4403,আকাশ কুসুম কল্পনা।,Positive
test_id_4404,এত সুন্দর করে এত অসুন্দর কথা বলা যায় না বোধ হয়।,Positive
test_id_4405,কোন কোর্ট বলেছে খুনী?,Positive
test_id_4406,"বাংলাদেশের জন্যে সবচেয়ে ভয়ংকর বিষয় হচ্ছে, ‘বুদ্ধিজীবি-সুশীলদের নৈতিক অধঃপতন’।",Positive
test_id_4407,বাবার যোগ্য সন্তানই বটে।,Positive
test_id_4408,"ভূয়া কথা বলনেনা, তারেক অর্থ পাচার মামলা দণ্ডিত হয়নি।",Positive
test_id_4409,নুতন ইতিহাসের পথে সবার আগে জেলের হিসাবটা শেষ করতে বলেন।,Positive
test_id_4410,ইমাজ উদ্দিন স্যার জনসাধারণ মনের কথাই বলেছেন।তাতে,Positive
test_id_4411,অযোগ্য ব্যক্তিরা যেমন অযথা করে নালিশ তেমনি পদ ও লাভের তরে করে !,Positive
test_id_4412,তারেক রহমান তরুন প্রজন্মের আদর্শ ও দেশের সব চেয়ে জনপ্রিয় নেতা।,Positive
test_id_4413,যত সমালোচনাকারী আজ স্যারের সমালোচনা করতেছেন বেশীর ভাগই ওনার পিএ হওয়ারও যোগ্যতা রাখে না ।,Positive
test_id_4414,যত,Positive
test_id_4415,ভাষা হারিয়ে ফেললাম!,Positive
test_id_4416,নিঃসন্দেহে তারেক রহমান যোগ্য নেতা এবং তিনিই পারবেন বাংলাদেশকে নেতৃত্ব দিতে।,Positive
test_id_4417,মওদুদ এর সাথে প্রতিযোগিতা হবে। তবে তারেক বাবর কে নমিনেশান দিবে।,Positive
test_id_4418,এটা ঠিক তারেক জিয়া তার বাবার মত হলে মানুষ তাকে মাথায় তুলে রাখত।,Positive
test_id_4419,আপনাদের ফ্রেম করতেছে,Positive
test_id_4420,যে কারণে গুলশানে বিএনপির কার্যালয়ে ভাঙচুর ও অবরোধ হয়েছিলো।,Positive
test_id_4421,গুলশানের কার্যালয়ের সামনে ফখরুলের গাড়ীতে হামলা এবং কার্যালয়ে হামলা ও ভাঙচুর কেন হয়েছিল ?,Positive
test_id_4422,গুলশানের কার্যালয়ের সামনে ফাখ্রুলের গাড়ীতে হামলা এবং কার্যালয়ে হামলা ও ভাঙচুর কেন হয়েছিল ?,Positive
test_id_4423,"মির্জা ফখরুলের নামে মামলা করা হোক, উনি কেন নিজের গাড়িবহর ভাঙচুর করলেন এই অপরাধে",Positive
test_id_4424,কথা বলার সময় আমাদের বয়স পদমর্যাদা সম্মান এগুলো মাথায় রাখা উচিৎ,Positive
test_id_4425,"অতীতে ও এ ধরনের ঘটনা, গঠেছে দৃষ্টান্ত মূলক শাস্তির অভাবে হিংস্রতার পুনঃরাবৃত্তি।",Positive
test_id_4426,মুঈন খান বাপ্পির দলীয় পরিচয় কি?,Positive
test_id_4427,ভ্রাম্যমান আদালত ১০ ১২ বছর জেল দিতে পারে না।,Positive
test_id_4428,"আরে ভাই গ্রুপিং থাকব, তাই বলে গায়ে হাত তুলো কেন?’  -হাসতে হাসতে শেষ।",Positive
test_id_4429,দুঃখ করার কিছু নেই।,Positive
test_id_4430,জয় বাংলা বলে আগে বাড়ো!,Positive
test_id_4431,এটা বয়সের বা্্যপার না । হালুয়ার বা্্যপার ।,Positive
test_id_4432,টু‌পি পাঞ্জাবী পর‌লেই ওলামা হওয়া যায় না।,Positive
test_id_4433,এসব কি হচ্ছে এদেশে ?,Positive
test_id_4434,নিজ দলীয় কোন্দলটা একটা সংক্রামক ব্যাধি। জামাত-শিবিরের মাঝে এমনটা দেখা যায়না ।,Positive
test_id_4435,জামাত আর ওলামা লিগ একই মুদরার এপিঠ ওপিঠ ।,Positive
test_id_4436,ব্যবসায় সংঘাত অনিবার্য!,Positive
test_id_4437,ছোটবেলা পড়তাম নামে নয় গুণেই আসল পরিচয়।,Positive
test_id_4438,আমি এর বিচার চাই। কথা কাটাকাটি থেকে মারামারি কখনো কাম্য নয়।,Positive
test_id_4439,অভিযোগ ছাড়া বাংলাদেশের পুলিশ কিছুই করতে পারেনা। প্রায়ই পত্রিকায় দেখি ব্যাপারটা!,Positive
test_id_4440,মাননীয় সড়ক পরিবহন ও সেতুমন্ত্রির দ্রুত সুস্থতা কামনা করছি।,Positive
test_id_4441,দ্রুত তাকে সিঙ্গাপুরে পাঠানো হোক,Positive
test_id_4442,লোক হিসাবে ভাল । উনার দ্রত আরোগ্য কামনা করি ।,Positive
test_id_4443,সসম্মানে তাঁকে নাগরিকত্ব দেয়া হোক।,Positive
test_id_4444,"কেলেঙ্কারির সাথে জরিত রাঘব বোয়াল দের নাম তদন্ত প্রতিবেদনে, থাকবে কি ?",Positive
test_id_4445,"এখন আওয়ামীলীগ, বিএনপি, জাতীয়পাটি কিংবা জামায়াত কেউ হারেনা;হারে শুধু প্রিয় বাংলাদেশ।",Positive
test_id_4446,আব্দুর রাজ্জাক পানিসম্পদ মন্ত্রী ছিলেন।,Positive
test_id_4447,মজা পাইলাম। এরকম ১৯৭১ সালের ৩রা জানুয়ারিও এরা করছিল। তারপর আখতার সোলাইমানের সঙ্গে,Positive
test_id_4448,"বিচার বিভাগের কাজ বিচার বিভাগ করছে, তাতে আওয়ামীলীগের কিছুই করার নেই।",Positive
test_id_4449,নির্বাচন উপলক্ষে সারাদশের পেট্রোল বোমাবাজ জড় হয়েছিল গাজিপুরে। পেট্রোল বোমা হামলা থেকে বাচল গাজিপুর বাসী।,Positive
test_id_4450,ভোট জালিয়াতির কলংক দেখা থেকে বাঁচলো জাতি,Positive
test_id_4451,সবাই বিবেক হারিয়ে ফেললে দেশের কি হবে?,Positive
test_id_4452,আমাদের দৃষ্টিভঙ্গির পরিবর্তণ আনতে হবে,Positive
test_id_4453,টিআইর তথ্য সঠিক।,Positive
test_id_4454,"আন্দালিব, ৪১ পর্যন্ত সময় আছে!",Positive
test_id_4455,আগে অনেক দুর্নীতিগ্রস্থ দেশ জরিপে ছিল না।,Positive
test_id_4456,দুর্নীতি দমন ছাড়া দেশকে কখনো সমৃদ্ধশীল করা সম্ভব না!,Positive
test_id_4457,প্রত্যাহার আবার কি ধরনের শাস্তি?,Positive
test_id_4458,বিএনপিকে দেশের আইন আদালত ও বিচার ব্যবস্থার উপর আস্থা রাখতেও সন্মান দেখাতে হবে।,Positive
test_id_4459,জংগির সঙ্গি বি এন পি এদের কে রুখতেই হবে,Positive
test_id_4460,আপনি সিটি কর্পোরেশনের কর্মকতা তাই না,Positive
test_id_4461,আলোকিত ও আধুনিক ঢাকা দেখতে চাওয়া আর বেশী দূরে নয়। ধন্যবাদ কতৃপক্ষকে।,Positive
test_id_4462,মাথায় কিছুই আসে না। সঠিক তদন্ত হোক। দোষীকে শাস্তি দেয়া হোক।,Positive
test_id_4463,ইফফাতের বিরুদ্ধে অভিযোগ প্রমাণিত হওয়ার পর বহিষ্কার করার প্রশ্ন আগে নয়।,Positive
test_id_4464,"বেশী কিছু বললাম না, রতনে রতন চিনে!",Positive
test_id_4465,চিন্তার কারণ নাই ঢাবি খুব শিগগিরই ওই আদেশ তুলেও নেবে।,Positive
test_id_4466,সিনিয়রদের এই বিষয় নিয়ে আর দায়িত্বশীল হতে হবে,Positive
test_id_4467,বর্তমানের বিভৎস দিন থেকে বের হবার চেষ্টা করা হচ্ছে।,Positive
test_id_4468,ইউরোপের উন্নত রাষ্ট্রে ইভিএম বাতিল করে! আর আমরা এটার জন্য কম সময়ে মরিয়া হয়ে আছি,Positive
test_id_4469,"জ্বি না, এটাই সময়ের দাবি।",Positive
test_id_4470,  নাম প্রকাশে অনিচ্ছুক! নাম টা অন্তত প্রকাশ করুন!,Positive
test_id_4471,আপনার সাথে একমত। আর কোন আলোচনা নয় জনবিচ্ছিন্ন তথাকথিত দল গুলোর সাথে।,Positive
test_id_4472,  নাম প্রকাশে অনিচ্ছুক! দয়া করে যদি আমাকে ইতিহাস টা বলেন! আমি শুনতে খুবই উদগ্রীব!,Positive
test_id_4473,ইসির প্রতি জনগনের ১০০% আস্থা রয়েছে। কিন্তু বিএনপি জামাতের প্রতি দেশের জনগনের কোনই আস্থা নাই।,Positive
test_id_4474,ইসি কে আরো আন্তরিক হওয়া জরুরী,Positive
test_id_4475,সিইসির এখনই জিডি করা উচিত।,Positive
test_id_4476,মৃত মানুষও মাঝে মধ্যে হুংকার মারতে পারে,Positive
test_id_4477,সুতরাং নির্বাচন কমিশনার ঠিকই বলেছেন।,Positive
test_id_4478,"রব, মান্না, সুলতান মনসুরদের লাফালাফি আমি বেশ উপভোগ করছি",Positive
test_id_4479,"জাতীয় ঐক্যফ্রন্টের’ জন্য নির্বাচন বসে থাকবে না, কিন্তু নির্বাচনের জন্য তাদের বসে থাকতে হবে।",Positive
test_id_4480,ধৈর্যের পরিক্ষায় উত্তীর্ন ইলেকশন কমিশন।,Positive
test_id_4481,"নির্বাচনে প্রার্থী, পোলিং এজেন্ট, ভোটার, নির্বাচন কর্মকর্তা সহ সকলের নিরাপত্তা নিশ্চিত করা ইসি'র দায়িত্ব।",Positive
test_id_4482,মান্না ধানের শীষ প্রতীক না নিয়ে অন্য কোন প্রতীক নিয়ে নির্বাচন করলে জামানাতও থাকবে না।,Positive
test_id_4483,রকিব তো আজিজকে লক্ষ-কোটি গুণে ছাড়িয়ে গিয়েছিল,Positive
test_id_4484,জনগণের রায় কোনো নাম প্রকাশে লজ্জিত মানুষের উপর নির্ভরশীল নয়।,Positive
test_id_4485,"রাজনীতিকরাই জনগণের ম্যান্ডেট নিয়ে ক্ষমতায় আসেন, কোনো আমলারা নয়।",Positive
test_id_4486,শুরুতে িঐক্য ফ্রন্ট এর নেতাদের এই আচরন উন্নত মানসিকতার প্রকাশ নয়।,Positive
test_id_4487,দুটোই এখন দরকার।,Positive
test_id_4488,দলীয় ইসির পদত্যাগ চাই।,Positive
test_id_4489,মইনুল সাহেবকে দেখে মান্নার শিক্ষা নেওয়া উচিত।,Positive
test_id_4490,"রাজীব সাহেরা ইনু, তাহেরদের কর্মকান্ড কি ভুলে গিয়েছেন? জাতীর জনকের হত্যার প্রেক্ষাপট কারা তৈরি করেছিল।",Positive
test_id_4491,"  রাজিবফেসবুক, অনলাইন ছেড়ে রাস্তায় নামুন! ইসি, সিইসি, প্রধানমন্ত্রীর পদত্যাগ ঘটান! আপনাকে স্বাগত!",Positive
test_id_4492,সিইসিকে দূরব্যাবহার করার জন্য আইনআনুগ ব্যাবস্হা নেয়া যেতে পারে মান্নার বিরোদ্ধে,Positive
test_id_4493,বর্তমান নির্বাচন কমিশন নৈতিকভাবে দুর্বলতাই দুর্বল অংশে আঘাত করলে উত্তেজিত হওয়াটা অস্বাভাবিক নয়।,Positive
test_id_4494,"শুধু কথা শুনেই এত জ্বলে, তাহলে যারা গুম খুনের স্বীকার তাদের কেমন লাগে বুঝুন!",Positive
test_id_4495,কীভাবে কথা বলতে হত? একটা উদাহরণ দিন তো!,Positive
test_id_4496,ক্ষমতায় থেকে এখন যারা যা করছে তাদের ডিঙিয়ে যেতে পারবে কি?,Positive
test_id_4497,আশা করি সরকার আনিসুল হক সাহেবের মত ভাল এক জন মেয়র খুজে পাবে ।,Positive
test_id_4498,বাঙালী বীর সৈনিকের জাতি। ভয়কে জয় করাই আমাদের কাজ। সেলুট তোমাদের,Positive
test_id_4499,"তখন যে ফেইসবুক, ইন্টারনেট ছিল না ।",Positive
test_id_4500,এই শ্রমিকেদর শ্রমে-ঘামে তৈরি দুনিয়ার চাকচিক্য। শ্রমিকভাইদের স্যালুট প্রাপ্য।,Positive
test_id_4501,বিশ্বের,Positive
test_id_4502,"পদ্মাসেতুকে আপনি নাটক বলছেন ??? যমুনা ব্রীজ নয়, এটি বঙ্গবন্ধু সেতু। তাও করেছে আওয়ামী লীগ।",Positive
test_id_4503,ভাবতেই অবাক লাগে কিন্তু এরাই সত্যিকারের সাহসী মানুষ।,Positive
test_id_4504,লোহার খাচার মরিচীকা তো পাইপের ভিতর প্রবেশ এর আগে উপরে বসে ই পরিস্কার করা যায়,Positive
test_id_4505,এরকম তথ্যবহুল প্রতিবেদন এর জন্য আপনাদের অসংখ্য ধন্যবাদ।,Positive
test_id_4506,উননয়নের মাধ্যমে সুশাসন প্রতিষঠা হয় না,Positive
test_id_4507,শেখ হাসিনা আলোর পথের দিশারী আর বিপরীতে খালেদা জিয়া অন্ধকারের পথচারী।,Positive
test_id_4508,তাহলে তাদের গ্রেপ্তার করে প্রমাণ করা হোক।,Positive
test_id_4509,এদের বিরুদ্ধে আইনানুগ ব্যবস্থা নিন।,Positive
test_id_4510,"অাস‌লে বাল্য বিবাহ নি‌য়ে ইসলাম কি ব‌লে জান‌তে চাই, জানা‌বেন কি?",Positive
test_id_4511,এখন এদের প্রয়োজন নেই।,Positive
test_id_4512,ওলামা লীগের ওলামাদের বিবৃতির অপেক্ষায় রইলাম ৷ সুবিধাবাদীরা এখন কি যে বলবে?,Positive
test_id_4513,উলামা লীগ আওয়ামী লীগের অঙ্গসংগঠন নয়? তাহলে কি তারা ইংলিশ প্রিমিয়ার লিগের অঙ্গ সংগঠন?,Positive
test_id_4514,তথ্য যাচাই না করে প্রকাশ করলে দোষ অবশ্যই সাংবাদিক এবং সংবাদমাধ্যমের।,Positive
test_id_4515,"নগদ টাকা দিয়ে বিদ্যুৎ কিনে ব্যবহার করি, যেভাবে খুশি ব্যবহার করব, কারো বলার কিছু নাই।",Positive
test_id_4516,এই সরকারের উন্নয়ন কর্মকান্ড প্রশংসা পাওয়ার যোগ্য ।,Positive
test_id_4517,"যারা ভাল কে ভাল বলে না, তারাই আসলে খারাপ।",Positive
test_id_4518,"মাননীয় যোগাযোগমন্ত্রী, আপনি অন্তত চেষ্টার ক্রুটি করেন নাই।",Positive
test_id_4519,বিএনপি অন্তত গণভবনকে হাওয়া ভবন বানায় নি।,Positive
test_id_4520,পরবর্তীতে ক্ষমতায় যেই আসুক এমন একজন ব্যক্তিকে হাতছাড়া করা ঠিক হবেনা,Positive
test_id_4521,জনগন ১৮ মাসের হিসাব চায় না জনগন ৫বছরের হিসাব চায় ।,Positive
test_id_4522,আপনার জন্য সমসতো শুভেচছা !,Positive
test_id_4523,হুম আপনি সত্যিই চেষ্টার ট্রুটি করেন নাই । এটাই কয়জনে করে। স্যালুট আপনাকে।,Positive
test_id_4524,খোঁজ নিয়ে দেখেন এরা সবাই অসচ্ছল পরিবারের মানুষ।,Positive
test_id_4525,"বিজন দা ওনার ধরমো পালন করছেন, আসুন আমরা আমাদের ধরমো পালন করি .",Positive
test_id_4526,নির্দলীয় নিরপেক্ষ তত্ত্বাবধায়ক সরকার দেশের ৯০% মানুষের দাবী!,Positive
test_id_4527,সেই সাথে আওয়ামী-লিগেরও অনেকেও চায়।,Positive
test_id_4528,বিএনপির উচিত কঠোর আন্দোলনে যাওয়া! তত্বাবধায়কহীন যে কোন নির্বাচন প্রতিহত করা।,Positive
test_id_4529,বিএনপির নেতৃত্বাধীন ১৮ দলীয় জোট বর্তমান সরকারের অধীনে অনুষ্ঠিত নির্বাচনে অংশ নেবে না।,Positive
test_id_4530,দুদলের কে সনকত সমাধানে েগিয়ে আসা ুচিত,Positive
test_id_4531,"ক্ষমতাসীনগন আজ যা শিখাবে, আগামীকাল তা-ই ফেরত পাবে।",Positive
test_id_4532,উনি উচিত কথাই বলেছেন,Positive
test_id_4533,মরার উপর খড়ার ঘা !,Positive
test_id_4534,জনগণের স্মৃতিতে অবশিষ্ট কি আছে সেটা তো দেখাই গেল !,Positive
test_id_4535,এভাবে আর কতদিন?,Positive
test_id_4536,জঙ্গি–সন্ত্রাসীদের ঠাঁই নাই।,Positive
test_id_4537,ট্রাস্ট ফান্ডটি গঠন কেন করা হয়েছিল তার জবাব চাই।,Positive
test_id_4538,যারা জনগণের প্রতি দায়বদ্ধ তাদের দায়িত্ববোধ অনেক বেশি,Positive
test_id_4539,ছিনতাইকারীর পরিচয় জানা দরকার,Positive
test_id_4540,এটা কোনো গোষ্ঠীর ট্রায়াল ছিল কি-না !,Positive
test_id_4541,"খুব ভাল উদ্যোগ, জেনে ভাল লাগছে।",Positive
test_id_4542,তৎকালীন সরকারের সততা ছিল বলেই ঐ ঘটনায় তখন বিচার বিভাগীয় তদন্ত কমিটি গঠন করা হয়েছিল।,Positive
test_id_4543,বাদ যাবে না কেউই!,Positive
test_id_4544,আহ কি ফুটফুটে ছেলে,Positive
test_id_4545,"সাদেকুল ভাই, ইসলামী ব্যাংকের ১৭ ডিজিটের হিসাব নাম্বার দিবেন প্লিজ।",Positive
test_id_4546,দেখা যাচ্ছে আমরা সবাইই অনেক ভালো।,Positive
test_id_4547,সবাই সাহায্য করুন।,Positive
test_id_4548,ভাইরাল হওয়া ভিডিওর সত্যতা ক্রমশঃ স্পষ্ট হচ্ছে।,Positive
test_id_4549,চমৎকার বন্ধুত্বপূর্ণ সম্পর্ক !,Positive
test_id_4550,আপনি জামায়াত-শিবিরকে যদি হাজার টা প্রলেপ লাগিয়ে দেন তারপরেও দেখবেন,Positive
test_id_4551,আওয়ামী লীগের রাজনীতির সবচেয়ে বড় সাফল্যে এটা,Positive
test_id_4552,তরুন প্রজন্মের মতবাদকে সাধুবাদ জানাই,Positive
test_id_4553,বিএনপিরই উচিৎ ছিল জামাতকে ছাড়া। কিন্তু ঘটেছে উল্টো।,Positive
test_id_4554,এ বিশ্বকে এ-শিশুর বাসযোগ্য ক'রে যাব আমি- নবজাতকের কাছে এ আমার দৃঢ় অঙ্গীকার।,Positive
test_id_4555,আর পাকিস্তানের লেজুড়বৃত্তিটা পরিহার করতে হবে।,Positive
test_id_4556,আমার ক্ষুদ্র জ্ঞানে এটাকে ভালো উদ্যোগ মনে হচ্ছে।,Positive
test_id_4557,দুদক কি লোম বেছে কম্বল উজাড় করবে? নাকি শুধু বিশেষ কিছু লোম বাছবে?,Positive
test_id_4558,ঢাকার মেয়র ইলেকশন তাইলে খুব কাছাকাছি সময়েই হবে বা হতে যাচ্ছে??,Positive
test_id_4559,আমাদের ব্যর্থতার কথা স্বীকার করতে এবং তদনুযায়ী ভুল শুধরাতে ক্ষতি কি?,Positive
test_id_4560,কাজের পরিবেশ সৃষ্টি করতে বলুন। যে পরিবেশে শ্রমিকরা কাজ করে তার উন্নতি করতে হবে।,Positive
test_id_4561,"মুহাম্মদ তারেকুল ইসলাম ইমন, আমি একমত।",Positive
test_id_4562,"টেলিটক বাদে সব কোম্পানিকে বের করে দিতে হবে, দেশের টাকা দেশেই রাখতে হবে ।",Positive
test_id_4563,"সেইরাম রেজাল্ট, ফাটাফাটি, অস্থির ফলাফল!",Positive
test_id_4564,বাংলাদেশের সক্ষমতা বৃদ্ধি পাওয়ায় আমি দারুন খুশী। এগিয়ে চল বাংলাদেশ। শেখ হাসিনার সরকারকে ধন্যবাদ।,Positive
test_id_4565,"বংলাদেশ, পাকিস্তান এগিয়েছ, ভারত পিছিয়েছে।",Positive
test_id_4566,এগিয়ে যাও বাংলাদেশ।,Positive
test_id_4567,"বিবেক, এক ধাপ পিছিয়েও ভারত পাকিস্তানের চেয়ে ৭৫ ধাপ এগিয়ে আছে",Positive
test_id_4568,চোখে টিনের চশমা আর দলদাসরা তো কিছুই চোখে দেখবে না। বাংলাদেশ এগিয়ে যাবেই।,Positive
test_id_4569,সক্ষমতা বৃদ্ধি পেলেই লাভ কি!,Positive
test_id_4570,একটি ভালো উদ্যোগ এ রকম একটি পার্ক আমার দেশে দেখার অপেক্ষায় ছিলাম,Positive
test_id_4571,খুব ভাল একটি সুসংবাদ দেশের প্রতিভাবান তরুনদের জন্য এবং দেশের জন্য।,Positive
test_id_4572,জনগনের কথাই সাংবাদিকদের মাধ্যমে আপনাদের কানে যায় ।,Positive
test_id_4573,জনগণ আর খেলাপি ঋন ফেরত চায় না। খেলাপিদের ক্রস-ফায়ার চায় ।,Positive
test_id_4574,সব হিসাব সরল,Positive
test_id_4575,"একটি বড় কোম্পানীর মালিক সব সময়
 ,খুবই ভাল উদ্যোগ",Positive
test_id_4576,আমিও আপনার সাথে একমত পোষন করছি,Positive
test_id_4577,ব্যক্তিশ্রেণির করমুক্ত আয়সীমা কমপক্ষে পাঁচ লক্ষ করা দরকার,Positive
test_id_4578,করমুক্ত আয়সীমা বৃদ্ধি করা প্রয়োজন।,Positive
test_id_4579,"মিথ্যে কথা, ইউরোপের সবকয়টি দেশে প্রাকৃতিক গ্যাশ (সিএনজি) রান্নার কাজে ব্যবহার করে।",Positive
test_id_4580,"যুক্তরাষ্ট্রের ডলার খাবো, আর ওদের স্বার্থের বিরুদ্ধে লড়াই করবো এটাতো হতে পারে না ।",Positive
test_id_4581,বাংলাদেশের অর্থনীতি শক্ত বুঝা যায়। বিদেশী আয় ছারাও দেশেও অনেক ব্যবসা বারছে। গর্বের বিষয়।,Positive
test_id_4582,অর্থমন্ত্রী হওয়ার উদ্দেশ্যে আমি এমপি পদে নির্বাচন করব। আমাকে,Positive
test_id_4583,আপনিই কি সেই রূপম? আমার কেন জানি বিশ্বাস হচ্ছে না। শুভবোধের জয় হোক।,Positive
test_id_4584,"সাবধান করে দিচ্ছি, ভোটের দামও বাড়বে",Positive
test_id_4585,ভাই কোন ব্যাংকটাকে গিলে ফেলেছে একটু বলবেন কি?,Positive
test_id_4586,বিদ্যুতের দাম বাড়ালে বাকী সব কিছুর দাম কি স্থিতি থাকবে!,Positive
test_id_4587,"খাওয়া বন্ধ করুন, দাম বাড়াতে হবে না",Positive
test_id_4588,সব কিছুর একটা মেয়াদ থাকে,Positive
test_id_4589,নিজের পিঠে কিল পড়লে সবারই তখন হুশ হয়.,Positive
test_id_4590,নতুন শব্দ শিখেছেন কোয়ালিটি! কেয়ালিটি!,Positive
test_id_4591,সমস্যা হল এ ধরনের কাজের কৈফিয়ত দেয়ার সময় কর্মকর্তারা বাকি সবাইকে বেকুব ভাবেন।,Positive
test_id_4592,নাম বাবার নাম মিল আছে দেখে ভুল হইছে কিন্তু দুজনের চেহারাও কি একই রকম ???,Positive
test_id_4593,ঘটনার বিশ্লেষণে না গিয়ে শুধু বলবো- ক্রেডিট কার্ড কে না বলুন। এটা অাপনাকে অপব্যয়ী করবে।,Positive
test_id_4594,রোযা আসার পর জেনো দাম না বাড়ে সে জন্য সক্রিয় মনিটরিং সেল চালু রাখতে হবে,Positive
test_id_4595,শুধু উবার পাঠাও কেন?গনপরিবহন হিসেবে ব্যবহ্রত সকল যান-বাহন করমুক্ত করা হোক।করমুক্তের কারনে ভাড়াও কমানো হোক।,Positive
test_id_4596,বিশেষজ্ঞতা ও অভিজ্ঞতার সুষ্ঠ ব্যবহারের সুন্দর উদাহরণ অভিনন্দন !,Positive
test_id_4597,সবকিছু ব্যবসায়ীদের সিন্ডি্কেট নিয়ন্ত্রণ করছে। সিন্ডিকেটের বাইরে কেউ বেশী দাম দিয়ে কেনার সাহস করে না।,Positive
test_id_4598,এই জন্য কি কারো কিছু অাসে যায়?,Positive
test_id_4599,আমদানি নির্ভরতা কমাতে দেশীয় শিল্পের বিকাশের বিকল্প নেই।,Positive
test_id_4600,অন্যেরা কি অপরাধ করেছে?,Positive
test_id_4601,ভাল জনগনের সম্পদের উত্তম ব্যবহার। ধন্যবাদ মহান এই সরকারকে তাদের এই মহান উদ্যোগ এর জন্য।,Positive
test_id_4602,একই পদমর্যাদার অন্য কর্মকর্তারা কেন তা পাবেন না? এটা পুরোপুরি বৈষম্য!,Positive
test_id_4603,আরো কমবে। খামোখা গবেষণা করে লাভ নেই। ইন্টারনেট থাকতে কে যাবে কল করতে।,Positive
test_id_4604,ভয় পাব না খুশি হব বুঝতেছি না!,Positive
test_id_4605,সংবাদটি বিজ্ঞাপন আকারে প্রচারিত হলে মন্দ হতো না।।,Positive
test_id_4606,ব্যবসায়িরা এবার রাজনীতিবিদদের ছাড়িয়ে যাবে,Positive
test_id_4607,"দেশের উন্নয়ন চলছে, কথা বলা যাবে না।",Positive
test_id_4608,কর্মকর্তা দেন চাকরি থেকে বরখাস্ত করাটাই কি সমাধান দয়া করে দেশের সম্পদ,Positive
test_id_4609,এই রকর সাহসী অফিসার দেশে খুব দরকার!,Positive
test_id_4610,"একুনে শকুনের দৃষ্টি এখানেও পড়েছে, শীঘ্রই দেশে বৈধ সরকার দরকার",Positive
test_id_4611,মাত্র ৫ হাজার ১৩০ কোটি টাকা ব্যাপার না !,Positive
test_id_4612,ভালো চালিয়ে যান টাকা লাগলে দেবে গৌর সেন।,Positive
test_id_4613,ক্রস ফায়ার এর ব্যবহার এসব ক্ষেত্রে হলে ভাল হতো।অনিয়ম গুলো কমত।,Positive
test_id_4614,গ্রাহকদের চাহিদা সন্তুষ্টির বিষয়গুলো বিবেচনায় রেখে অপারেটরদের বিধিমালার আনার দরকার।,Positive
test_id_4615,যে পক্ষ অংশীদার হতে পারেনি তারা এইজন্য মার্কেটের পতন ঘটাচ্ছ।,Positive
test_id_4616,দেশের জিডিপিতে সরকারী চাকুরিজীবী এবং বেসরকারি চাকুরিজীবির অবদানের অনুপাত কত কেউ বলবেন?,Positive
test_id_4617,এখানে একেকজনের ভাব দেখে মনে হচ্ছে সরকারি চাকুরীজীবিরা কোন কাজ কাম করে না কিন্তু,Positive
test_id_4618,এ তো সোনায় সোহাগা হয়ে গেল!,Positive
test_id_4619,গার্মেন্সের জিএম বেতন পায় ৩ লাখ কিন্তু বছরে কয়মাস?,Positive
test_id_4620,শ্রমিকদের ভাষায় বলতে গেলে চাকা ঘুরলে টাকা। দেশের উন্নয়নের জন্য কারোরই অবদান কম নয়।,Positive
test_id_4621,তিন দশমিক পাঁচ শতাংশ কাদের টাকা ?,Positive
test_id_4622,সরকারের উচিত পারফর্মেন্সের ভিত্তিতে সুযোগ সুবিধা দেওয়া,Positive
test_id_4623,ভাই উনিতো লিখেছেন এটা আয়করের অতিরিক্ত হিসাবে আদায় করা হবে!   মোহাইমিনুর রহমান।,Positive
test_id_4624,খুবই ভালো উদ্যোগ। অন্তত ডিম দিবসটা সবাই মনে রাখবে।,Positive
test_id_4625,আমাদের আরও এগিয়ে যেতে হবে।,Positive
test_id_4626,যে দেশে ভোটার ১০ কোটির উপরে সেই দেশে জনসংখ্যা ১৬ কোটি হয কিভাবে?,Positive
test_id_4627,এগিয়ে যাও বাংলাদেশ। হয়ে ওঠো এশিয়ার নতুন জাপান।,Positive
test_id_4628,মেলা চলবে কত তারিখ পর্যন্ত? দয়া করে কেউ কি জানাবেন?,Positive
test_id_4629,পাচারকারীদের নাম খুঁজে বের করা খুব বেশী কঠিন কাজ না। এদের বিচারের আওতায় আনা উচিৎ।,Positive
test_id_4630,"মারহাবা, মারহাবা",Positive
test_id_4631,নতুন সংযোজন আশা করি সুষ্টু ভোট হলে ভোটাররা ভোট দিতে চিন্তা করে দিবেন!,Positive
test_id_4632,"এতদিন শুনতাম সব টাকা নাকি একা ভারতই নিয়ে যায়, এখন দেখছি ভিন্ন তথ্য",Positive
test_id_4633,নামটা আন্দালিব হলেও আসল পরিচয় কি?,Positive
test_id_4634,"পুরো রিপোর্টের মধ্যে কোনটাকে আপনি ধরবেন, পিউ রিসার্চের না ফারুক সোবহান সাহেবের বিইআইএর",Positive
test_id_4635,বাংলাদেশে কি এই সব কাজের যোগ্যতা সম্পন্ন লোকের অভাব ?,Positive
test_id_4636,১৫ বিলিয়ন ডলারে ১ লক্ষ ৩০ হাজার কোটি টাকা হয়।,Positive
test_id_4637,ইন্ডিয়ানদের কোথায় না পাওয়া যাবে এই বিশ্ব-ব্রহ্মাণ্ডে!,Positive
test_id_4638,"শুধু অফলাইন দুনিয়ার চাকরিই না, বিদেশের ভাবমূর্তি উজ্জ্বল করতে কমেন্ট সেকশনেও হাজির",Positive
test_id_4639,আমাদের ব্যবসায়ীরা দেশ ও জনগণকে কবে থেকে ভালবাসতে শুরু করবেন?,Positive
test_id_4640,১০ টাকায় চাল কবে খাব সেই আশায় বসে আছি।,Positive
test_id_4641,আমাদের চাহিদা ও লোভের শেষ,Positive
test_id_4642,২ টাকায় পাওয়ার আশায় বসে আছি।,Positive
test_id_4643,ভারতীয় বিনিয়োগে উৎপাদিত পণ্য ভারতে পুনঃ রপ্তানির মাধ্যমে দ্বিপক্ষীয় বাণিজ্য ঘাটতি কমানো সম্ভব ???????,Positive
test_id_4644,বিনিয়োগ কোন আবদারের বিষয় না। পূজি বিবেকহীন।।,Positive
test_id_4645,আপনারা যতই উদ্বেগ প্রকাশ করুন না কেন উন্নয়ন কিন্তু থামাতে পারবেন না।,Positive
test_id_4646,তিনি কি তামাকে আবার স্বর্ণে ফিরিয়ে আনতে পারবেন?,Positive
test_id_4647,সিতাংশুকেও বদল করা হোক,Positive
test_id_4648,দেশীয় ব্র্যান্ডের এ ধরণের সাফল্য অত্যন্ত আশাব্যঞ্জক। ইস্পাহানি মির্জাপুরকে অভিনন্দন।,Positive
test_id_4649,সাথে এশিয়ার আরেক পুজি বাজার ঢাকা স্টকের ও সূচক কমেছে,Positive
test_id_4650,ব্যঝলাম।সমস্যা টাকার অংকে না।নিয়মে।,Positive
test_id_4651,তোরা জাতে হল ঋষিতোরা বোনাস পাবি কিসিআমার সোনার বাংলাআমি তোমায় ভালবাসি।,Positive
test_id_4652,অনুপাত কমিয়ে বর্তমান স্কেলে দেয়া উচিত।,Positive
test_id_4653,আপনি তো দেখছি কেন্দ্রীয় ব্যাংক এবং কন্দ্রীয় ব্যাংকের কর্মকর্তা-কর্মচারী দের সম্পর্কে ব্যপক ধারনা রাখেন,Positive
test_id_4654,এত টাকা দিয়ে ওরা কি করবে ?,Positive
test_id_4655,এবারে মোটর সাইকেল বিক্রি আরো বেড়ে যাবে,Positive
test_id_4656,সাহসী নারীদের নামগুলি দিলেন না ।,Positive
test_id_4657,সরকারের অর্থ বছর পহেলা বৈশাখকে কেন্দ্র করে করলে ভাল হয়।,Positive
test_id_4658,সহনীয় পর্যায়ে ভ্যাট আরোপ করুন।,Positive
test_id_4659,দেশে তৈরী করে মুল্য কি কমানো হবে? ১০ হাজার টাকা কমিয়ে ক্রেডিট নেয়ার কিছু নাই।,Positive
test_id_4660,এটি দেশের বাজারে সুফল বয়ে আনবে।,Positive
test_id_4661,"সরকার বুঝলে ভালো, না বুঝলে আরো ভালো।",Positive
test_id_4662,বৈদেশিক মুদ্রার রিজার্ভ বড়ানোর উদ্যগ নিতে হবে ।,Positive
test_id_4663,৮০ থেকে ৭৮ এও নেমেছিলো,Positive
test_id_4664,"আশা করি নির্বাচনের (যদি নির্বাচন হয়, ভোট–ভোটার - প্রার্থী থাকার সম্ভাবনা থাকে)
 ,বিসমিল্লাহ গ্রুপ",Positive
test_id_4665,খুব ভাল উদ্যোগ। তবে দামটা আরেকটু কম হলে আরো ভাল হতো।,Positive
test_id_4666,অবসর সরকারি কর্মচারীদের জন্যও কি এটা প্রযোজ্য হবে?,Positive
test_id_4667,এটার কোনো দরকার নাই৷,Positive
test_id_4668,বিকাশে ভোটার আইডি বাধ্যতামূলক করা উচিত ।,Positive
test_id_4669,এর থেকেই বোঝা যাচ্ছে যে আগে কৃত্রিম ভাবে দাম বেশি বাড়ানো হয়েছিল।,Positive
test_id_4670,আয় কর ব্যয় করতোরা সব হায় কর,Positive
test_id_4671,খেলাপি ঋণের গ্রামীণ ও শহুরেদের অনুপাত কি?,Positive
test_id_4672,ভালো উদ্যোগ তবে একটি সর্বনিম্ন দাম নির্দিষ্ট করতে হবে এর জন্য।,Positive
test_id_4673,আপনার আয় কতো বাড়ল ??,Positive
test_id_4674,আহা কি আনন্দ আকাশে বাতাসে ! পাখি ডাকে ফুল ফুটে,Positive
test_id_4675,"তার মানে আজকের ডলার রেট অনুযায়ী আমার আয় হওয়া উচিৎ ‪১, ৪৭, ০১২ টাকা।",Positive
test_id_4676,ইসলামী ব্যাংকের নাম কি পরিবর্তন করা হবে?,Positive
test_id_4677,সহজ ব্যাংকিং ব্যাংকারদের হাতে ছেড়ে দিন । নেতাদের তদবির বাদ দিন ।,Positive
test_id_4678,২০২০ না এক বছরেই সম্ভব। শুধু একটা দুর্নীতি দমন অভিযান চালালেই হবে।,Positive
test_id_4679,"বাকি ২ ভাগের ১ ভাগ চীনে বাস করে, ২ দেশের জনসংখ্যা বেশি।",Positive
test_id_4680,অভিনন্দন  জনগণ   সরকার।,Positive
test_id_4681,"এটা সম্ভব শুধুমাত্র শেখ হাসিনার মতো লিডার দিয়ে, সাবাশ বাংলাদেশ।",Positive
test_id_4682,এই কৃতিত্ব বাংলাদেশের মেহনতী মানুষের আর শেখ হাসিনার সরকারের। জয় বাংলা।,Positive
test_id_4683,কথাগুলি শুনে আনন্দে বুকটা ভরে যাচ্ছে,Positive
test_id_4684,গত দশ বছরের লুট-পাট এবং,Positive
test_id_4685,সাথে মাথাপিছু খরচ টাও যদি হিসাব হতো তাহলে অনেক শুভঙ্করের ফাকি পরিষ্কার হয়ে যেত।,Positive
test_id_4686,"খুব ভাল খবর, শিল্প কারখানা হবে, নুতন কর্মসংস্থান হবে। স্বাগতম।",Positive
test_id_4687,বিদেশী বিনিয়োগ বাড়লে কর্মসংস্থান বাড়বে। বিশাল খবর।,Positive
test_id_4688,আদানির সাথে চুক্তির বিস্তারিত প্রকাশ করতে হবে।,Positive
test_id_4689,আম্বানির জিওকে বাংলাদেশে টেলিকমে আনতে পারলে বাংলাদেশের ইন্টারনেটের দাম জলভাত করে দেওয়া যাবে ।,Positive
test_id_4690,নির্বাচন শেষ হতে না হতেই,Positive
test_id_4691,রাজনৈতিক স্থিতিশীলতা বড় বিনিয়োগে আগ্রহের কারণ।,Positive
test_id_4692,"আমদের মিত্র দেশ, এটা কোন ঘটনাই না",Positive
test_id_4693,ভারতীয় পণ্যের উপরও শুল্ক আরোপ করা হোক। ট্রেডের ক্ষেত্রে বন্ধুত্ব বলে কিছু নেই।,Positive
test_id_4694,তারা পন্য এদেশ থেকে টাকা দিয়ে কিনে তারপর পরে।,Positive
test_id_4695,নিরাপদের জন্য কঠোর আইন প্রয়োগ করুন।,Positive
test_id_4696,এমন একটি উন্নয়নমূলক কাজের জন্য সরকারকে ধন্যবাদ,Positive
test_id_4697,উত্তরা মেট্রো রেল স্টেশন এর কাছে একোনমিকেল জোন করার মত ৩০ বিগা জায়গা আছে।,Positive
test_id_4698,প্রাণ এর পণ্য নিয়ে অসংখ্য অভিযোগ। আমরা মান নিয়ন্ত্রণকারী সংস্থা বিএসটিআই এর বক্তব্য শুনতে চাই।,Positive
test_id_4699,যারা টেষ্ট করবে সেই বিএসটিআই কি মানসম্পন্ন। খতিয়ে দেখা হোক।,Positive
test_id_4700,আমার করযোগ্য আয় ২৫১হাজার হলেই,Positive
test_id_4701,আসল কথা হল পাকিস্তানের ব্যাপারে ভারতের হাতে তেমন কোন অপশন নাই।,Positive
test_id_4702,আপনার কথাটাকে আমি % সমর্থন করছি তারিক-উল দা,Positive
test_id_4703,বুঝার জন্য ধন্যবাদ অভিষেক দাদা।,Positive
test_id_4704,"ভারত পাকিস্তান ম্যাচটা জমে উঠেছে। কিন্তু বুঝতে পারছি না এটা কি টেস্ট, ওডিআই নাকি টি-২০?",Positive
test_id_4705,ছাত্রছাত্রী ও মধ্যবিত্তরাও অনলাইন এ কেনাকাটা করে।,Positive
test_id_4706,দাম কমিয়ে আপনারা ব্যাংকের শেয়ার কিনেন।,Positive
test_id_4707,"যৌক্তিক প্রস্তাব, তা বাস্তবায়ন হলে ভোক্তা ও সরকার উভয়ের জন্যই ভালো হবে বলে মনে হয়।",Positive
test_id_4708,মানুষের নিরাপত্তার জন্য কি ধরণের বাজেট রাখা হয়েছে? (প্রশ্নটি অপ্রসাঙ্গিক নয়),Positive
test_id_4709,বড়,Positive
test_id_4710,আপনার দেখানো প্রকল্পে ভোটের হিসাব নাই তাই এগুলো সরকারের অগ্রাধিকার তালিকাতেও নাই।,Positive
test_id_4711,রানার অটোমোবাইলসের জন্য শুভ কামনা।,Positive
test_id_4712,খুবই ভাল উদ্যোগ। তবে প্রশ্ন হলঃ ইঞ্জিন কোন দেশের তৈরি?,Positive
test_id_4713,তার মানে খাদ্য সংকট নিয়ে জিয়ার করা টুইট অমূলক নয়!,Positive
test_id_4714,দেখা যাক দাম এখনই বাড়া শুরু হয়েছে,Positive
test_id_4715,এইতো সময় মতো মনে করে দিলেন! এখনতো বাড়বেই।,Positive
test_id_4716,তাই নাকি অলরেডি বেড়ে গেছে।,Positive
test_id_4717,"লুটপাট চলছে, চলবেই। পারলে ঠেকাও। না পারলে চুপ থাকো।",Positive
test_id_4718,তারেক আর খাম্বা মামুনের নাম জপ,Positive
test_id_4719,শিরোনাম অনেকটা এই রকম না? ‘গলাকাটা বৃদ্ধি পাওয়াই চক্ষুদাতার সংখ্যা বেড়ে গেছে’,Positive
test_id_4720,দেশ চালায় এইসব ব্যবসায়ীরা,Positive
test_id_4721,তার থেকে ভালো বলতেন 'গাছের লতা-পাতা খান'।,Positive
test_id_4722,টাকা না বদলিয়ে দিলে অভিযোগ কিভাবে এবং কোথায় করবো সেটা বলা থাকলে ভাল হতো।,Positive
test_id_4723,প্রথম আলো সহ জাতীয় দৈনিক গুলোর এই বিষয়ে,Positive
test_id_4724,অবশিষ্ট সব ব্যাংক এবং সরকারী দপ্তরের সিবিএ নেতাদের কার্যকলাপের জবাব নিতে হবে।,Positive
test_id_4725,ব্যাংকের কর্তা আর সিবিএ নেতাদের সাথে সম্পর্কটা কোথায়?কোথায়? মাসতুতো ভাই!,Positive
test_id_4726,ভালো কিছু বক্তব্য। আমলে কেউ কি নেবে?,Positive
test_id_4727,এটা তো বেশ পুরানো সংবাদ মনে হচ্ছে !,Positive
test_id_4728,জয়তু গীতা গোপীনাথ,Positive
test_id_4729,"বিরাট একটি ব্যাপার, মানুষ তার মেধা অধ্যাবসায় দিয়ে অনেক উপরে যেতে পারে।",Positive
test_id_4730,যেখানে ব্যাংক আমানতে সুদের হার ৫-৬% সেখানে ঋণের সুদ ৭-৮% হতে পারে এর বেশি নয়।,Positive
test_id_4731,নিজের নামে কয়টি সিম আছে সেটা অনুসন্ধান করা কি কোন কোড আছে?,Positive
test_id_4732,সহজ উত্তর ধরবে না। আপনার আর কিছু জানার আছে?,Positive
test_id_4733,এবার এগুলো দেখে তো একটা দলের গাত্রদাহ শুরু হবে তারা এসব নষ্ট করতে চাইবে,Positive
test_id_4734,জিনিসএর দাম কমালেই চলবে,Positive
test_id_4735,কর আদায়ে কঠোর পদক্ষেপ এখন কাম্য নয়! আগে জনগনকে কর প্রদানে উৎসাহী করতে হবে!,Positive
test_id_4736,জার্মানিরা নয় জার্মানরা,Positive
test_id_4737,"জার্মানি, ইতালি কি ইউরোপীয় ইউনিয়নের বাইরে!?",Positive
test_id_4738,এতেই প্রমাণ হয় বাংলাদেশ,Positive
test_id_4739,"সাবাশ, অনেক অভিন্দন রইলো।",Positive
test_id_4740,সাবাস বাংলাদেশ ।,Positive
test_id_4741,সব বিদেশী কোম্পানিকে বাংলাদেশে পণ্য বিক্রি করতে হলে বাংলাদেশে কারখানা বাসানোর আইন করতে হবে,Positive
test_id_4742,আপনি কেন অবসর নিচ্ছেন না,Positive
test_id_4743,আমেরিকান সাহায্যের জন্য বসে থাকবেন না প্লিজ।,Positive
test_id_4744,"জনাব, নাম প্রকাশে লজ্জিত রাবিশ, ব্যাংকগুলোর নাম বলুনতো দেখি?",Positive
test_id_4745,"সুপ্রভাত বাংলাদেশ। অদম্য, অপ্রতিরোধ্্য বাংলাদেশ্",Positive
test_id_4746,আজ সেয়ার বাজারে কত টাকা ছোট ব্যাবসায়ীদের হাত থেকে ঝানুদের হাতে গেল?,Positive
test_id_4747,এই কিছুদিন আগেই তো আমাদের মধ্যম আয়ের প্রোমোশন উপলক্ষে লেজার শো হল,Positive
test_id_4748,ফিনল্যান্ড কেন? এই গবেষণা করার ক্ষমতা বাংলাদেশেরই থাকা উচিত।,Positive
test_id_4749,এই ভাল খবরগুলো শত খারাপের মাঝেও বাংলাদেশকে নিয়ে এগিয়ে যাওয়ার সাহস যোগায় ।,Positive
test_id_4750,আরেকটি নতুন সম্ভাবনা। সরকারেরে উচিৎ আধুনিক প্রযুক্তির মাধ্যমে এই শিল্পের উন্নতিতে জোরালো ভুমিকা রাখা।,Positive
test_id_4751,ঘর পোড়ার মধ্যে আলুপোড়া দিতে চাইছে।,Positive
test_id_4752,"এই সাহায্য একটি ফাঁদ, স্থায়ীভাবে রোহিঙ্গাদের বাংলাদেশে রাখার। সাহায্য নয়, শরনার্থীদের সুষম বন্টন চাই।",Positive
test_id_4753,বিশ্বব্যাংকের প্রদেয় অর্থ তছরুপ করা যাবে না সেটা মনে রাখতে হবে।,Positive
test_id_4754,রোহিঙ্গা শরণার্থীদের সাহায্য নয় তাদের নিজ দেশে নিরাপত্তার সাথে বসবাসের ব্যবস্থার নিশ্চিত করুন ।,Positive
test_id_4755,খুবই ভাল খবর। প্রথম থেকেই সে সন্দেহের তালিকায় অন্যতম ছিল।,Positive
test_id_4756,জিনিসটা মানুষের খুবই গুরুত্বপূর্ণ একটা জিনিস।,Positive
test_id_4757,বাড়ি বানানোর জন্য লোন সুবিধাকেও সামনে আনতে প্রথম আলোর এগিয়ে আসলে ভালো।,Positive
test_id_4758,চট্টগ্রামেও মিনিসোর একটা শোরুম খোলার ব্যাবস্থা করুন।,Positive
test_id_4759,একবার চালু করে নামটা হলেই হবে!,Positive
test_id_4760,দেশি ব্র্যান্ড টেলিটকের ইন্টারনেট গতি ও মূল্য দুইটাই দারুণ। কিন্তু এই খবরটা অনেকই জানেন না।,Positive
test_id_4761,দল পরিবর্তন করে দেখতে পারেন।,Positive
test_id_4762,খুবই সুন্দর একটা খবর।,Positive
test_id_4763,ন্যায্য দাবীর আন্দোলনে আপনার বাড়িতে আগুন দিলে কি বলবেন তখন?,Positive
test_id_4764,ন্যায্য দাবীর জন্য রাস্তায় আন্দোলন করা আর গাড়ি–ফ্যাক্টরী ভাংচুর করা এক কথা নয়,Positive
test_id_4765,ভাংচুর এর অভ্যাস থেকে সবার বেরিয়ে আসা উচিত।,Positive
test_id_4766,অতি লোভে তাতীঁ নষ্ট।,Positive
test_id_4767,রুটি রুজির আন্দোলনে ষড়যন্ত্র ও উস্কানীদাতা খোঁজা হতেও বের হয়ে আসতে হবে,Positive
test_id_4768,আগুন নিয়ে খেলা বন্ধ হোক। বস্ত্র শ্রমিকদের গ্রেফতার প্রক্রিয়া বন্ধ হোক।,Positive
test_id_4769,তৃতীয় বিশ্বের উন্নয়নশীল দেশগুলোতে এমন ভর্তুকির নজির অহরহ। তবে,Positive
test_id_4770,"বেতন বৈশম্য সব ক্ষেত্রে- যেমন পোষাক খাতে, অন্যান্য চাকুরীজীবিদেরও কমানো উচিত।",Positive
test_id_4771,এগিয়ে যাও বাংলাদেশ- বাংলাদেশ ভালো থাকলে এই গ্রহের ১৭ কোটি মানুষ ভালো থাকবে।,Positive
test_id_4772,আহহ এমনি তো ছেলেরা কোটা আন্দোলন করছে না। যত মোয়া সব তো সরকারের বাড়ী।,Positive
test_id_4773,সেদিন আর বেশি দূরে নয়উচ্চবিত্ত ও নিম্নবিত্ত থাকবে।,Positive
test_id_4774,"আপনি যে আয় করছেন, এটা সরকার তথা সরকারি কমচারীদের গৃহীত প্রচেষ্টার ফল।",Positive
test_id_4775,এবার বুঝেছেন তো মানুষ সরকারী চাকুরি পেতে কেন বেশী আগ্রহী?,Positive
test_id_4776,বিদ্যুৎ কেন্দ্র নির্মান ও অবকাঠামোগত উন্নয়নকর্মে দেশের লক্ষ কর্মীর কর্মসংস্থান হবে,Positive
test_id_4777,রিদওয়ান বিবেকের মতো লোক গাছে ফলে না।,Positive
test_id_4778,পাকিস্তানের ইয়ারি দোস্ত চীনের লোন হলে উনাদের কাছে হালাল।,Positive
test_id_4779,কার কাছ থেকে লোন নিলে আপনার সুবিধা হয়?,Positive
test_id_4780,ভারতের এই ঋণের মুখে আমরা ছাই দেই।,Positive
test_id_4781,দাদা আপনার সাথে একমত হতে পারছিনা। বিশ্বব্যাংকের তথ্য অনুসারে ভারতের অবস্থান ২৪তম।,Positive
test_id_4782,"অনিচ্ছুক, বাংলাদেশকে
 ,ভারতীয় ঠিকাদার",Positive
test_id_4783,ভাই জাপানী সফটলোন নিতে,Positive
test_id_4784," বিবেক, আপনি যবে দেননি।",Positive
test_id_4785,মজিবর: আপনার উদ্দেশ্যটা ঝেড়ে কাশেন,Positive
test_id_4786,রিদওয়ান বিবেক: যাও না অন্য দেশের কাছে এই শর্তে ঋণ নেবার জন্যে কে মানা করছে?,Positive
test_id_4787,"আহ যদি পারতাম, ভারত আর এক্সিম ব্যাংককে বুকের সাথে জড়িয়ে রাখতাম সারাক্ষণ!",Positive
test_id_4788,সরকারের কাজ সরকারকেই করতে দিন। দেশ পরিচালনার জন্যই সরকারকে আমরা ভোট দিয়েছি।,Positive
test_id_4789,"মি: রূপম, আপনি ভোট দিয়েছেন? কোথায়? কোন আসনে?",Positive
test_id_4790,"কাজে লাগার মত তথ্য দিলেন, ধন্যবাদ।",Positive
test_id_4791,রাজাকারের মত দ্রুত বিচার করুন,Positive
test_id_4792,এসব মেলা আয়োজন করার জন্য ধন্যবাদ। তবে গৃহঋণ ও সুদের হার সহজ করাটা বিশেষ প্রয়োজন।,Positive
test_id_4793,“ কত কেরামতি জানোরে বান্দা কত কেরামতি জানো মাঝ দরীযায় জাল ফেলিযা ডাঙ্গায় বইসা টান,Positive
test_id_4794,এক নম্বর ঠিক করলে বাকি দুইটা ঠিক হয়ে যাবে,Positive
test_id_4795,লুটপাটের হুটোপাটি,Positive
test_id_4796,দেশীয় উদ্দোগতাদের প্রাধান্য দিতে হবে,Positive
test_id_4797,ভারত পৃথিবীর ২য় বৃহত্তম গো মাংস রপ্তানিকারি দেশ।,Positive
test_id_4798,চামড়ার দাম কত?,Positive
test_id_4799,আমাদের এ মাংস খাওয়া ঠিক হবে না।,Positive
test_id_4800,"মধ্যপ্রাচ্যে ইন্ডিয়ান বিফ নামে তাহলে কি মহিষের মাংস বিক্রি হয়, দাদা?",Positive
test_id_4801,তাও যদি কিছু কলঙ্ক মুছে।,Positive
test_id_4802,স্ক্যাম ও উন্নয়ন একে অপরের পরিপূরক,Positive
test_id_4803,"মোড়ক বদলে লাভ নেই, ভেতরের জিনিস বদলাতে হবে।",Positive
test_id_4804,"বৃক্ষ, তোমার নাম কী?ফলে পরিচয়।",Positive
test_id_4805,নাম বদল হলেই কি চরিত্র বদল হবে?,Positive
test_id_4806,কাজের কাজ কিছুই হবে না,Positive
test_id_4807,লাউয়ের নামই তো কদু!,Positive
test_id_4808,এই ছোট্ট দেশে এতো প্রাইভেট ব্যাংকের দরকার কি!,Positive
test_id_4809,দেশী পেঁয়াজ বলে কথা।,Positive
test_id_4810,সবাই ঢাকায় আসতে চায়।,Positive
test_id_4811,দেশে ফ্ল্যাট আর প্লট ছাড়া সাধারণ মানুষের বিনিয়োগের আর কোন জায়গা নাই।,Positive
test_id_4812,প্রত্যেক ব্যাংকে কমপক্ষে দুইজন এলিট হ্যাকার রাখা অত্যাবশ্যক।,Positive
test_id_4813,তাহলে চীন ও ভারতের জনসংখ্যা কিভাবে বাড়লো????,Positive
test_id_4814,ভালো পদক্ষেপ।তথ্য ডাটাবেজের আওতায় এবং প্রক্রিয়াটি অনলাইন ভিত্তিক করা হবে আশা করি।,Positive
test_id_4815,নিন্ম মানের সকল ইলেক্ট্রনিক্স পন্য আমদানী কঠোরভাবে নিয়ন্ত্রন করা দরকার।,Positive
test_id_4816,ফার্মাস ব্যাংক বন্ধ করে দিয়ে দেশে একটা উদহারন সৃষ্টি করা হোক।,Positive
test_id_4817,‘প্রশ্নোত্তর’ সেকশনটা ভালো লাগল। (প্রতিষ্ঠানগুলির নামের,Positive
test_id_4818,মধ্যস্বত্ত ভোগীদের হটাতে পারলেই এই বিশৃঙ্খলা দূর হবে,Positive
test_id_4819,যে টিকেট মূল্য দেওয়া হয়েছে তা কি সিংগেল নাকি ডাবল পার্সননুযায়ী?,Positive
test_id_4820,সিডিউল ঠিক রাখাই হচ্ছে বিমানের জন্য সবচেয়ে বড় চ্যালেঞ্জ।,Positive
test_id_4821,লেখাটা পড়ে খুব ভালো লাগলো। বাংলাদেশের জন্য অতল শুভকামনা,Positive
test_id_4822,এরকম নিউজ পেলে খুব ভাল লাগে।,Positive
test_id_4823,দেশের অর্থনীতির জন্য বিগত ১০ বছর ছিল মাইলফলক।এখন এটিকে এগিয়ে নেয়া প্রয়োজন।জয় বাংলা।,Positive
test_id_4824,যুক্তরাষ্ট্র এনং দক্ষিণ অ্যামেরিকাতেও সাইকেল রপ্তানী করার সুযোগ নিশ্চয় রয়েছে।,Positive
test_id_4825,সুপ্রভাত বাংলাদেশ। দেশ এগিয়ে যাবে এবং মধ্য আয়ের দেশে পরিনত হবে।,Positive
test_id_4826,খুচরা ব্যবসায়ীদের কারণে বাজার স্থিতিশীল রাখা কঠিন।,Positive
test_id_4827,প্রথম আলোকে ধন্যবাদ এসব তথ্য আমাদের সামনে তুলে ধরার জন্য।,Positive
test_id_4828,"রমজান বরকতময় মাস, ব্যাবসায়ীরা বরকত থেকে বঞ্চিত হবে কেন?",Positive
test_id_4829,দ্রুত ব্যবস্থা নেওয়া হোক,Positive
test_id_4830,"অতিরিক্ত দোকান ভাড়া, চাঁদাবাজি আর ব্যবসায় দালালদের নিমূল করেন। দাম এমনি-ই কমে যাবে।",Positive
test_id_4831,বছরের এই একটা মাস রোজাদারদের সেবা করার মানসিকতায়,Positive
test_id_4832,ছবি দেখে মনে হচ্ছে এখানে একটু পরেই যুদ্ধ হবে।,Positive
test_id_4833,চুরি করলেন আপনারা আর দোষ দিলেন প্রথম আলোর এংলিশে লিখেই কি নিজেদের ইস্মারট ভাবছেন?,Positive
test_id_4834,এই প্রতারণা বন্ধ করার জন্য কর্তৃপক্ষের উদ্যোগ নেয়া চাই,Positive
test_id_4835,অপারেটর নয় নিয়ন্ত্রক সংস্থা ও দায়ী।,Positive
test_id_4836,ভাইজান কোন মোবাইল অপারেটর কোম্পানিতে জব করেন ?,Positive
test_id_4837,খুবই গুরুত্বপূর্ণ প্রতিবেদন।,Positive
test_id_4838,"সেটা ঠিক আছে ভাই, কিন্তু সেরকম বিকাশ বা ডিবিবিএল একাউন্ট তো সবার থাকে না।",Positive
test_id_4839,সরি ভাই বিকাশ রকেট এর রিচার্জ কোন নির্দিষ্ট রিচার্জ অফার একটিভ হবে না,Positive
test_id_4840,উন্নয়নের গোমর ফাঁস,Positive
test_id_4841,মজুরী বৃদ্ধি অন্তত মুদ্রাস্ফীতি হার থেকে বেশী হতে হবে।,Positive
test_id_4842,যত-ই খায় পেট কিন্তু ভরে না।,Positive
test_id_4843,সৌদি খারাপ সৌদিরা খারাপ! তাদের রিয়াল মধু!,Positive
test_id_4844,ব্যবসা সহজকরার দুর্বলতা দূরকরা অতিকঠিন নয় সিঙ্গাপুরের বইথেকে একপাতা নিলে সাহায্যজনক হবে,Positive
test_id_4845,বিদায় জিপি অনেক বছর তোমার ফাত্রামি সহ্য করেছিএবার তুমি মুড়ি খাও,Positive
test_id_4846,আয় সীমা বাড়িয়ে ৩ লাখ পঞ্চাশ হাজার করা হোক,Positive
test_id_4847,প্রথম আলো কে ধন্যবাদ।এ বিষয়ে আরো রিপোট করতেনইলে পাবলিক ধরা খাবে।,Positive
test_id_4848,"জার্মানিতে গরুর মাংসের দাম  টাকা, বাংলাদেশে কিভাবে সম্ভব?",Positive
test_id_4849,ভোট ডাকাতির মাধ্যমে নির্বাচিত মেয়রের কাছে থেকে এর চেয়ে বেশি কি বা আশা করা যায়!,Positive
test_id_4850,"একই বিসিএস দিয়ে চাকুরিতে প্রবেশ হলেও, সবাই কিন্তু একই নম্বর পাননি।",Positive
test_id_4851,খুবই ভালো উদ্যোগ। সরকারি উচ্চপদস্থ কর্মচারীদের সবাইকেই এ সুযোগ প্রদান করা যেতে পারে।,Positive
test_id_4852,তাঁদের উপসচিব করা হয় কেন––জানতে চেয়ে রুল জারী করল বাংলাদেশের জনগণ।,Positive
test_id_4853,সনির প্রচার একটু বেশী হচ্ছে অন্যরা কি দোষ করেছে?,Positive
test_id_4854,সহজে হজম হয় সেভাবে খাওয়ার তরিকা বাতলে দেয়ার জন্য মনে হয়।,Positive
test_id_4855,একজনের সর্বোচ্চ একটি কমেন্টস প্রকাশ করা উচিত।,Positive
test_id_4856,ব্যাংক ডাকাতদের হাতে পরলে যা হবার তাই হয়েছে।,Positive
test_id_4857,ইসলামী ব্যাংক ছিলো বাংলাদেশের সর্বাধিক মুনাফাকারী ব্যাংক।,Positive
test_id_4858,এ দেখি অর্থনীতির পান্ডিত্যেও কম যান না !,Positive
test_id_4859,সরকারকে ধন্যবাদ। সরকার টাকাগুলো অন্য জায়গায় ঋণ হিসেবে দিয়ে সঠিক করেছে।,Positive
test_id_4860,সব খাওয়া শেষ হয়ে গেলে এমনিতেই বন্ধ হয়ে যাবে,Positive
test_id_4861,রুপম এখন অর্থনিতিবিদ,Positive
test_id_4862,ইতিহাস ও পরবর্তী প্রজন্ম তাদের ক্ষমা করবে না,Positive
test_id_4863,"এ দেশে নয়, এ সময়ে স্বাভাবিক!",Positive
test_id_4864,আপনি কি হুসে আছেন?,Positive
test_id_4865,মাথার ঘাম পায়ে ফেলার কি দরকার ?,Positive
test_id_4866,"এমন একটা শিরনামের অপেক্ষায় ছিলাম, কিন্তু এত তাড়াতাড়ি যে পেয়ে যাব তা ভাবিনী!",Positive
test_id_4867,"আমরা তো উন্নয়নশীল দেশ, ব্যাপার না।",Positive
test_id_4868,"ধ্বংস সবাই করতে পারে, গড়তে সবাই পারে না।",Positive
test_id_4869,ভারত ৬ হাজার কোটি টাকায় ব্রহ্মপুত্র নদের উপর রেল সংযোগ সহ বহুমুখী সেতু করেছে।,Positive
test_id_4870,ভেজাল ইলিশ আমদানি নিষিদ্ধ করা হোক।,Positive
test_id_4871,"তবে যে ব্যান্ডউইথ ভারতে রপ্তানির কথা শুনেছিলাম, সেটা কী",Positive
test_id_4872,এগিয়ে যাও। তোমরাই হবে আমাদের ভবিষ্যতের গর্ব।,Positive
test_id_4873,যারা এক মাস ঘটনা লুকিয়ে রেখে ছিলেন তাদের বিষয়ে কি করবেন?,Positive
test_id_4874,"ভালো সিদ্ধান্ত, তবে দেশের ভেতরের জড়িতগুলারে শাস্তি দিবেন কবে?",Positive
test_id_4875,রিজার্ভ চুরির সকল অর্থ ফিরিয়ে আনতে হবে ও দোষীদের শাস্তির ব্যবস্থা করতে হবে।,Positive
test_id_4876,বাংলাদেশ এগিয়ে যাবে এটাইতো প্রত্যাশা সরকারকে ধন্যবাদ।,Positive
test_id_4877,নরওয়ের রিজার কত জানেন ঃ এক লাখ কোটি ডলার।,Positive
test_id_4878,এপিজে আবুল কালাম বলেছিলেন ছোট স্বপ্ন দেখাও এক ধরনের অপরাধ।ঢাকা চট্রগ্রাম মেগ লাইভ রেল চাই।,Positive
test_id_4879,বিএনপির পর বর্তমান সরকার কি পরমিান লোক পাঠায়ছে?,Positive
test_id_4880,আশাকরি এই রিজার্ভ,Positive
test_id_4881,ব্যবসায়ি মুসা সমশেরের ১২০০কোটি ডলার আনতে পাড়লে রিজার্ভ হবে৫০০০কোটি ডলার।,Positive
test_id_4882,ভাই আপনাকে পেলাম একজন গঠনমুলক সমালোচক ।এমন ভালো সমালোচনা শুনতে সবারি ভালো লাগে ।,Positive
test_id_4883,তাই!তাইলে খরচ করার জন্য আপনারে লাগাই দিলেই হয়!,Positive
test_id_4884,ভারতীয় নতুন গাড়ির চেয়ে জাপানী পুরাতন ঢের বেশী ভাল।,Positive
test_id_4885,"প্রতি মাসে ৭৫ থেকে ৮০ লাখ টাকার পণ্য রপ্তানী করেন, আয় করেন না।",Positive
test_id_4886,ভাল উদ্যোগ। এতে করে পরিবেশ যদি একটু প্লাস্টিক মুক্ত হয়।,Positive
test_id_4887,কিসের মাঝে কি,Positive
test_id_4888,"তিনি বলেন, যেকোনোভাবেই একে রক্ষা করতে হবে।তাহলে শেয়ার ছাড়াও টাকা দেওয়া যেতে পারে",Positive
test_id_4889,ব্যাংক ডাকাতদের আইনের অাওতায় আনা বাঞ্চনীয়,Positive
test_id_4890,রাষ্ট্রায়ত্ত ব্যাংকের টাকা কারো সম্পত্তি নয় যে ইচ্ছে মত খরচ করবেন !,Positive
test_id_4891,"দুনিয়াটা মস্ত বড়, খাও দাও ফূর্তি কর",Positive
test_id_4892,"গর্বে বুকটা ভরে গেল, কিন্তু দুঃখ হলো তিনি সিংগাপুরের স্থায়ী বাসিন্দা হলেন কেন?",Positive
test_id_4893,ঢালাওভাবে সবাইকে সনদধারী প্রকারন্তরে ভুয়া,Positive
test_id_4894,"জাপান বাংলাদেশ এর ভালো বন্ধু,",Positive
test_id_4895,"সমস্যা কি? পদ্মাসেতু তো হচ্ছে, তাই না?",Positive
test_id_4896,"তাহলে, ফিলিপাইনে বিচার ব্যবস্থা ভালভাবেই টিকে আছে।",Positive
test_id_4897,"ঠিক কী ধরনের বিশেষ ফিচার এই বিমানে আছে, তা রিপোর্টে উল্লেখ করলে ভালো হতো",Positive
test_id_4898,চা শ্রমিকদের ন্যায্য মজুরি নিশ্চিত করলে শ্রীলঙ্কার মতো চা নির্ভর অর্থনীতি তৈরি সম্ভব।,Positive
test_id_4899,চা শ্রমিকদের জন্য কোন সুসংবাদ?,Positive
test_id_4900,দ্রুত কার্যকর করার জোর দাবি জানাচ্ছি,Positive
test_id_4901,ধন্যবাদ। সব প্রতিষ্ঠানকে এভাবে এগিয়ে আসা উচিত।,Positive
test_id_4902,ওদের অফিস কোথায়? ঋণ নিয়ে বাড়ি কিনতে চাই।,Positive
test_id_4903,উপজেলা পর্যায়ে কি লোন দেয়া হয়?,Positive
test_id_4904,"আমাজনের প্রতিষ্ঠাতা ও সিইও জেফ আপনি তরুন অনলাইন উদ্যাগদার দের অনুপ্রেরনা,",Positive
test_id_4905,তবে,Positive
test_id_4906,তাদের সম্পদের মূল্য কয় কোটি টাকা?,Positive
test_id_4907,দন্ডনীয় অপরাধীদের দন্ড হবে কি ?,Positive
test_id_4908,গলদ শোধরাবার জন্যে গলদকারীদের দ্রুত গারদে পোরা হোক।,Positive
test_id_4909,ব্যাবসায় বিশ্বাস ধরে রাখতে খুব জরুরি,Positive
test_id_4910,এখনো মানুষ শেয়ারে ইনভেষট করে,Positive
test_id_4911,"চারিদিকে একি শুনি, উন্নয়নের জয় ধ্ব।",Positive
test_id_4912,চোর তো চোর ই,Positive
test_id_4913,২০১৭ ছিল ব্যাংক ডাকাতি আর ধরষণের বছর। ব্যাংক ডাকাতদের রুখে দিন।ধরষকদের রুখে দিন।,Positive
test_id_4914,আপনার সাথে সহমত পোষণ করলাম।,Positive
test_id_4915,কবে ও কে খারাপ ব্যবহার করছে জানাবেন?,Positive
test_id_4916,"ভুল বললেন, এরা আপনার আমার ট্যাক্সের টাকায় চলে।",Positive
test_id_4917,পায়রা এবং মংলা বন্দর কি ব্যাবহার করা যেতে পারে না ?,Positive
test_id_4918,পায়রা এখনো চালু হয়েছে কি?,Positive
test_id_4919,"পরে সন্মাননা, আগে সাধারণ করদাতাদের হয়রানির পরিবেশ দূর করতে হবে ।",Positive
test_id_4920,উৎপাদনের নিয়ম সব জেলায় ছড়িয়ে দিতে হবে।,Positive
test_id_4921,বাজারের নিয়ন্ত্রন থাকা উচিৎ সরকারের হাতে,Positive
test_id_4922,"বাজারে মুগ দালের দাম অনেক বেশি, অবিলম্বে মুগ ডাল রপ্তানি বন্ধ করা হোক",Positive
test_id_4923,এটা কি বন্ধ করা যায়? যেকোন মূল্যে একে বাঁচাতে হবে।,Positive
test_id_4924,ব্যাংকগুলিকে যারা নিয়মিত মিনিটরিং করে তাদেরকে এ বিষয়ে জবাবদিহিতার আউতায় আনা হোক।,Positive
test_id_4925,মাংশের দাম বাড়াতে ভালই হয়েছে । মানুষ মিতব্যয়ী হতে শিখবে ।,Positive
test_id_4926,ধন্যবাদএটাই সঠিক সিদ্ধান্ত,Positive
test_id_4927,এই হচ্ছে সবকিছুর মধ্যে ধর্ম সেঁধিয়ে দেয়ার খেসারত।,Positive
test_id_4928,মাঝখান থেকে বাংলাদেশের কিছুটা লাভ হবে।জদিও তাহা সল্পমেয়াদি।।,Positive
test_id_4929,"যাক, বিপদের তালিকায় বাংলাদেশের নাম নেই! মহান আল্লাহর নিকট হাজার শুকরিয়া এবং জয়তু শেখ হাসিনা।",Positive
test_id_4930,এখানে কি মুরগীর বিজ্ঞাপন দেয়া হল?,Positive
test_id_4931,লেখাটা বিশ্লেষণমূলক না বিজ্ঞাপনমূলক।,Positive
test_id_4932,এদেশে দুকোটি টাকাও মাঝেমাঝে মহা মূল্যবান হয়।,Positive
test_id_4933,রোহিঙ্গাদের বেশি করে আলু খাবার ব্যাবস্থা করা যেতে পারে,Positive
test_id_4934,ইসলামে সুদকে সম্পূণ' হারাম বলা আছে। সরকার কেন ব্যাংকিং খাতে সুদ লেনদেন চালু রেখেছে?,Positive
test_id_4935,ঐটাও আবার জনতা ব্যাংকের ঋনের টাকাতেই হবে।,Positive
test_id_4936,"সঠিক বলেছেন ভাই, বাঙালির বিদেশ প্রীতি যে কবে শেষ হবে।",Positive
test_id_4937,ধন্যবাদ! এনবিআরকে। এই উদ্যোগটি আগেই নেওয়া উচিত।,Positive
test_id_4938,৫% এর বেশী কোন ভ্যাট নয়। বাংলার মানুষ বাঁচতে চায়।,Positive
test_id_4939,"ধন্যবাদ, সত্য বলার জন্য।",Positive
test_id_4940,পাইকারি বাজারের ২ ১ টাকা কমলে কি হবে? খুচরো বাজারে কমার নিশ্চয়তা কে দিবে?,Positive
test_id_4941,এই দায় সরকার নেবে না,Positive
test_id_4942,দেশে অনির্বাচিত সরকার থাকলে বৈষম্য কমবে না বৈ বাড়বে,Positive
test_id_4943,"কেনো ভাই বিসিক, কি সমস্যা তোমাদের, ব্যাবসায়ী-বিনিয়োগকারীদের ১২টা বাজাতে তোমাদের এতো কেনো ভাল লাগে?",Positive
test_id_4944,বাংলাদেশের শ্রমিকদের সর্বনিম্ন মজুরি ১৫হাজার করা উচিত।,Positive
test_id_4945,বাংলাদেশের কর্মকর্তারা ছিল এর পিছনে,Positive
test_id_4946,এইসবই বর্তমান সরকারের অবদানরে কল্যাণেই হয়েছে,Positive
test_id_4947,শেখ আবদুল হাই বাচ্চুর খুটির জোর কোথায় তা খুজে বের করা দরকার।,Positive
test_id_4948,২০১৪ সালের ফেব্রুয়ারি মাসে আমি মোটামুটি ফাঁকাই পেয়েছিলাম।,Positive
test_id_4949,"ভালো কমেন্ট, কিন্তু বাংলায় করলে ভালো হতো",Positive
test_id_4950,গুগলের গোষ্ঠী উৎপাটন জরুরী হয়ে পড়েছে।,Positive
test_id_4951,দেশি গরুতে চাহিদা মিটবে না,Positive
test_id_4952,পর্যটন বাড়ানো দরকার। শুধু হোটেল হলে কি হবে?,Positive
test_id_4953,ব্যাংকের টাকা লুটেরাদের তালিকা দুদকে জমা দেন । দেখেন দুদক কি করে ।।,Positive
test_id_4954,"নতুন তিনটি ব্যাংকের অনুমোদন দেওয়া হয়েছে, আপনার দাবীর তালিকায় এদের অগ্রিম যুক্ত করে রাখুন।",Positive
test_id_4955,একজন তরুণ আধুনিক ডিজিটাল অর্থমন্ত্রী চাই!,Positive
test_id_4956,বাংলাদেশীদের আমানত মনে হয় বেড়েছে।,Positive
test_id_4957,জনগনের প্রত্যাশা নিত্য প্রয়োজনীয় পন্যদ্রব্য ক্রয়সীমার মধ্যে থাকবে।,Positive
test_id_4958,"চা–এর রাজধানীতেই নিলাম ছিল না, এটাই বিস্ময় ছিল। সরকার এটাতে সাধুবাদ পাবে।",Positive
test_id_4959,নিলাম র্কাযত্রমে ঢাকাকে কি সম্পৃক্ত করা যায়না?,Positive
test_id_4960,একজন হারকিউলিস চাই দুদকে।,Positive
test_id_4961,আহারে!এই সব অলীক স্বপ্নের পিছনে,Positive
test_id_4962,"গুগলের শুভ উদ্যেগ, অপরাধের পাশাপাশি ঝামেলাকর অ্যাপস গুলো মুক্ত হবে।",Positive
test_id_4963,চুক্তিটি নাভানা এর সাথে হয়েছে। টয়োটা এর সাথে নয়,Positive
test_id_4964,"চুক্তিটি টয়োটার সাথে নয়, হয়েছে টয়োটার আমদানী কারক নাভানা লিমিটেড এর সাথে।",Positive
test_id_4965,এইটা আইনা কি হইব সেটা কেমনে জানতে পারব ।,Positive
test_id_4966,কারো উচিৎ নয় কোনও দেশের মানুষকে অপমাণ করা।,Positive
test_id_4967,পৃথিবীতে সবচেয়ে বেশী বৈদেশিক মুদ্রা রিজার্ভার চীন।,Positive
test_id_4968,কথাটা খারাপ বলে নাই।,Positive
test_id_4969,সত্য কঠিন হলেও মেনে নিতে হবে।,Positive
test_id_4970,কথাটা কি মিথ্যা?,Positive
test_id_4971,কথা তো সত্যই।,Positive
test_id_4972,আপোর মন্তব্য যথার্থ। এ ব্যাপারটার উপর জনমত জরীপ হতে পারে।,Positive
test_id_4973,"আমারে ফোন দিয়েন কমে দিমু, মার্কেটে যা চলে তার থেইকা কম ! ৯০ হাজার",Positive
test_id_4974,কয়েকটা বাদে প্রায় সবগুলাই কম বেশি জানা রয়েছে।,Positive
test_id_4975,ধন্যবাদ প্রথম আলোর সাংবাদিককে যিনি প্রতিবেদনটি লিখছেন।,Positive
test_id_4976,খুব ভালো একটা উপদেশ।,Positive
test_id_4977,প্রয়োজনীয় সফটওয়্যার সম্পর্কে ধারণা দেওয়ার জন্য প্রথম আলোকে ধন্যবাদ।,Positive
test_id_4978,অনেক ধন্যবাদ প্রথম আলোকে,Positive
test_id_4979,অবশ্যই ভুয়া খবর প্রচার নিয়ন্ত্রণ করতে হবে।,Positive
test_id_4980,তোশিবা এর পরে মটোরোলা এট্রিক্স ফোন ২০১১ সালে ফিঙ্গার প্রিন্ট সংযযুক্ত ফোন বাজারে ছাড়ে।,Positive
test_id_4981,আইফোন ছাড়াও জীবন চলে। যেমন স্যামসাং এস সিক্স এজ :),Positive
test_id_4982,অবসরপ্রাপ্ত সরকারী কর্মচারীদের পেনশন স্কীমে সুদের হার না কমানোর জন্য অনুরোধ করছি। বিষয়টি মানবিক।,Positive
test_id_4983,"পিছনে ৮ মেগা পিক্সেল নয়, ১৬ মেগা পিক্সেল ক্যামেরা হবে।",Positive
test_id_4984,তথ্য উপাত্ত সংবলিত খবর। বাংলাদেশে ই-কমার্স ভবিষ্যৎ অনেক উজ্বল।,Positive
test_id_4985,বাংলাদেশে এটা ভাল মারকেট পাবে,Positive
test_id_4986,"স্থানীয় উদ্যোক্তা হতে চাই, কিভাবে যোগাযোগ করতে পারি ।",Positive
test_id_4987,"স্থানীয় উদ্যোক্তা হতে আমি আগ্রহী, কিভাবে উনাদের সাথে যোগাযোগ করব?",Positive
test_id_4988,বিটিআরসির উচিৎ এইসব অসার দাবি মনিটর করা আর জরিমানা করা,Positive
test_id_4989,সবকিছুতেই পরিমিতি বোধ থাকতে হবে। তবেই তা থেকে ভাল কিছু পাওয়া যাবে।,Positive
test_id_4990,আমার পাসওয়ার্ড এতই কঠিন যে আমি নিজেই মাঝে-মাঝে মনে করতে পারি না,Positive
test_id_4991,বাড়তি থ্যাংকফুল বাটন চালু ছিল কয়েকদিন।,Positive
test_id_4992,একঘেয়েমি কাটাতে কিছুদিন ফিচার ফোন ব্যাবহার করে দেখতে পারেন।,Positive
test_id_4993,অনেক ধন্যবাদ প্রথম আলোকে । এক সাথে এমন সুন্দর ভাবে দাম সহ জানানোর জন্য।,Positive
test_id_4994,"নো ফেসবুক, নো টেনশন।",Positive
test_id_4995,চীনের জিজিয়াং আছি। হাংজু অনেক সুন্দর হাংজু দিযে হুজোতে আসছি।,Positive
test_id_4996,দাঁড়ানো তিন গুণ শক্তিশালী যুবক ওর হাত ।,Neutral
test_id_4997,তিন গুণ শক্তিশালী যুবক ওর হাত ধরে ।,Neutral
test_id_4998,গুণ শক্তিশালী যুবক ওর হাত ধরে টেনে ।,Neutral
test_id_4999,শক্তিশালী যুবক ওর হাত ধরে টেনে ওঠানোর ।,Neutral
test_id_5000,যুবক ওর হাত ধরে টেনে ওঠানোর চেষ্টা ।,Neutral
test_id_5001,ওর হাত ধরে টেনে ওঠানোর চেষ্টা করছেন ।,Neutral
test_id_5002,চলন্ত ট্রেনের দরজায় দাঁড়ানো তিন গুণ শক্তিশালী যুবক ।,Neutral
test_id_5003,ট্রেনের দরজায় দাঁড়ানো তিন গুণ শক্তিশালী যুবক ওর ।,Neutral
test_id_5004,দরজায় দাঁড়ানো তিন গুণ শক্তিশালী যুবক ওর হাত ।,Neutral
test_id_5005,দাঁড়ানো তিন গুণ শক্তিশালী যুবক ওর হাত ধরে ।,Neutral
test_id_5006,তিন গুণ শক্তিশালী যুবক ওর হাত ধরে টেনে ।,Neutral
test_id_5007,গুণ শক্তিশালী যুবক ওর হাত ধরে টেনে ওঠানোর ।,Neutral
test_id_5008,শক্তিশালী যুবক ওর হাত ধরে টেনে ওঠানোর চেষ্টা ।,Neutral
test_id_5009,যুবক ওর হাত ধরে টেনে ওঠানোর চেষ্টা করছেন ।,Neutral
test_id_5010,আর অতিশয় পরোপকারী যুবকটি যেন মনে মনে ।,Neutral
test_id_5011,অতিশয় পরোপকারী যুবকটি যেন মনে মনে বলছেন ।,Neutral
test_id_5012,আর অতিশয় পরোপকারী যুবকটি যেন মনে মনে বলছেন ।,Neutral
test_id_5013,‘আমার মায়ের নোলক ছাড়া ঘরকে যাব না ।,Neutral
test_id_5014,এই টানাটানিতে যেকোনো মুহূর্তে ঘটতে পারে মারাত্মক ।,Neutral
test_id_5015,টানাটানিতে যেকোনো মুহূর্তে ঘটতে পারে মারাত্মক দুর্ঘটনা ।,Neutral
test_id_5016,এই টানাটানিতে যেকোনো মুহূর্তে ঘটতে পারে মারাত্মক দুর্ঘটনা ।,Neutral
test_id_5017,চোখের সামনে এই দৃশ্য দেখে আমাদের শরীর ।,Neutral
test_id_5018,সামনে এই দৃশ্য দেখে আমাদের শরীর অবশ ।,Neutral
test_id_5019,এই দৃশ্য দেখে আমাদের শরীর অবশ হয়ে ।,Neutral
test_id_5020,দৃশ্য দেখে আমাদের শরীর অবশ হয়ে আসছে ।,Neutral
test_id_5021,চোখের সামনে এই দৃশ্য দেখে আমাদের শরীর অবশ ।,Neutral
test_id_5022,সামনে এই দৃশ্য দেখে আমাদের শরীর অবশ হয়ে ।,Neutral
test_id_5023,এই দৃশ্য দেখে আমাদের শরীর অবশ হয়ে আসছে ।,Neutral
test_id_5024,শত শত লোক দেখছে আর হায় হায় ।,Neutral
test_id_5025,শত লোক দেখছে আর হায় হায় করছে ।,Neutral
test_id_5026,শত শত লোক দেখছে আর হায় হায় করছে ।,Neutral
test_id_5027,উত্তেজনা যখন চরমে ঠিক তখন .তখনই আমাদের সহজাত ।,Neutral
test_id_5028,যখন চরমে ঠিক তখন .তখনই আমাদের সহজাত বোকাসোকা ।,Neutral
test_id_5029,চরমে ঠিক তখন .তখনই আমাদের সহজাত বোকাসোকা বন্ধুটি ।,Neutral
test_id_5030,ঠিক তখন .তখনই আমাদের সহজাত বোকাসোকা বন্ধুটি আমাদের ।,Neutral
test_id_5031,তখন .তখনই আমাদের সহজাত বোকাসোকা বন্ধুটি আমাদের ছেড়ে ।,Neutral
test_id_5032,আমাদের সহজাত বোকাসোকা বন্ধুটি আমাদের ছেড়ে চলে ।,Neutral
test_id_5033,সহজাত বোকাসোকা বন্ধুটি আমাদের ছেড়ে চলে গেল ।,Neutral
test_id_5034,উত্তেজনা যখন চরমে ঠিক তখন .তখনই আমাদের সহজাত বোকাসোকা ।,Neutral
test_id_5035,যখন চরমে ঠিক তখন .তখনই আমাদের সহজাত বোকাসোকা বন্ধুটি ।,Neutral
test_id_5036,চরমে ঠিক তখন .তখনই আমাদের সহজাত বোকাসোকা বন্ধুটি আমাদের ।,Neutral
test_id_5037,ঠিক তখন .তখনই আমাদের সহজাত বোকাসোকা বন্ধুটি আমাদের ছেড়ে ।,Neutral
test_id_5038,তখন .তখনই আমাদের সহজাত বোকাসোকা বন্ধুটি আমাদের ছেড়ে চলে ।,Neutral
test_id_5039,আমাদের সহজাত বোকাসোকা বন্ধুটি আমাদের ছেড়ে চলে গেল ।,Neutral
test_id_5040,একটা লাফ দিয়ে চট্টগ্রামের ট্রেনে উঠে পড়ল ।,Neutral
test_id_5041,লাফ দিয়ে চট্টগ্রামের ট্রেনে উঠে পড়ল ও ।,Neutral
test_id_5042,একটা লাফ দিয়ে চট্টগ্রামের ট্রেনে উঠে পড়ল ও ।,Neutral
test_id_5043,এই প্রথম আলিনূর আমাদের কাছে একটা বুদ্ধিমান ।,Neutral
test_id_5044,প্রথম আলিনূর আমাদের কাছে একটা বুদ্ধিমান হিরো ।,Neutral
test_id_5045,আলিনূর আমাদের কাছে একটা বুদ্ধিমান হিরো হয়ে ।,Neutral
test_id_5046,আমাদের কাছে একটা বুদ্ধিমান হিরো হয়ে গেল ।,Neutral
test_id_5047,এই প্রথম আলিনূর আমাদের কাছে একটা বুদ্ধিমান হিরো ।,Neutral
test_id_5048,প্রথম আলিনূর আমাদের কাছে একটা বুদ্ধিমান হিরো হয়ে ।,Neutral
test_id_5049,আলিনূর আমাদের কাছে একটা বুদ্ধিমান হিরো হয়ে গেল ।,Neutral
test_id_5050,বুকের খাঁচায় অনেকক্ষণ আটকা থেকে একটা বিশাল ।,Neutral
test_id_5051,খাঁচায় অনেকক্ষণ আটকা থেকে একটা বিশাল দীর্ঘশ্বাস ।,Neutral
test_id_5052,অনেকক্ষণ আটকা থেকে একটা বিশাল দীর্ঘশ্বাস আঁকুপাকু ।,Neutral
test_id_5053,আটকা থেকে একটা বিশাল দীর্ঘশ্বাস আঁকুপাকু করছিল ।,Neutral
test_id_5054,বুকের খাঁচায় অনেকক্ষণ আটকা থেকে একটা বিশাল দীর্ঘশ্বাস ।,Neutral
test_id_5055,খাঁচায় অনেকক্ষণ আটকা থেকে একটা বিশাল দীর্ঘশ্বাস আঁকুপাকু ।,Neutral
test_id_5056,অনেকক্ষণ আটকা থেকে একটা বিশাল দীর্ঘশ্বাস আঁকুপাকু করছিল ।,Neutral
test_id_5057,এবার তাকে মুক্ত করে দিয়ে আমি বন্ধুদের ।,Neutral
test_id_5058,তাকে মুক্ত করে দিয়ে আমি বন্ধুদের বললাম ।,Neutral
test_id_5059,এবার তাকে মুক্ত করে দিয়ে আমি বন্ধুদের বললাম ।,Neutral
test_id_5060,তাও এই গলিটাকে এখনো বটগাছের গলি বলে ।,Neutral
test_id_5061,এই গলিটাকে এখনো বটগাছের গলি বলে মানুষজন ।,Neutral
test_id_5062,তাও এই গলিটাকে এখনো বটগাছের গলি বলে মানুষজন ।,Neutral
test_id_5063,বাড়িওয়ালা ভাই তাঁদের বিল্ডিংটা ডেভেলপারদের দিয়ে দিয়েছেন ।,Neutral
test_id_5064,অমুক দিনের মধ্যে বাসা ছেড়ে দিতে হবে ।,Neutral
test_id_5065,একটু আগে থেকে আবার ঝুপঝুপ করে হচ্ছে ।,Neutral
test_id_5066,রাজা ভাই পণ করেছেন ইয়াহুদি মেনুহিন হবেন ।,Neutral
test_id_5067,তাঁর বেহালা শুনে অতিষ্ঠ হয়ে নিচে নেমে ।,Neutral
test_id_5068,বেহালা শুনে অতিষ্ঠ হয়ে নিচে নেমে দেখি ।,Neutral
test_id_5069,শুনে অতিষ্ঠ হয়ে নিচে নেমে দেখি ঝুপঝুপ ।,Neutral
test_id_5070,তাঁর বেহালা শুনে অতিষ্ঠ হয়ে নিচে নেমে দেখি ।,Neutral
test_id_5071,বেহালা শুনে অতিষ্ঠ হয়ে নিচে নেমে দেখি ঝুপঝুপ ।,Neutral
test_id_5072,সিক্স সিজনসের গেটের সামনে দেখি খালাম্মা দাঁড়িয়ে ।,Neutral
test_id_5073,সিজনসের গেটের সামনে দেখি খালাম্মা দাঁড়িয়ে আছেন ।,Neutral
test_id_5074,সিক্স সিজনসের গেটের সামনে দেখি খালাম্মা দাঁড়িয়ে আছেন ।,Neutral
test_id_5075,শিল্পী আপার মেয়ে নীড় এবং নীড়ের বাবা ।,Neutral
test_id_5076,আপার মেয়ে নীড় এবং নীড়ের বাবা জহির ।,Neutral
test_id_5077,মেয়ে নীড় এবং নীড়ের বাবা জহির ভাই ।,Neutral
test_id_5078,নীড় এবং নীড়ের বাবা জহির ভাই থাকেন ।,Neutral
test_id_5079,শিল্পী আপার মেয়ে নীড় এবং নীড়ের বাবা জহির ।,Neutral
test_id_5080,আপার মেয়ে নীড় এবং নীড়ের বাবা জহির ভাই ।,Neutral
test_id_5081,মেয়ে নীড় এবং নীড়ের বাবা জহির ভাই থাকেন ।,Neutral
test_id_5082,২৩-এর ২ পুরানা পল্টন লাইনও আগে পুরোনো ।,Neutral
test_id_5083,২ পুরানা পল্টন লাইনও আগে পুরোনো বিল্ডিং ।,Neutral
test_id_5084,পুরানা পল্টন লাইনও আগে পুরোনো বিল্ডিং ছিল ।,Neutral
test_id_5085,২৩-এর ২ পুরানা পল্টন লাইনও আগে পুরোনো বিল্ডিং ।,Neutral
test_id_5086,২ পুরানা পল্টন লাইনও আগে পুরোনো বিল্ডিং ছিল ।,Neutral
test_id_5087,কিছুদিন আগে ভেঙে ঝকঝকে সিক্স সিজনস বিল্ডিংটা ।,Neutral
test_id_5088,আগে ভেঙে ঝকঝকে সিক্স সিজনস বিল্ডিংটা হয়েছে ।,Neutral
test_id_5089,কিছুদিন আগে ভেঙে ঝকঝকে সিক্স সিজনস বিল্ডিংটা হয়েছে ।,Neutral
test_id_5090,খালাম্মার এক ছেলে বাবু ভাই ফ্ল্যাট কিনেছেন ।,Neutral
test_id_5091,এক ছেলে বাবু ভাই ফ্ল্যাট কিনেছেন সিক্স ।,Neutral
test_id_5092,ছেলে বাবু ভাই ফ্ল্যাট কিনেছেন সিক্স সিজনসে ।,Neutral
test_id_5093,খালাম্মার এক ছেলে বাবু ভাই ফ্ল্যাট কিনেছেন সিক্স ।,Neutral
test_id_5094,এক ছেলে বাবু ভাই ফ্ল্যাট কিনেছেন সিক্স সিজনসে ।,Neutral
test_id_5095,বাবু ভাই আর বউমণি আপার দুই মেয়ে ।,Neutral
test_id_5096,এই মেয়েদের এমন দারুণ দারুণ নাম রেখেছেন ।,Neutral
test_id_5097,মেয়েদের এমন দারুণ দারুণ নাম রেখেছেন শিল্পী ।,Neutral
test_id_5098,এমন দারুণ দারুণ নাম রেখেছেন শিল্পী আপা ।,Neutral
test_id_5099,এই মেয়েদের এমন দারুণ দারুণ নাম রেখেছেন শিল্পী ।,Neutral
test_id_5100,মেয়েদের এমন দারুণ দারুণ নাম রেখেছেন শিল্পী আপা ।,Neutral
test_id_5101,আমাদের বিল্ডিং থেকে বাবু ভাইয়ের ফ্ল্যাটের ঝুলবারান্দা ।,Neutral
test_id_5102,বিল্ডিং থেকে বাবু ভাইয়ের ফ্ল্যাটের ঝুলবারান্দা স্পষ্ট ।,Neutral
test_id_5103,থেকে বাবু ভাইয়ের ফ্ল্যাটের ঝুলবারান্দা স্পষ্ট দেখা ।,Neutral
test_id_5104,বাবু ভাইয়ের ফ্ল্যাটের ঝুলবারান্দা স্পষ্ট দেখা যায় ।,Neutral
test_id_5105,আমাদের বিল্ডিং থেকে বাবু ভাইয়ের ফ্ল্যাটের ঝুলবারান্দা স্পষ্ট ।,Neutral
test_id_5106,বিল্ডিং থেকে বাবু ভাইয়ের ফ্ল্যাটের ঝুলবারান্দা স্পষ্ট দেখা ।,Neutral
test_id_5107,থেকে বাবু ভাইয়ের ফ্ল্যাটের ঝুলবারান্দা স্পষ্ট দেখা যায় ।,Neutral
test_id_5108,নীড়ের সঙ্গে বাবুই আর রঙ প্রায়ই চেঁচিয়েমেচিয়ে ।,Neutral
test_id_5109,সঙ্গে বাবুই আর রঙ প্রায়ই চেঁচিয়েমেচিয়ে কথা ।,Neutral
test_id_5110,বাবুই আর রঙ প্রায়ই চেঁচিয়েমেচিয়ে কথা বলেন ।,Neutral
test_id_5111,নীড়ের সঙ্গে বাবুই আর রঙ প্রায়ই চেঁচিয়েমেচিয়ে কথা ।,Neutral
test_id_5112,সঙ্গে বাবুই আর রঙ প্রায়ই চেঁচিয়েমেচিয়ে কথা বলেন ।,Neutral
test_id_5113,বড় মানুষদের মতো নীল জিনসের প্যান্ট আর ।,Neutral
test_id_5114,মানুষদের মতো নীল জিনসের প্যান্ট আর সাদা ।,Neutral
test_id_5115,মতো নীল জিনসের প্যান্ট আর সাদা টপস ।,Neutral
test_id_5116,নীল জিনসের প্যান্ট আর সাদা টপস পরে ।,Neutral
test_id_5117,জিনসের প্যান্ট আর সাদা টপস পরে আছেন ।,Neutral
test_id_5118,বড় মানুষদের মতো নীল জিনসের প্যান্ট আর সাদা ।,Neutral
test_id_5119,মানুষদের মতো নীল জিনসের প্যান্ট আর সাদা টপস ।,Neutral
test_id_5120,মতো নীল জিনসের প্যান্ট আর সাদা টপস পরে ।,Neutral
test_id_5121,নীল জিনসের প্যান্ট আর সাদা টপস পরে আছেন ।,Neutral
test_id_5122,আরও ছোট থাকতে রঙ অবশ্য ভুল শুধরানোর ।,Neutral
test_id_5123,ছোট থাকতে রঙ অবশ্য ভুল শুধরানোর চেষ্টা ।,Neutral
test_id_5124,থাকতে রঙ অবশ্য ভুল শুধরানোর চেষ্টা করেছিলেন ।,Neutral
test_id_5125,রঙ অবশ্য ভুল শুধরানোর চেষ্টা করেছিলেন একবার ।,Neutral
test_id_5126,আরও ছোট থাকতে রঙ অবশ্য ভুল শুধরানোর চেষ্টা ।,Neutral
test_id_5127,ছোট থাকতে রঙ অবশ্য ভুল শুধরানোর চেষ্টা করেছিলেন ।,Neutral
test_id_5128,থাকতে রঙ অবশ্য ভুল শুধরানোর চেষ্টা করেছিলেন একবার ।,Neutral
test_id_5129,’ আগামীকাল দেশে ফিরবেন প্রধানমন্ত্রী প্রধানমন্ত্রী শেখ ।,Neutral
test_id_5130,আগামীকাল দেশে ফিরবেন প্রধানমন্ত্রী প্রধানমন্ত্রী শেখ হাসিনা ।,Neutral
test_id_5131,দেশে ফিরবেন প্রধানমন্ত্রী প্রধানমন্ত্রী শেখ হাসিনা মালদ্বীপে ।,Neutral
test_id_5132,ফিরবেন প্রধানমন্ত্রী প্রধানমন্ত্রী শেখ হাসিনা মালদ্বীপে তার ।,Neutral
test_id_5133,প্রধানমন্ত্রী প্রধানমন্ত্রী শেখ হাসিনা মালদ্বীপে তার প্রথম ।,Neutral
test_id_5134,প্রধানমন্ত্রী শেখ হাসিনা মালদ্বীপে তার প্রথম ছয় ।,Neutral
test_id_5135,শেখ হাসিনা মালদ্বীপে তার প্রথম ছয় দিনের ।,Neutral
test_id_5136,হাসিনা মালদ্বীপে তার প্রথম ছয় দিনের দ্বিপক্ষীয় ।,Neutral
test_id_5137,মালদ্বীপে তার প্রথম ছয় দিনের দ্বিপক্ষীয় সফর ।,Neutral
test_id_5138,তার প্রথম ছয় দিনের দ্বিপক্ষীয় সফর শেষে ।,Neutral
test_id_5139,প্রথম ছয় দিনের দ্বিপক্ষীয় সফর শেষে আগামীকাল ।,Neutral
test_id_5140,ছয় দিনের দ্বিপক্ষীয় সফর শেষে আগামীকাল দেশের ।,Neutral
test_id_5141,দিনের দ্বিপক্ষীয় সফর শেষে আগামীকাল দেশের উদ্দেশে ।,Neutral
test_id_5142,দ্বিপক্ষীয় সফর শেষে আগামীকাল দেশের উদ্দেশে রওনা ।,Neutral
test_id_5143,সফর শেষে আগামীকাল দেশের উদ্দেশে রওনা হবেন ।,Neutral
test_id_5144,’ আগামীকাল দেশে ফিরবেন প্রধানমন্ত্রী প্রধানমন্ত্রী শেখ হাসিনা ।,Neutral
test_id_5145,আগামীকাল দেশে ফিরবেন প্রধানমন্ত্রী প্রধানমন্ত্রী শেখ হাসিনা মালদ্বীপে ।,Neutral
test_id_5146,দেশে ফিরবেন প্রধানমন্ত্রী প্রধানমন্ত্রী শেখ হাসিনা মালদ্বীপে তার ।,Neutral
test_id_5147,ফিরবেন প্রধানমন্ত্রী প্রধানমন্ত্রী শেখ হাসিনা মালদ্বীপে তার প্রথম ।,Neutral
test_id_5148,প্রধানমন্ত্রী প্রধানমন্ত্রী শেখ হাসিনা মালদ্বীপে তার প্রথম ছয় ।,Neutral
test_id_5149,প্রধানমন্ত্রী শেখ হাসিনা মালদ্বীপে তার প্রথম ছয় দিনের ।,Neutral
test_id_5150,শেখ হাসিনা মালদ্বীপে তার প্রথম ছয় দিনের দ্বিপক্ষীয় ।,Neutral
test_id_5151,হাসিনা মালদ্বীপে তার প্রথম ছয় দিনের দ্বিপক্ষীয় সফর ।,Neutral
test_id_5152,মালদ্বীপে তার প্রথম ছয় দিনের দ্বিপক্ষীয় সফর শেষে ।,Neutral
test_id_5153,তার প্রথম ছয় দিনের দ্বিপক্ষীয় সফর শেষে আগামীকাল ।,Neutral
test_id_5154,প্রথম ছয় দিনের দ্বিপক্ষীয় সফর শেষে আগামীকাল দেশের ।,Neutral
test_id_5155,ছয় দিনের দ্বিপক্ষীয় সফর শেষে আগামীকাল দেশের উদ্দেশে ।,Neutral
test_id_5156,দিনের দ্বিপক্ষীয় সফর শেষে আগামীকাল দেশের উদ্দেশে রওনা ।,Neutral
test_id_5157,দ্বিপক্ষীয় সফর শেষে আগামীকাল দেশের উদ্দেশে রওনা হবেন ।,Neutral
test_id_5158,‘প্রধানমন্ত্রী শেখ হাসিনা ও তার সফরসঙ্গীদের বহনকারী ।,Neutral
test_id_5159,শেখ হাসিনা ও তার সফরসঙ্গীদের বহনকারী বিমান ।,Neutral
test_id_5160,হাসিনা ও তার সফরসঙ্গীদের বহনকারী বিমান বাংলাদেশ ।,Neutral
test_id_5161,ও তার সফরসঙ্গীদের বহনকারী বিমান বাংলাদেশ এয়ারলাইন্সের ।,Neutral
test_id_5162,তার সফরসঙ্গীদের বহনকারী বিমান বাংলাদেশ এয়ারলাইন্সের একটি ।,Neutral
test_id_5163,সফরসঙ্গীদের বহনকারী বিমান বাংলাদেশ এয়ারলাইন্সের একটি বিশেষ ।,Neutral
test_id_5164,বহনকারী বিমান বাংলাদেশ এয়ারলাইন্সের একটি বিশেষ ভিভিআইপি ।,Neutral
test_id_5165,বিমান বাংলাদেশ এয়ারলাইন্সের একটি বিশেষ ভিভিআইপি ফ্লাইট ।,Neutral
test_id_5166,বাংলাদেশ এয়ারলাইন্সের একটি বিশেষ ভিভিআইপি ফ্লাইট আগামীকাল ।,Neutral
test_id_5167,এয়ারলাইন্সের একটি বিশেষ ভিভিআইপি ফ্লাইট আগামীকাল বেলা ।,Neutral
test_id_5168,একটি বিশেষ ভিভিআইপি ফ্লাইট আগামীকাল বেলা ১৩.০০ ।,Neutral
test_id_5169,বিশেষ ভিভিআইপি ফ্লাইট আগামীকাল বেলা ১৩.০০ টায় ।,Neutral
test_id_5170,‘প্রধানমন্ত্রী শেখ হাসিনা ও তার সফরসঙ্গীদের বহনকারী বিমান ।,Neutral
test_id_5171,শেখ হাসিনা ও তার সফরসঙ্গীদের বহনকারী বিমান বাংলাদেশ ।,Neutral
test_id_5172,হাসিনা ও তার সফরসঙ্গীদের বহনকারী বিমান বাংলাদেশ এয়ারলাইন্সের ।,Neutral
test_id_5173,ও তার সফরসঙ্গীদের বহনকারী বিমান বাংলাদেশ এয়ারলাইন্সের একটি ।,Neutral
test_id_5174,তার সফরসঙ্গীদের বহনকারী বিমান বাংলাদেশ এয়ারলাইন্সের একটি বিশেষ ।,Neutral
test_id_5175,সফরসঙ্গীদের বহনকারী বিমান বাংলাদেশ এয়ারলাইন্সের একটি বিশেষ ভিভিআইপি ।,Neutral
test_id_5176,বহনকারী বিমান বাংলাদেশ এয়ারলাইন্সের একটি বিশেষ ভিভিআইপি ফ্লাইট ।,Neutral
test_id_5177,বিমান বাংলাদেশ এয়ারলাইন্সের একটি বিশেষ ভিভিআইপি ফ্লাইট আগামীকাল ।,Neutral
test_id_5178,বাংলাদেশ এয়ারলাইন্সের একটি বিশেষ ভিভিআইপি ফ্লাইট আগামীকাল বেলা ।,Neutral
test_id_5179,এয়ারলাইন্সের একটি বিশেষ ভিভিআইপি ফ্লাইট আগামীকাল বেলা ১৩.০০ ।,Neutral
test_id_5180,একটি বিশেষ ভিভিআইপি ফ্লাইট আগামীকাল বেলা ১৩.০০ টায় ।,Neutral
test_id_5181,’ ফ্লাইটটির ঢাকার স্থানীয় সময় আগামীকাল সন্ধ্যায় ।,Neutral
test_id_5182,ফ্লাইটটির ঢাকার স্থানীয় সময় আগামীকাল সন্ধ্যায় হযরত ।,Neutral
test_id_5183,ঢাকার স্থানীয় সময় আগামীকাল সন্ধ্যায় হযরত শাহজালাল ।,Neutral
test_id_5184,স্থানীয় সময় আগামীকাল সন্ধ্যায় হযরত শাহজালাল আন্তর্জাতিক ।,Neutral
test_id_5185,সময় আগামীকাল সন্ধ্যায় হযরত শাহজালাল আন্তর্জাতিক বিমানবন্দরে ।,Neutral
test_id_5186,আগামীকাল সন্ধ্যায় হযরত শাহজালাল আন্তর্জাতিক বিমানবন্দরে পৌঁছানোর ।,Neutral
test_id_5187,সন্ধ্যায় হযরত শাহজালাল আন্তর্জাতিক বিমানবন্দরে পৌঁছানোর কথা ।,Neutral
test_id_5188,হযরত শাহজালাল আন্তর্জাতিক বিমানবন্দরে পৌঁছানোর কথা রয়েছে ।,Neutral
test_id_5189,’ ফ্লাইটটির ঢাকার স্থানীয় সময় আগামীকাল সন্ধ্যায় হযরত ।,Neutral
test_id_5190,ফ্লাইটটির ঢাকার স্থানীয় সময় আগামীকাল সন্ধ্যায় হযরত শাহজালাল ।,Neutral
test_id_5191,ঢাকার স্থানীয় সময় আগামীকাল সন্ধ্যায় হযরত শাহজালাল আন্তর্জাতিক ।,Neutral
test_id_5192,স্থানীয় সময় আগামীকাল সন্ধ্যায় হযরত শাহজালাল আন্তর্জাতিক বিমানবন্দরে ।,Neutral
test_id_5193,সময় আগামীকাল সন্ধ্যায় হযরত শাহজালাল আন্তর্জাতিক বিমানবন্দরে পৌঁছানোর ।,Neutral
test_id_5194,আগামীকাল সন্ধ্যায় হযরত শাহজালাল আন্তর্জাতিক বিমানবন্দরে পৌঁছানোর কথা ।,Neutral
test_id_5195,সন্ধ্যায় হযরত শাহজালাল আন্তর্জাতিক বিমানবন্দরে পৌঁছানোর কথা রয়েছে ।,Neutral
test_id_5196,প্রধানমন্ত্রী দেশটির প্রেসিডেন্ট ইব্রাহিম মোহাম্মদ সোলিহ’র আমন্ত্রণে ।,Neutral
test_id_5197,দেশটির প্রেসিডেন্ট ইব্রাহিম মোহাম্মদ সোলিহ’র আমন্ত্রণে গত ।,Neutral
test_id_5198,প্রেসিডেন্ট ইব্রাহিম মোহাম্মদ সোলিহ’র আমন্ত্রণে গত ২২ ।,Neutral
test_id_5199,ইব্রাহিম মোহাম্মদ সোলিহ’র আমন্ত্রণে গত ২২ ডিসেম্বর ।,Neutral
test_id_5200,মোহাম্মদ সোলিহ’র আমন্ত্রণে গত ২২ ডিসেম্বর মালদ্বীপে ।,Neutral
test_id_5201,সোলিহ’র আমন্ত্রণে গত ২২ ডিসেম্বর মালদ্বীপে পৌঁছান ।,Neutral
test_id_5202,প্রধানমন্ত্রী দেশটির প্রেসিডেন্ট ইব্রাহিম মোহাম্মদ সোলিহ’র আমন্ত্রণে গত ।,Neutral
test_id_5203,দেশটির প্রেসিডেন্ট ইব্রাহিম মোহাম্মদ সোলিহ’র আমন্ত্রণে গত ২২ ।,Neutral
test_id_5204,প্রেসিডেন্ট ইব্রাহিম মোহাম্মদ সোলিহ’র আমন্ত্রণে গত ২২ ডিসেম্বর ।,Neutral
test_id_5205,ইব্রাহিম মোহাম্মদ সোলিহ’র আমন্ত্রণে গত ২২ ডিসেম্বর মালদ্বীপে ।,Neutral
test_id_5206,মোহাম্মদ সোলিহ’র আমন্ত্রণে গত ২২ ডিসেম্বর মালদ্বীপে পৌঁছান ।,Neutral
test_id_5207,যোগ্য স্বাস্থ্য পেশাদারদের নিয়োগ এবং যুব ও ।,Neutral
test_id_5208,স্বাস্থ্য পেশাদারদের নিয়োগ এবং যুব ও ক্রীড়া ।,Neutral
test_id_5209,পেশাদারদের নিয়োগ এবং যুব ও ক্রীড়া উন্নয়নের ।,Neutral
test_id_5210,নিয়োগ এবং যুব ও ক্রীড়া উন্নয়নের ক্ষেত্রে ।,Neutral
test_id_5211,এবং যুব ও ক্রীড়া উন্নয়নের ক্ষেত্রে সহযোগিতার ।,Neutral
test_id_5212,যুব ও ক্রীড়া উন্নয়নের ক্ষেত্রে সহযোগিতার বিষয়ে ।,Neutral
test_id_5213,ও ক্রীড়া উন্নয়নের ক্ষেত্রে সহযোগিতার বিষয়ে দুটি ।,Neutral
test_id_5214,ক্রীড়া উন্নয়নের ক্ষেত্রে সহযোগিতার বিষয়ে দুটি সমঝোতা ।,Neutral
test_id_5215,উন্নয়নের ক্ষেত্রে সহযোগিতার বিষয়ে দুটি সমঝোতা স্মারক ।,Neutral
test_id_5216,ক্ষেত্রে সহযোগিতার বিষয়ে দুটি সমঝোতা স্মারক এবং ।,Neutral
test_id_5217,সহযোগিতার বিষয়ে দুটি সমঝোতা স্মারক এবং দ্বৈত ।,Neutral
test_id_5218,বিষয়ে দুটি সমঝোতা স্মারক এবং দ্বৈত আয়কর ।,Neutral
test_id_5219,দুটি সমঝোতা স্মারক এবং দ্বৈত আয়কর বিলোপের ।,Neutral
test_id_5220,সমঝোতা স্মারক এবং দ্বৈত আয়কর বিলোপের জন্য ।,Neutral
test_id_5221,স্মারক এবং দ্বৈত আয়কর বিলোপের জন্য একটি ।,Neutral
test_id_5222,এবং দ্বৈত আয়কর বিলোপের জন্য একটি চুক্তি ।,Neutral
test_id_5223,দ্বৈত আয়কর বিলোপের জন্য একটি চুক্তি স্বাক্ষরিত ।,Neutral
test_id_5224,আয়কর বিলোপের জন্য একটি চুক্তি স্বাক্ষরিত হয় ।,Neutral
test_id_5225,যোগ্য স্বাস্থ্য পেশাদারদের নিয়োগ এবং যুব ও ক্রীড়া ।,Neutral
test_id_5226,স্বাস্থ্য পেশাদারদের নিয়োগ এবং যুব ও ক্রীড়া উন্নয়নের ।,Neutral
test_id_5227,পেশাদারদের নিয়োগ এবং যুব ও ক্রীড়া উন্নয়নের ক্ষেত্রে ।,Neutral
test_id_5228,নিয়োগ এবং যুব ও ক্রীড়া উন্নয়নের ক্ষেত্রে সহযোগিতার ।,Neutral
test_id_5229,এবং যুব ও ক্রীড়া উন্নয়নের ক্ষেত্রে সহযোগিতার বিষয়ে ।,Neutral
test_id_5230,যুব ও ক্রীড়া উন্নয়নের ক্ষেত্রে সহযোগিতার বিষয়ে দুটি ।,Neutral
test_id_5231,ও ক্রীড়া উন্নয়নের ক্ষেত্রে সহযোগিতার বিষয়ে দুটি সমঝোতা ।,Neutral
test_id_5232,ক্রীড়া উন্নয়নের ক্ষেত্রে সহযোগিতার বিষয়ে দুটি সমঝোতা স্মারক ।,Neutral
test_id_5233,উন্নয়নের ক্ষেত্রে সহযোগিতার বিষয়ে দুটি সমঝোতা স্মারক এবং ।,Neutral
test_id_5234,ক্ষেত্রে সহযোগিতার বিষয়ে দুটি সমঝোতা স্মারক এবং দ্বৈত ।,Neutral
test_id_5235,সহযোগিতার বিষয়ে দুটি সমঝোতা স্মারক এবং দ্বৈত আয়কর ।,Neutral
test_id_5236,বিষয়ে দুটি সমঝোতা স্মারক এবং দ্বৈত আয়কর বিলোপের ।,Neutral
test_id_5237,দুটি সমঝোতা স্মারক এবং দ্বৈত আয়কর বিলোপের জন্য ।,Neutral
test_id_5238,সমঝোতা স্মারক এবং দ্বৈত আয়কর বিলোপের জন্য একটি ।,Neutral
test_id_5239,স্মারক এবং দ্বৈত আয়কর বিলোপের জন্য একটি চুক্তি ।,Neutral
test_id_5240,এবং দ্বৈত আয়কর বিলোপের জন্য একটি চুক্তি স্বাক্ষরিত ।,Neutral
test_id_5241,দ্বৈত আয়কর বিলোপের জন্য একটি চুক্তি স্বাক্ষরিত হয় ।,Neutral
test_id_5242,বাংলাদেশ ও মালদ্বীপের স্বাস্থ্য মন্ত্রণালয়ের মধ্যে স্বাস্থ্যসেবা ।,Neutral
test_id_5243,ও মালদ্বীপের স্বাস্থ্য মন্ত্রণালয়ের মধ্যে স্বাস্থ্যসেবা ও ।,Neutral
test_id_5244,মালদ্বীপের স্বাস্থ্য মন্ত্রণালয়ের মধ্যে স্বাস্থ্যসেবা ও চিকিৎসা ।,Neutral
test_id_5245,স্বাস্থ্য মন্ত্রণালয়ের মধ্যে স্বাস্থ্যসেবা ও চিকিৎসা বিজ্ঞানের ।,Neutral
test_id_5246,মন্ত্রণালয়ের মধ্যে স্বাস্থ্যসেবা ও চিকিৎসা বিজ্ঞানের ক্ষেত্রে ।,Neutral
test_id_5247,মধ্যে স্বাস্থ্যসেবা ও চিকিৎসা বিজ্ঞানের ক্ষেত্রে একটি ।,Neutral
test_id_5248,স্বাস্থ্যসেবা ও চিকিৎসা বিজ্ঞানের ক্ষেত্রে একটি সমঝোতা ।,Neutral
test_id_5249,ও চিকিৎসা বিজ্ঞানের ক্ষেত্রে একটি সমঝোতা স্মারক ।,Neutral
test_id_5250,বাংলাদেশ ও মালদ্বীপের স্বাস্থ্য মন্ত্রণালয়ের মধ্যে স্বাস্থ্যসেবা ও ।,Neutral
test_id_5251,ও মালদ্বীপের স্বাস্থ্য মন্ত্রণালয়ের মধ্যে স্বাস্থ্যসেবা ও চিকিৎসা ।,Neutral
test_id_5252,মালদ্বীপের স্বাস্থ্য মন্ত্রণালয়ের মধ্যে স্বাস্থ্যসেবা ও চিকিৎসা বিজ্ঞানের ।,Neutral
test_id_5253,স্বাস্থ্য মন্ত্রণালয়ের মধ্যে স্বাস্থ্যসেবা ও চিকিৎসা বিজ্ঞানের ক্ষেত্রে ।,Neutral
test_id_5254,মন্ত্রণালয়ের মধ্যে স্বাস্থ্যসেবা ও চিকিৎসা বিজ্ঞানের ক্ষেত্রে একটি ।,Neutral
test_id_5255,মধ্যে স্বাস্থ্যসেবা ও চিকিৎসা বিজ্ঞানের ক্ষেত্রে একটি সমঝোতা ।,Neutral
test_id_5256,স্বাস্থ্যসেবা ও চিকিৎসা বিজ্ঞানের ক্ষেত্রে একটি সমঝোতা স্মারক ।,Neutral
test_id_5257,দক্ষিণ এশিয়ার দুই দেশের মধ্যে বন্ধুত্বের প্রতীক ।,Neutral
test_id_5258,এশিয়ার দুই দেশের মধ্যে বন্ধুত্বের প্রতীক হিসেবে ।,Neutral
test_id_5259,দুই দেশের মধ্যে বন্ধুত্বের প্রতীক হিসেবে বাংলাদেশ ।,Neutral
test_id_5260,দেশের মধ্যে বন্ধুত্বের প্রতীক হিসেবে বাংলাদেশ মালদ্বীপকে ।,Neutral
test_id_5261,মধ্যে বন্ধুত্বের প্রতীক হিসেবে বাংলাদেশ মালদ্বীপকে ১৩টি ।,Neutral
test_id_5262,বন্ধুত্বের প্রতীক হিসেবে বাংলাদেশ মালদ্বীপকে ১৩টি সামরিক ।,Neutral
test_id_5263,প্রতীক হিসেবে বাংলাদেশ মালদ্বীপকে ১৩টি সামরিক যান ।,Neutral
test_id_5264,হিসেবে বাংলাদেশ মালদ্বীপকে ১৩টি সামরিক যান উপহার ।,Neutral
test_id_5265,বাংলাদেশ মালদ্বীপকে ১৩টি সামরিক যান উপহার দিয়েছে ।,Neutral
test_id_5266,দক্ষিণ এশিয়ার দুই দেশের মধ্যে বন্ধুত্বের প্রতীক হিসেবে ।,Neutral
test_id_5267,এশিয়ার দুই দেশের মধ্যে বন্ধুত্বের প্রতীক হিসেবে বাংলাদেশ ।,Neutral
test_id_5268,দুই দেশের মধ্যে বন্ধুত্বের প্রতীক হিসেবে বাংলাদেশ মালদ্বীপকে ।,Neutral
test_id_5269,দেশের মধ্যে বন্ধুত্বের প্রতীক হিসেবে বাংলাদেশ মালদ্বীপকে ১৩টি ।,Neutral
test_id_5270,মধ্যে বন্ধুত্বের প্রতীক হিসেবে বাংলাদেশ মালদ্বীপকে ১৩টি সামরিক ।,Neutral
test_id_5271,বন্ধুত্বের প্রতীক হিসেবে বাংলাদেশ মালদ্বীপকে ১৩টি সামরিক যান ।,Neutral
test_id_5272,প্রতীক হিসেবে বাংলাদেশ মালদ্বীপকে ১৩টি সামরিক যান উপহার ।,Neutral
test_id_5273,হিসেবে বাংলাদেশ মালদ্বীপকে ১৩টি সামরিক যান উপহার দিয়েছে ।,Neutral
test_id_5274,দ্বিপাক্ষিক আলোচনা এবং উপকরণ হস্তান্তর অনুষ্ঠানের পর ।,Neutral
test_id_5275,আলোচনা এবং উপকরণ হস্তান্তর অনুষ্ঠানের পর একটি ।,Neutral
test_id_5276,এবং উপকরণ হস্তান্তর অনুষ্ঠানের পর একটি যৌথ ।,Neutral
test_id_5277,উপকরণ হস্তান্তর অনুষ্ঠানের পর একটি যৌথ ইশতেহার ।,Neutral
test_id_5278,হস্তান্তর অনুষ্ঠানের পর একটি যৌথ ইশতেহার ঘোষণা ।,Neutral
test_id_5279,অনুষ্ঠানের পর একটি যৌথ ইশতেহার ঘোষণা করা ।,Neutral
test_id_5280,পর একটি যৌথ ইশতেহার ঘোষণা করা হয় ।,Neutral
test_id_5281,দ্বিপাক্ষিক আলোচনা এবং উপকরণ হস্তান্তর অনুষ্ঠানের পর একটি ।,Neutral
test_id_5282,আলোচনা এবং উপকরণ হস্তান্তর অনুষ্ঠানের পর একটি যৌথ ।,Neutral
test_id_5283,এবং উপকরণ হস্তান্তর অনুষ্ঠানের পর একটি যৌথ ইশতেহার ।,Neutral
test_id_5284,উপকরণ হস্তান্তর অনুষ্ঠানের পর একটি যৌথ ইশতেহার ঘোষণা ।,Neutral
test_id_5285,হস্তান্তর অনুষ্ঠানের পর একটি যৌথ ইশতেহার ঘোষণা করা ।,Neutral
test_id_5286,অনুষ্ঠানের পর একটি যৌথ ইশতেহার ঘোষণা করা হয় ।,Neutral
test_id_5287,সফরকালে বাংলাদেশের প্রধানমন্ত্রী মালদ্বীপের প্রেসিডেন্ট ইব্রাহিম মোহামেদ ।,Neutral
test_id_5288,বাংলাদেশের প্রধানমন্ত্রী মালদ্বীপের প্রেসিডেন্ট ইব্রাহিম মোহামেদ সোলিহ ।,Neutral
test_id_5289,সফরকালে বাংলাদেশের প্রধানমন্ত্রী মালদ্বীপের প্রেসিডেন্ট ইব্রাহিম মোহামেদ সোলিহ ।,Neutral
test_id_5290,মোহাম্মদ নাশিদ এবং প্রধান বিচারপতি উজ আহমেদ ।,Neutral
test_id_5291,নাশিদ এবং প্রধান বিচারপতি উজ আহমেদ মুথাসিম ।,Neutral
test_id_5292,এবং প্রধান বিচারপতি উজ আহমেদ মুথাসিম আদনানের ।,Neutral
test_id_5293,প্রধান বিচারপতি উজ আহমেদ মুথাসিম আদনানের সঙ্গে ।,Neutral
test_id_5294,বিচারপতি উজ আহমেদ মুথাসিম আদনানের সঙ্গে পৃথক ।,Neutral
test_id_5295,উজ আহমেদ মুথাসিম আদনানের সঙ্গে পৃথক বৈঠক ।,Neutral
test_id_5296,আহমেদ মুথাসিম আদনানের সঙ্গে পৃথক বৈঠক করেন ।,Neutral
test_id_5297,মোহাম্মদ নাশিদ এবং প্রধান বিচারপতি উজ আহমেদ মুথাসিম ।,Neutral
test_id_5298,নাশিদ এবং প্রধান বিচারপতি উজ আহমেদ মুথাসিম আদনানের ।,Neutral
test_id_5299,এবং প্রধান বিচারপতি উজ আহমেদ মুথাসিম আদনানের সঙ্গে ।,Neutral
test_id_5300,প্রধান বিচারপতি উজ আহমেদ মুথাসিম আদনানের সঙ্গে পৃথক ।,Neutral
test_id_5301,বিচারপতি উজ আহমেদ মুথাসিম আদনানের সঙ্গে পৃথক বৈঠক ।,Neutral
test_id_5302,উজ আহমেদ মুথাসিম আদনানের সঙ্গে পৃথক বৈঠক করেন ।,Neutral
test_id_5303,২৩ ডিসেম্বর বিকালে মালদ্বীপের সংসদে ভাষণ দেন ।,Neutral
test_id_5304,ডিসেম্বর বিকালে মালদ্বীপের সংসদে ভাষণ দেন প্রধানমন্ত্রী ।,Neutral
test_id_5305,২৩ ডিসেম্বর বিকালে মালদ্বীপের সংসদে ভাষণ দেন প্রধানমন্ত্রী ।,Neutral
test_id_5306,শেখ হাসিনা তার সম্মানে মালদ্বীপের রাষ্ট্রপতি ও ।,Neutral
test_id_5307,হাসিনা তার সম্মানে মালদ্বীপের রাষ্ট্রপতি ও দেশটির ।,Neutral
test_id_5308,তার সম্মানে মালদ্বীপের রাষ্ট্রপতি ও দেশটির ফার্স্ট ।,Neutral
test_id_5309,সম্মানে মালদ্বীপের রাষ্ট্রপতি ও দেশটির ফার্স্ট লেডি ।,Neutral
test_id_5310,মালদ্বীপের রাষ্ট্রপতি ও দেশটির ফার্স্ট লেডি আয়োজিত ।,Neutral
test_id_5311,রাষ্ট্রপতি ও দেশটির ফার্স্ট লেডি আয়োজিত রাষ্ট্রীয় ।,Neutral
test_id_5312,ও দেশটির ফার্স্ট লেডি আয়োজিত রাষ্ট্রীয় ভোজসভায় ।,Neutral
test_id_5313,দেশটির ফার্স্ট লেডি আয়োজিত রাষ্ট্রীয় ভোজসভায় যোগ ।,Neutral
test_id_5314,ফার্স্ট লেডি আয়োজিত রাষ্ট্রীয় ভোজসভায় যোগ দেন ।,Neutral
test_id_5315,শেখ হাসিনা তার সম্মানে মালদ্বীপের রাষ্ট্রপতি ও দেশটির ।,Neutral
test_id_5316,হাসিনা তার সম্মানে মালদ্বীপের রাষ্ট্রপতি ও দেশটির ফার্স্ট ।,Neutral
test_id_5317,তার সম্মানে মালদ্বীপের রাষ্ট্রপতি ও দেশটির ফার্স্ট লেডি ।,Neutral
test_id_5318,সম্মানে মালদ্বীপের রাষ্ট্রপতি ও দেশটির ফার্স্ট লেডি আয়োজিত ।,Neutral
test_id_5319,মালদ্বীপের রাষ্ট্রপতি ও দেশটির ফার্স্ট লেডি আয়োজিত রাষ্ট্রীয় ।,Neutral
test_id_5320,রাষ্ট্রপতি ও দেশটির ফার্স্ট লেডি আয়োজিত রাষ্ট্রীয় ভোজসভায় ।,Neutral
test_id_5321,ও দেশটির ফার্স্ট লেডি আয়োজিত রাষ্ট্রীয় ভোজসভায় যোগ ।,Neutral
test_id_5322,দেশটির ফার্স্ট লেডি আয়োজিত রাষ্ট্রীয় ভোজসভায় যোগ দেন ।,Neutral
test_id_5323,তিনি মালে প্রবাসী বাংলাদেশিদের দেয়া একটি সংবর্ধনায় ।,Neutral
test_id_5324,মালে প্রবাসী বাংলাদেশিদের দেয়া একটি সংবর্ধনায় ভার্চুয়ালি ।,Neutral
test_id_5325,প্রবাসী বাংলাদেশিদের দেয়া একটি সংবর্ধনায় ভার্চুয়ালি অংশগ্রহণ ।,Neutral
test_id_5326,বাংলাদেশিদের দেয়া একটি সংবর্ধনায় ভার্চুয়ালি অংশগ্রহণ করেন ।,Neutral
test_id_5327,তিনি মালে প্রবাসী বাংলাদেশিদের দেয়া একটি সংবর্ধনায় ভার্চুয়ালি ।,Neutral
test_id_5328,মালে প্রবাসী বাংলাদেশিদের দেয়া একটি সংবর্ধনায় ভার্চুয়ালি অংশগ্রহণ ।,Neutral
test_id_5329,প্রবাসী বাংলাদেশিদের দেয়া একটি সংবর্ধনায় ভার্চুয়ালি অংশগ্রহণ করেন ।,Neutral
test_id_5330,যা জানাল আবহাওয়া অধিদপ্তর দেশের বিস্তৃত অঞ্চলজুড়ে ।,Neutral
test_id_5331,জানাল আবহাওয়া অধিদপ্তর দেশের বিস্তৃত অঞ্চলজুড়ে শীত ।,Neutral
test_id_5332,আবহাওয়া অধিদপ্তর দেশের বিস্তৃত অঞ্চলজুড়ে শীত থাকলেও ।,Neutral
test_id_5333,অধিদপ্তর দেশের বিস্তৃত অঞ্চলজুড়ে শীত থাকলেও আপাতত ।,Neutral
test_id_5334,দেশের বিস্তৃত অঞ্চলজুড়ে শীত থাকলেও আপাতত শৈত্যপ্রবাহ ।,Neutral
test_id_5335,বিস্তৃত অঞ্চলজুড়ে শীত থাকলেও আপাতত শৈত্যপ্রবাহ বয়ে ।,Neutral
test_id_5336,অঞ্চলজুড়ে শীত থাকলেও আপাতত শৈত্যপ্রবাহ বয়ে যাওয়ার ।,Neutral
test_id_5337,শীত থাকলেও আপাতত শৈত্যপ্রবাহ বয়ে যাওয়ার কোনো ।,Neutral
test_id_5338,থাকলেও আপাতত শৈত্যপ্রবাহ বয়ে যাওয়ার কোনো সম্ভাবনা ।,Neutral
test_id_5339,আপাতত শৈত্যপ্রবাহ বয়ে যাওয়ার কোনো সম্ভাবনা নেই ।,Neutral
test_id_5340,যা জানাল আবহাওয়া অধিদপ্তর দেশের বিস্তৃত অঞ্চলজুড়ে শীত ।,Neutral
test_id_5341,জানাল আবহাওয়া অধিদপ্তর দেশের বিস্তৃত অঞ্চলজুড়ে শীত থাকলেও ।,Neutral
test_id_5342,আবহাওয়া অধিদপ্তর দেশের বিস্তৃত অঞ্চলজুড়ে শীত থাকলেও আপাতত ।,Neutral
test_id_5343,অধিদপ্তর দেশের বিস্তৃত অঞ্চলজুড়ে শীত থাকলেও আপাতত শৈত্যপ্রবাহ ।,Neutral
test_id_5344,দেশের বিস্তৃত অঞ্চলজুড়ে শীত থাকলেও আপাতত শৈত্যপ্রবাহ বয়ে ।,Neutral
test_id_5345,বিস্তৃত অঞ্চলজুড়ে শীত থাকলেও আপাতত শৈত্যপ্রবাহ বয়ে যাওয়ার ।,Neutral
test_id_5346,অঞ্চলজুড়ে শীত থাকলেও আপাতত শৈত্যপ্রবাহ বয়ে যাওয়ার কোনো ।,Neutral
test_id_5347,শীত থাকলেও আপাতত শৈত্যপ্রবাহ বয়ে যাওয়ার কোনো সম্ভাবনা ।,Neutral
test_id_5348,থাকলেও আপাতত শৈত্যপ্রবাহ বয়ে যাওয়ার কোনো সম্ভাবনা নেই ।,Neutral
test_id_5349,তবে বছরের বাকি দিনগুলোতে আবহাওয়ার তেমন কোনো ।,Neutral
test_id_5350,বছরের বাকি দিনগুলোতে আবহাওয়ার তেমন কোনো পরিবর্তনের ।,Neutral
test_id_5351,বাকি দিনগুলোতে আবহাওয়ার তেমন কোনো পরিবর্তনের পূর্বাভাস ।,Neutral
test_id_5352,দিনগুলোতে আবহাওয়ার তেমন কোনো পরিবর্তনের পূর্বাভাস নেই ।,Neutral
test_id_5353,তবে বছরের বাকি দিনগুলোতে আবহাওয়ার তেমন কোনো পরিবর্তনের ।,Neutral
test_id_5354,বছরের বাকি দিনগুলোতে আবহাওয়ার তেমন কোনো পরিবর্তনের পূর্বাভাস ।,Neutral
test_id_5355,বাকি দিনগুলোতে আবহাওয়ার তেমন কোনো পরিবর্তনের পূর্বাভাস নেই ।,Neutral
test_id_5356,তবে নতুন বছর শুরু হতে পারে মৃদু ।,Neutral
test_id_5357,নতুন বছর শুরু হতে পারে মৃদু শৈত্যপ্রবাহ ।,Neutral
test_id_5358,বছর শুরু হতে পারে মৃদু শৈত্যপ্রবাহ দিয়ে ।,Neutral
test_id_5359,শুরু হতে পারে মৃদু শৈত্যপ্রবাহ দিয়ে বলে ।,Neutral
test_id_5360,হতে পারে মৃদু শৈত্যপ্রবাহ দিয়ে বলে এক ।,Neutral
test_id_5361,পারে মৃদু শৈত্যপ্রবাহ দিয়ে বলে এক পূর্বাভাসে ।,Neutral
test_id_5362,মৃদু শৈত্যপ্রবাহ দিয়ে বলে এক পূর্বাভাসে জানিয়েছে ।,Neutral
test_id_5363,শৈত্যপ্রবাহ দিয়ে বলে এক পূর্বাভাসে জানিয়েছে আবহাওয়া ।,Neutral
test_id_5364,দিয়ে বলে এক পূর্বাভাসে জানিয়েছে আবহাওয়া অধিদপ্তর ।,Neutral
test_id_5365,তবে নতুন বছর শুরু হতে পারে মৃদু শৈত্যপ্রবাহ ।,Neutral
test_id_5366,নতুন বছর শুরু হতে পারে মৃদু শৈত্যপ্রবাহ দিয়ে ।,Neutral
test_id_5367,বছর শুরু হতে পারে মৃদু শৈত্যপ্রবাহ দিয়ে বলে ।,Neutral
test_id_5368,শুরু হতে পারে মৃদু শৈত্যপ্রবাহ দিয়ে বলে এক ।,Neutral
test_id_5369,হতে পারে মৃদু শৈত্যপ্রবাহ দিয়ে বলে এক পূর্বাভাসে ।,Neutral
test_id_5370,পারে মৃদু শৈত্যপ্রবাহ দিয়ে বলে এক পূর্বাভাসে জানিয়েছে ।,Neutral
test_id_5371,মৃদু শৈত্যপ্রবাহ দিয়ে বলে এক পূর্বাভাসে জানিয়েছে আবহাওয়া ।,Neutral
test_id_5372,শৈত্যপ্রবাহ দিয়ে বলে এক পূর্বাভাসে জানিয়েছে আবহাওয়া অধিদপ্তর ।,Neutral
test_id_5373,যা শেষ পর্যন্ত তীব্র শৈত্যপ্রবাহে বিস্তার লাভ ।,Neutral
test_id_5374,শেষ পর্যন্ত তীব্র শৈত্যপ্রবাহে বিস্তার লাভ করতে ।,Neutral
test_id_5375,পর্যন্ত তীব্র শৈত্যপ্রবাহে বিস্তার লাভ করতে পারে ।,Neutral
test_id_5376,যা শেষ পর্যন্ত তীব্র শৈত্যপ্রবাহে বিস্তার লাভ করতে ।,Neutral
test_id_5377,শেষ পর্যন্ত তীব্র শৈত্যপ্রবাহে বিস্তার লাভ করতে পারে ।,Neutral
test_id_5378,আজ রবিবার আবহাওয়া অধিদফতর সূত্রে এসব তথ্য ।,Neutral
test_id_5379,রবিবার আবহাওয়া অধিদফতর সূত্রে এসব তথ্য জানা ।,Neutral
test_id_5380,আবহাওয়া অধিদফতর সূত্রে এসব তথ্য জানা যায় ।,Neutral
test_id_5381,আজ রবিবার আবহাওয়া অধিদফতর সূত্রে এসব তথ্য জানা ।,Neutral
test_id_5382,রবিবার আবহাওয়া অধিদফতর সূত্রে এসব তথ্য জানা যায় ।,Neutral
test_id_5383,তেঁতুলিয়া ছাড়া দেশের সব অঞ্চলে আগামী কয়েকদিন ।,Neutral
test_id_5384,ছাড়া দেশের সব অঞ্চলে আগামী কয়েকদিন ১০-১৬ ।,Neutral
test_id_5385,দেশের সব অঞ্চলে আগামী কয়েকদিন ১০-১৬ ডিগ্রির ।,Neutral
test_id_5386,সব অঞ্চলে আগামী কয়েকদিন ১০-১৬ ডিগ্রির মধ্যে ।,Neutral
test_id_5387,অঞ্চলে আগামী কয়েকদিন ১০-১৬ ডিগ্রির মধ্যে তাপমাত্রা ।,Neutral
test_id_5388,আগামী কয়েকদিন ১০-১৬ ডিগ্রির মধ্যে তাপমাত্রা ওঠা-নামা ।,Neutral
test_id_5389,কয়েকদিন ১০-১৬ ডিগ্রির মধ্যে তাপমাত্রা ওঠা-নামা করতে ।,Neutral
test_id_5390,১০-১৬ ডিগ্রির মধ্যে তাপমাত্রা ওঠা-নামা করতে পারে ।,Neutral
test_id_5391,তেঁতুলিয়া ছাড়া দেশের সব অঞ্চলে আগামী কয়েকদিন ১০-১৬ ।,Neutral
test_id_5392,ছাড়া দেশের সব অঞ্চলে আগামী কয়েকদিন ১০-১৬ ডিগ্রির ।,Neutral
test_id_5393,দেশের সব অঞ্চলে আগামী কয়েকদিন ১০-১৬ ডিগ্রির মধ্যে ।,Neutral
test_id_5394,সব অঞ্চলে আগামী কয়েকদিন ১০-১৬ ডিগ্রির মধ্যে তাপমাত্রা ।,Neutral
test_id_5395,অঞ্চলে আগামী কয়েকদিন ১০-১৬ ডিগ্রির মধ্যে তাপমাত্রা ওঠা-নামা ।,Neutral
test_id_5396,আগামী কয়েকদিন ১০-১৬ ডিগ্রির মধ্যে তাপমাত্রা ওঠা-নামা করতে ।,Neutral
test_id_5397,কয়েকদিন ১০-১৬ ডিগ্রির মধ্যে তাপমাত্রা ওঠা-নামা করতে পারে ।,Neutral
test_id_5398,আর তেঁতুলিয়াতে আগামী কয়েকদিনে তাপমাত্রা ৮ ডিগ্রি ।,Neutral
test_id_5399,তেঁতুলিয়াতে আগামী কয়েকদিনে তাপমাত্রা ৮ ডিগ্রি সেলসিয়াসে ।,Neutral
test_id_5400,আগামী কয়েকদিনে তাপমাত্রা ৮ ডিগ্রি সেলসিয়াসে নামতে ।,Neutral
test_id_5401,কয়েকদিনে তাপমাত্রা ৮ ডিগ্রি সেলসিয়াসে নামতে পারে ।,Neutral
test_id_5402,আর তেঁতুলিয়াতে আগামী কয়েকদিনে তাপমাত্রা ৮ ডিগ্রি সেলসিয়াসে ।,Neutral
test_id_5403,তেঁতুলিয়াতে আগামী কয়েকদিনে তাপমাত্রা ৮ ডিগ্রি সেলসিয়াসে নামতে ।,Neutral
test_id_5404,আগামী কয়েকদিনে তাপমাত্রা ৮ ডিগ্রি সেলসিয়াসে নামতে পারে ।,Neutral
test_id_5405,২৯ ও ৩০ ডিসেম্বর রাজশাহী এবং রংপুর ।,Neutral
test_id_5406,ও ৩০ ডিসেম্বর রাজশাহী এবং রংপুর বিভাগে ।,Neutral
test_id_5407,৩০ ডিসেম্বর রাজশাহী এবং রংপুর বিভাগে গুঁড়ি ।,Neutral
test_id_5408,ডিসেম্বর রাজশাহী এবং রংপুর বিভাগে গুঁড়ি গুঁড়ি ।,Neutral
test_id_5409,রাজশাহী এবং রংপুর বিভাগে গুঁড়ি গুঁড়ি বৃষ্টি ।,Neutral
test_id_5410,এবং রংপুর বিভাগে গুঁড়ি গুঁড়ি বৃষ্টি হতে ।,Neutral
test_id_5411,রংপুর বিভাগে গুঁড়ি গুঁড়ি বৃষ্টি হতে পারে ।,Neutral
test_id_5412,২৯ ও ৩০ ডিসেম্বর রাজশাহী এবং রংপুর বিভাগে ।,Neutral
test_id_5413,ও ৩০ ডিসেম্বর রাজশাহী এবং রংপুর বিভাগে গুঁড়ি ।,Neutral
test_id_5414,৩০ ডিসেম্বর রাজশাহী এবং রংপুর বিভাগে গুঁড়ি গুঁড়ি ।,Neutral
test_id_5415,ডিসেম্বর রাজশাহী এবং রংপুর বিভাগে গুঁড়ি গুঁড়ি বৃষ্টি ।,Neutral
test_id_5416,রাজশাহী এবং রংপুর বিভাগে গুঁড়ি গুঁড়ি বৃষ্টি হতে ।,Neutral
test_id_5417,এবং রংপুর বিভাগে গুঁড়ি গুঁড়ি বৃষ্টি হতে পারে ।,Neutral
test_id_5418,তাপমাত্রা ৮ থেকে ১০ ডিগ্রি সেলসিয়াসের মধ্যে ।,Neutral
test_id_5419,৮ থেকে ১০ ডিগ্রি সেলসিয়াসের মধ্যে থাকলে ।,Neutral
test_id_5420,থেকে ১০ ডিগ্রি সেলসিয়াসের মধ্যে থাকলে তাকে ।,Neutral
test_id_5421,১০ ডিগ্রি সেলসিয়াসের মধ্যে থাকলে তাকে মৃদু ।,Neutral
test_id_5422,ডিগ্রি সেলসিয়াসের মধ্যে থাকলে তাকে মৃদু শৈত্যপ্রবাহ ।,Neutral
test_id_5423,তাপমাত্রা ৮ থেকে ১০ ডিগ্রি সেলসিয়াসের মধ্যে থাকলে ।,Neutral
test_id_5424,৮ থেকে ১০ ডিগ্রি সেলসিয়াসের মধ্যে থাকলে তাকে ।,Neutral
test_id_5425,থেকে ১০ ডিগ্রি সেলসিয়াসের মধ্যে থাকলে তাকে মৃদু ।,Neutral
test_id_5426,১০ ডিগ্রি সেলসিয়াসের মধ্যে থাকলে তাকে মৃদু শৈত্যপ্রবাহ ।,Neutral
test_id_5427,৬ থেকে ৮ ডিগ্রির মধ্যে থাকলে মাঝারি ।,Neutral
test_id_5428,থেকে ৮ ডিগ্রির মধ্যে থাকলে মাঝারি শৈত্যপ্রবাহ ।,Neutral
test_id_5429,৮ ডিগ্রির মধ্যে থাকলে মাঝারি শৈত্যপ্রবাহ বলে ।,Neutral
test_id_5430,৬ থেকে ৮ ডিগ্রির মধ্যে থাকলে মাঝারি শৈত্যপ্রবাহ ।,Neutral
test_id_5431,থেকে ৮ ডিগ্রির মধ্যে থাকলে মাঝারি শৈত্যপ্রবাহ বলে ।,Neutral
test_id_5432,আর তাপমাত্রা ৬ ডিগ্রি সেলসিয়াসের নিচে নেমে ।,Neutral
test_id_5433,তাপমাত্রা ৬ ডিগ্রি সেলসিয়াসের নিচে নেমে গেলে ।,Neutral
test_id_5434,৬ ডিগ্রি সেলসিয়াসের নিচে নেমে গেলে তাকে ।,Neutral
test_id_5435,ডিগ্রি সেলসিয়াসের নিচে নেমে গেলে তাকে বলে ।,Neutral
test_id_5436,সেলসিয়াসের নিচে নেমে গেলে তাকে বলে তীব্র ।,Neutral
test_id_5437,নিচে নেমে গেলে তাকে বলে তীব্র শৈত্যপ্রবাহ ।,Neutral
test_id_5438,আর তাপমাত্রা ৬ ডিগ্রি সেলসিয়াসের নিচে নেমে গেলে ।,Neutral
test_id_5439,তাপমাত্রা ৬ ডিগ্রি সেলসিয়াসের নিচে নেমে গেলে তাকে ।,Neutral
test_id_5440,৬ ডিগ্রি সেলসিয়াসের নিচে নেমে গেলে তাকে বলে ।,Neutral
test_id_5441,ডিগ্রি সেলসিয়াসের নিচে নেমে গেলে তাকে বলে তীব্র ।,Neutral
test_id_5442,সেলসিয়াসের নিচে নেমে গেলে তাকে বলে তীব্র শৈত্যপ্রবাহ ।,Neutral
test_id_5443,নতুন বছর শুরুতে দেশের আলাদা আলাদা অঞ্চলে ।,Neutral
test_id_5444,বছর শুরুতে দেশের আলাদা আলাদা অঞ্চলে শৈত্যপ্রবাহের ।,Neutral
test_id_5445,শুরুতে দেশের আলাদা আলাদা অঞ্চলে শৈত্যপ্রবাহের ভিন্নতা ।,Neutral
test_id_5446,দেশের আলাদা আলাদা অঞ্চলে শৈত্যপ্রবাহের ভিন্নতা দেখা ।,Neutral
test_id_5447,আলাদা আলাদা অঞ্চলে শৈত্যপ্রবাহের ভিন্নতা দেখা দিতে ।,Neutral
test_id_5448,আলাদা অঞ্চলে শৈত্যপ্রবাহের ভিন্নতা দেখা দিতে পারে ।,Neutral
test_id_5449,নতুন বছর শুরুতে দেশের আলাদা আলাদা অঞ্চলে শৈত্যপ্রবাহের ।,Neutral
test_id_5450,বছর শুরুতে দেশের আলাদা আলাদা অঞ্চলে শৈত্যপ্রবাহের ভিন্নতা ।,Neutral
test_id_5451,শুরুতে দেশের আলাদা আলাদা অঞ্চলে শৈত্যপ্রবাহের ভিন্নতা দেখা ।,Neutral
test_id_5452,দেশের আলাদা আলাদা অঞ্চলে শৈত্যপ্রবাহের ভিন্নতা দেখা দিতে ।,Neutral
test_id_5453,আলাদা আলাদা অঞ্চলে শৈত্যপ্রবাহের ভিন্নতা দেখা দিতে পারে ।,Neutral
test_id_5454,মেয়েদের হোস্টেলে মাঝরাতে ঢুকে পড়ল একটি চিতাবাঘ ।,Neutral
test_id_5455,রবিবার ঘটনাটি ঘটেছে ভারতের লখনউ শহরের ইন্টিগ্রাল ।,Neutral
test_id_5456,ঘটনাটি ঘটেছে ভারতের লখনউ শহরের ইন্টিগ্রাল বিশ্ববিদ্যালয়ের ।,Neutral
test_id_5457,ঘটেছে ভারতের লখনউ শহরের ইন্টিগ্রাল বিশ্ববিদ্যালয়ের লেডিস ।,Neutral
test_id_5458,ভারতের লখনউ শহরের ইন্টিগ্রাল বিশ্ববিদ্যালয়ের লেডিস হোস্টেলে ।,Neutral
test_id_5459,লখনউ শহরের ইন্টিগ্রাল বিশ্ববিদ্যালয়ের লেডিস হোস্টেলে ওই ।,Neutral
test_id_5460,শহরের ইন্টিগ্রাল বিশ্ববিদ্যালয়ের লেডিস হোস্টেলে ওই ঘটনায় ।,Neutral
test_id_5461,ইন্টিগ্রাল বিশ্ববিদ্যালয়ের লেডিস হোস্টেলে ওই ঘটনায় চিতাবাঘটিকে ।,Neutral
test_id_5462,বিশ্ববিদ্যালয়ের লেডিস হোস্টেলে ওই ঘটনায় চিতাবাঘটিকে তাড়াতে ।,Neutral
test_id_5463,লেডিস হোস্টেলে ওই ঘটনায় চিতাবাঘটিকে তাড়াতে গিয়ে ।,Neutral
test_id_5464,হোস্টেলে ওই ঘটনায় চিতাবাঘটিকে তাড়াতে গিয়ে ১৫ ।,Neutral
test_id_5465,ওই ঘটনায় চিতাবাঘটিকে তাড়াতে গিয়ে ১৫ জন ।,Neutral
test_id_5466,ঘটনায় চিতাবাঘটিকে তাড়াতে গিয়ে ১৫ জন জখম ।,Neutral
test_id_5467,চিতাবাঘটিকে তাড়াতে গিয়ে ১৫ জন জখম হয়েছেন ।,Neutral
test_id_5468,রবিবার ঘটনাটি ঘটেছে ভারতের লখনউ শহরের ইন্টিগ্রাল বিশ্ববিদ্যালয়ের ।,Neutral
test_id_5469,ঘটনাটি ঘটেছে ভারতের লখনউ শহরের ইন্টিগ্রাল বিশ্ববিদ্যালয়ের লেডিস ।,Neutral
test_id_5470,ঘটেছে ভারতের লখনউ শহরের ইন্টিগ্রাল বিশ্ববিদ্যালয়ের লেডিস হোস্টেলে ।,Neutral
test_id_5471,ভারতের লখনউ শহরের ইন্টিগ্রাল বিশ্ববিদ্যালয়ের লেডিস হোস্টেলে ওই ।,Neutral
test_id_5472,লখনউ শহরের ইন্টিগ্রাল বিশ্ববিদ্যালয়ের লেডিস হোস্টেলে ওই ঘটনায় ।,Neutral
test_id_5473,শহরের ইন্টিগ্রাল বিশ্ববিদ্যালয়ের লেডিস হোস্টেলে ওই ঘটনায় চিতাবাঘটিকে ।,Neutral
test_id_5474,ইন্টিগ্রাল বিশ্ববিদ্যালয়ের লেডিস হোস্টেলে ওই ঘটনায় চিতাবাঘটিকে তাড়াতে ।,Neutral
test_id_5475,বিশ্ববিদ্যালয়ের লেডিস হোস্টেলে ওই ঘটনায় চিতাবাঘটিকে তাড়াতে গিয়ে ।,Neutral
test_id_5476,লেডিস হোস্টেলে ওই ঘটনায় চিতাবাঘটিকে তাড়াতে গিয়ে ১৫ ।,Neutral
test_id_5477,হোস্টেলে ওই ঘটনায় চিতাবাঘটিকে তাড়াতে গিয়ে ১৫ জন ।,Neutral
test_id_5478,ওই ঘটনায় চিতাবাঘটিকে তাড়াতে গিয়ে ১৫ জন জখম ।,Neutral
test_id_5479,ঘটনায় চিতাবাঘটিকে তাড়াতে গিয়ে ১৫ জন জখম হয়েছেন ।,Neutral
test_id_5480,পরে চিতাবাঘটিকে ধরতে বনকর্মীরা ঘটনাস্থলে পৌঁছলেও সোমবার ।,Neutral
test_id_5481,চিতাবাঘটিকে ধরতে বনকর্মীরা ঘটনাস্থলে পৌঁছলেও সোমবার সকাল ।,Neutral
test_id_5482,ধরতে বনকর্মীরা ঘটনাস্থলে পৌঁছলেও সোমবার সকাল পর্যন্ত ।,Neutral
test_id_5483,বনকর্মীরা ঘটনাস্থলে পৌঁছলেও সোমবার সকাল পর্যন্ত তার ।,Neutral
test_id_5484,ঘটনাস্থলে পৌঁছলেও সোমবার সকাল পর্যন্ত তার নাগাল ।,Neutral
test_id_5485,পৌঁছলেও সোমবার সকাল পর্যন্ত তার নাগাল পাওয়া ।,Neutral
test_id_5486,সোমবার সকাল পর্যন্ত তার নাগাল পাওয়া যায়নি ।,Neutral
test_id_5487,পরে চিতাবাঘটিকে ধরতে বনকর্মীরা ঘটনাস্থলে পৌঁছলেও সোমবার সকাল ।,Neutral
test_id_5488,চিতাবাঘটিকে ধরতে বনকর্মীরা ঘটনাস্থলে পৌঁছলেও সোমবার সকাল পর্যন্ত ।,Neutral
test_id_5489,ধরতে বনকর্মীরা ঘটনাস্থলে পৌঁছলেও সোমবার সকাল পর্যন্ত তার ।,Neutral
test_id_5490,বনকর্মীরা ঘটনাস্থলে পৌঁছলেও সোমবার সকাল পর্যন্ত তার নাগাল ।,Neutral
test_id_5491,ঘটনাস্থলে পৌঁছলেও সোমবার সকাল পর্যন্ত তার নাগাল পাওয়া ।,Neutral
test_id_5492,পৌঁছলেও সোমবার সকাল পর্যন্ত তার নাগাল পাওয়া যায়নি ।,Neutral
test_id_5493,লখনউয়ের রাস্তায় গত দু’দিন ধরেই ঘুরে বেড়চ্ছে ।,Neutral
test_id_5494,রাস্তায় গত দু’দিন ধরেই ঘুরে বেড়চ্ছে চিতাবাঘটি ।,Neutral
test_id_5495,লখনউয়ের রাস্তায় গত দু’দিন ধরেই ঘুরে বেড়চ্ছে চিতাবাঘটি ।,Neutral
test_id_5496,বড়দিনের রাতে সিসিটিভি ক্যামেরায় প্রথম তার ছবি ।,Neutral
test_id_5497,রাতে সিসিটিভি ক্যামেরায় প্রথম তার ছবি ধরা ।,Neutral
test_id_5498,সিসিটিভি ক্যামেরায় প্রথম তার ছবি ধরা পড়ে ।,Neutral
test_id_5499,বড়দিনের রাতে সিসিটিভি ক্যামেরায় প্রথম তার ছবি ধরা ।,Neutral
test_id_5500,রাতে সিসিটিভি ক্যামেরায় প্রথম তার ছবি ধরা পড়ে ।,Neutral
test_id_5501,যদিও তাকে ধরার সব রকম চেষ্টা ব্যর্থ ।,Neutral
test_id_5502,তাকে ধরার সব রকম চেষ্টা ব্যর্থ হয়েছে ।,Neutral
test_id_5503,যদিও তাকে ধরার সব রকম চেষ্টা ব্যর্থ হয়েছে ।,Neutral
test_id_5504,ফলে চিতাবাঘের হামলার ভয়ে উৎসবের মৌসুমে বাধ্য ।,Neutral
test_id_5505,চিতাবাঘের হামলার ভয়ে উৎসবের মৌসুমে বাধ্য হয়েই ।,Neutral
test_id_5506,হামলার ভয়ে উৎসবের মৌসুমে বাধ্য হয়েই ঘরবন্দি ।,Neutral
test_id_5507,ভয়ে উৎসবের মৌসুমে বাধ্য হয়েই ঘরবন্দি হয়েছেন ।,Neutral
test_id_5508,উৎসবের মৌসুমে বাধ্য হয়েই ঘরবন্দি হয়েছেন নবাবনগরীর ।,Neutral
test_id_5509,মৌসুমে বাধ্য হয়েই ঘরবন্দি হয়েছেন নবাবনগরীর বাসিন্দারা ।,Neutral
test_id_5510,ফলে চিতাবাঘের হামলার ভয়ে উৎসবের মৌসুমে বাধ্য হয়েই ।,Neutral
test_id_5511,চিতাবাঘের হামলার ভয়ে উৎসবের মৌসুমে বাধ্য হয়েই ঘরবন্দি ।,Neutral
test_id_5512,হামলার ভয়ে উৎসবের মৌসুমে বাধ্য হয়েই ঘরবন্দি হয়েছেন ।,Neutral
test_id_5513,ভয়ে উৎসবের মৌসুমে বাধ্য হয়েই ঘরবন্দি হয়েছেন নবাবনগরীর ।,Neutral
test_id_5514,উৎসবের মৌসুমে বাধ্য হয়েই ঘরবন্দি হয়েছেন নবাবনগরীর বাসিন্দারা ।,Neutral
test_id_5515,আতঙ্ক এতটাই ছড়িয়েছে যে ‘বাঘ’ তাড়াতে কেউ ।,Neutral
test_id_5516,এতটাই ছড়িয়েছে যে ‘বাঘ’ তাড়াতে কেউ বাড়ির ।,Neutral
test_id_5517,ছড়িয়েছে যে ‘বাঘ’ তাড়াতে কেউ বাড়ির ভিতরেই ।,Neutral
test_id_5518,যে ‘বাঘ’ তাড়াতে কেউ বাড়ির ভিতরেই তারস্বরে ।,Neutral
test_id_5519,‘বাঘ’ তাড়াতে কেউ বাড়ির ভিতরেই তারস্বরে গান ।,Neutral
test_id_5520,তাড়াতে কেউ বাড়ির ভিতরেই তারস্বরে গান বাজিয়েছেন ।,Neutral
test_id_5521,আতঙ্ক এতটাই ছড়িয়েছে যে ‘বাঘ’ তাড়াতে কেউ বাড়ির ।,Neutral
test_id_5522,এতটাই ছড়িয়েছে যে ‘বাঘ’ তাড়াতে কেউ বাড়ির ভিতরেই ।,Neutral
test_id_5523,ছড়িয়েছে যে ‘বাঘ’ তাড়াতে কেউ বাড়ির ভিতরেই তারস্বরে ।,Neutral
test_id_5524,যে ‘বাঘ’ তাড়াতে কেউ বাড়ির ভিতরেই তারস্বরে গান ।,Neutral
test_id_5525,‘বাঘ’ তাড়াতে কেউ বাড়ির ভিতরেই তারস্বরে গান বাজিয়েছেন ।,Neutral
test_id_5526,কেউ আবার গলা ছেড়ে পড়েছেন হনুমান চালিসা ।,Neutral
test_id_5527,তার ৫ বছরের সন্তান বাড়ির বাইরে খেলা ।,Neutral
test_id_5528,৫ বছরের সন্তান বাড়ির বাইরে খেলা করছিল ।,Neutral
test_id_5529,তার ৫ বছরের সন্তান বাড়ির বাইরে খেলা করছিল ।,Neutral
test_id_5530,ঠিক তখনই কেউ চিৎকার করে বলে তাদের ।,Neutral
test_id_5531,তখনই কেউ চিৎকার করে বলে তাদের কলোনিতে ।,Neutral
test_id_5532,কেউ চিৎকার করে বলে তাদের কলোনিতে একটি ।,Neutral
test_id_5533,চিৎকার করে বলে তাদের কলোনিতে একটি চিতাবাঘ ।,Neutral
test_id_5534,করে বলে তাদের কলোনিতে একটি চিতাবাঘ ঢুকে ।,Neutral
test_id_5535,বলে তাদের কলোনিতে একটি চিতাবাঘ ঢুকে পড়েছে ।,Neutral
test_id_5536,ঠিক তখনই কেউ চিৎকার করে বলে তাদের কলোনিতে ।,Neutral
test_id_5537,তখনই কেউ চিৎকার করে বলে তাদের কলোনিতে একটি ।,Neutral
test_id_5538,কেউ চিৎকার করে বলে তাদের কলোনিতে একটি চিতাবাঘ ।,Neutral
test_id_5539,চিৎকার করে বলে তাদের কলোনিতে একটি চিতাবাঘ ঢুকে ।,Neutral
test_id_5540,করে বলে তাদের কলোনিতে একটি চিতাবাঘ ঢুকে পড়েছে ।,Neutral
test_id_5541,মুহূর্তের মধ্যে কী যেন একটা হয়ে যায় ।,Neutral
test_id_5542,আমার স্বামী ছেলেকে নিয়ে ঘরে ঢুকে দরজা ।,Neutral
test_id_5543,স্বামী ছেলেকে নিয়ে ঘরে ঢুকে দরজা বন্ধ ।,Neutral
test_id_5544,ছেলেকে নিয়ে ঘরে ঢুকে দরজা বন্ধ করে ।,Neutral
test_id_5545,নিয়ে ঘরে ঢুকে দরজা বন্ধ করে দেয় ।,Neutral
test_id_5546,আমার স্বামী ছেলেকে নিয়ে ঘরে ঢুকে দরজা বন্ধ ।,Neutral
test_id_5547,স্বামী ছেলেকে নিয়ে ঘরে ঢুকে দরজা বন্ধ করে ।,Neutral
test_id_5548,ছেলেকে নিয়ে ঘরে ঢুকে দরজা বন্ধ করে দেয় ।,Neutral
test_id_5549,আমি প্রচণ্ড ভয়ে চিৎকার করে হনুমান চালিসা ।,Neutral
test_id_5550,প্রচণ্ড ভয়ে চিৎকার করে হনুমান চালিসা আওড়াতে ।,Neutral
test_id_5551,ভয়ে চিৎকার করে হনুমান চালিসা আওড়াতে শুরু ।,Neutral
test_id_5552,চিৎকার করে হনুমান চালিসা আওড়াতে শুরু করি ।,Neutral
test_id_5553,আমি প্রচণ্ড ভয়ে চিৎকার করে হনুমান চালিসা আওড়াতে ।,Neutral
test_id_5554,প্রচণ্ড ভয়ে চিৎকার করে হনুমান চালিসা আওড়াতে শুরু ।,Neutral
test_id_5555,ভয়ে চিৎকার করে হনুমান চালিসা আওড়াতে শুরু করি ।,Neutral
test_id_5556,আনন্দবাজার আজকের এই দিনে জন্মগ্রহণ করায় পাশ্চাত্য ।,Neutral
test_id_5557,আজকের এই দিনে জন্মগ্রহণ করায় পাশ্চাত্য মতে ।,Neutral
test_id_5558,এই দিনে জন্মগ্রহণ করায় পাশ্চাত্য মতে আপনি ।,Neutral
test_id_5559,দিনে জন্মগ্রহণ করায় পাশ্চাত্য মতে আপনি মকর ।,Neutral
test_id_5560,জন্মগ্রহণ করায় পাশ্চাত্য মতে আপনি মকর রাশির ।,Neutral
test_id_5561,করায় পাশ্চাত্য মতে আপনি মকর রাশির জাতব্যক্তি ।,Neutral
test_id_5562,আনন্দবাজার আজকের এই দিনে জন্মগ্রহণ করায় পাশ্চাত্য মতে ।,Neutral
test_id_5563,আজকের এই দিনে জন্মগ্রহণ করায় পাশ্চাত্য মতে আপনি ।,Neutral
test_id_5564,এই দিনে জন্মগ্রহণ করায় পাশ্চাত্য মতে আপনি মকর ।,Neutral
test_id_5565,দিনে জন্মগ্রহণ করায় পাশ্চাত্য মতে আপনি মকর রাশির ।,Neutral
test_id_5566,জন্মগ্রহণ করায় পাশ্চাত্য মতে আপনি মকর রাশির জাতব্যক্তি ।,Neutral
test_id_5567,আপনার ওপর আজ ন্যায়ের দেবতা শনি মহারাজ ।,Neutral
test_id_5568,ওপর আজ ন্যায়ের দেবতা শনি মহারাজ বিঘ্ন ।,Neutral
test_id_5569,আজ ন্যায়ের দেবতা শনি মহারাজ বিঘ্ন সৃষ্টিকারী ।,Neutral
test_id_5570,ন্যায়ের দেবতা শনি মহারাজ বিঘ্ন সৃষ্টিকারী গ্রহ ।,Neutral
test_id_5571,দেবতা শনি মহারাজ বিঘ্ন সৃষ্টিকারী গ্রহ কেতু ।,Neutral
test_id_5572,শনি মহারাজ বিঘ্ন সৃষ্টিকারী গ্রহ কেতু ও ।,Neutral
test_id_5573,মহারাজ বিঘ্ন সৃষ্টিকারী গ্রহ কেতু ও দেবগুরু ।,Neutral
test_id_5574,বিঘ্ন সৃষ্টিকারী গ্রহ কেতু ও দেবগুরু বৃহস্পতির ।,Neutral
test_id_5575,সৃষ্টিকারী গ্রহ কেতু ও দেবগুরু বৃহস্পতির প্রভাব ।,Neutral
test_id_5576,গ্রহ কেতু ও দেবগুরু বৃহস্পতির প্রভাব বিদ্যমান ।,Neutral
test_id_5577,আপনার ওপর আজ ন্যায়ের দেবতা শনি মহারাজ বিঘ্ন ।,Neutral
test_id_5578,ওপর আজ ন্যায়ের দেবতা শনি মহারাজ বিঘ্ন সৃষ্টিকারী ।,Neutral
test_id_5579,আজ ন্যায়ের দেবতা শনি মহারাজ বিঘ্ন সৃষ্টিকারী গ্রহ ।,Neutral
test_id_5580,ন্যায়ের দেবতা শনি মহারাজ বিঘ্ন সৃষ্টিকারী গ্রহ কেতু ।,Neutral
test_id_5581,দেবতা শনি মহারাজ বিঘ্ন সৃষ্টিকারী গ্রহ কেতু ও ।,Neutral
test_id_5582,শনি মহারাজ বিঘ্ন সৃষ্টিকারী গ্রহ কেতু ও দেবগুরু ।,Neutral
test_id_5583,মহারাজ বিঘ্ন সৃষ্টিকারী গ্রহ কেতু ও দেবগুরু বৃহস্পতির ।,Neutral
test_id_5584,বিঘ্ন সৃষ্টিকারী গ্রহ কেতু ও দেবগুরু বৃহস্পতির প্রভাব ।,Neutral
test_id_5585,সৃষ্টিকারী গ্রহ কেতু ও দেবগুরু বৃহস্পতির প্রভাব বিদ্যমান ।,Neutral
test_id_5586,আপনার সঙ্গে কুম্ভ রাশির বন্ধুত্ব শুভফল প্রদান ।,Neutral
test_id_5587,সঙ্গে কুম্ভ রাশির বন্ধুত্ব শুভফল প্রদান করবে ।,Neutral
test_id_5588,আপনার সঙ্গে কুম্ভ রাশির বন্ধুত্ব শুভফল প্রদান করবে ।,Neutral
test_id_5589,চতুর্দিক থেকে তরতাজা উন্নতি করতে থাকায় মন ।,Neutral
test_id_5590,থেকে তরতাজা উন্নতি করতে থাকায় মন আনন্দে ।,Neutral
test_id_5591,তরতাজা উন্নতি করতে থাকায় মন আনন্দে নাচবে ।,Neutral
test_id_5592,চতুর্দিক থেকে তরতাজা উন্নতি করতে থাকায় মন আনন্দে ।,Neutral
test_id_5593,থেকে তরতাজা উন্নতি করতে থাকায় মন আনন্দে নাচবে ।,Neutral
test_id_5594,১০০ কোটি ডলার আয় করে শীর্ষে স্পাইডারম্যান ।,Neutral
test_id_5595,কোটি ডলার আয় করে শীর্ষে স্পাইডারম্যান স্পাইডার-ম্যান ।,Neutral
test_id_5596,ডলার আয় করে শীর্ষে স্পাইডারম্যান স্পাইডার-ম্যান ফ্র্যাঞ্চাইজির ।,Neutral
test_id_5597,আয় করে শীর্ষে স্পাইডারম্যান স্পাইডার-ম্যান ফ্র্যাঞ্চাইজির সর্বশেষ ।,Neutral
test_id_5598,করে শীর্ষে স্পাইডারম্যান স্পাইডার-ম্যান ফ্র্যাঞ্চাইজির সর্বশেষ কিস্তি ।,Neutral
test_id_5599,শীর্ষে স্পাইডারম্যান স্পাইডার-ম্যান ফ্র্যাঞ্চাইজির সর্বশেষ কিস্তি ‘স্পাইডার-ম্যান ।,Neutral
test_id_5600,১০০ কোটি ডলার আয় করে শীর্ষে স্পাইডারম্যান স্পাইডার-ম্যান ।,Neutral
test_id_5601,কোটি ডলার আয় করে শীর্ষে স্পাইডারম্যান স্পাইডার-ম্যান ফ্র্যাঞ্চাইজির ।,Neutral
test_id_5602,ডলার আয় করে শীর্ষে স্পাইডারম্যান স্পাইডার-ম্যান ফ্র্যাঞ্চাইজির সর্বশেষ ।,Neutral
test_id_5603,আয় করে শীর্ষে স্পাইডারম্যান স্পাইডার-ম্যান ফ্র্যাঞ্চাইজির সর্বশেষ কিস্তি ।,Neutral
test_id_5604,করে শীর্ষে স্পাইডারম্যান স্পাইডার-ম্যান ফ্র্যাঞ্চাইজির সর্বশেষ কিস্তি ‘স্পাইডার-ম্যান ।,Neutral
test_id_5605,নো ওয়ে হোম’ বিশ্বব্যাপী বক্স অফিসে ১০০ ।,Neutral
test_id_5606,ওয়ে হোম’ বিশ্বব্যাপী বক্স অফিসে ১০০ কোটি ।,Neutral
test_id_5607,হোম’ বিশ্বব্যাপী বক্স অফিসে ১০০ কোটি ডলারের ।,Neutral
test_id_5608,বিশ্বব্যাপী বক্স অফিসে ১০০ কোটি ডলারের বেশি ।,Neutral
test_id_5609,বক্স অফিসে ১০০ কোটি ডলারের বেশি আয় ।,Neutral
test_id_5610,অফিসে ১০০ কোটি ডলারের বেশি আয় করেছে ।,Neutral
test_id_5611,নো ওয়ে হোম’ বিশ্বব্যাপী বক্স অফিসে ১০০ কোটি ।,Neutral
test_id_5612,ওয়ে হোম’ বিশ্বব্যাপী বক্স অফিসে ১০০ কোটি ডলারের ।,Neutral
test_id_5613,হোম’ বিশ্বব্যাপী বক্স অফিসে ১০০ কোটি ডলারের বেশি ।,Neutral
test_id_5614,বিশ্বব্যাপী বক্স অফিসে ১০০ কোটি ডলারের বেশি আয় ।,Neutral
test_id_5615,বক্স অফিসে ১০০ কোটি ডলারের বেশি আয় করেছে ।,Neutral
test_id_5616,২০২১ সালের সর্বোচ্চ আয়কারী চলচ্চিত্রও এখন এটি ।,Neutral
test_id_5617,বক্স অফিসে আয়ের দৌড়ে চীনের তৈরি কোরিয়ান ।,Neutral
test_id_5618,অফিসে আয়ের দৌড়ে চীনের তৈরি কোরিয়ান যুদ্ধের ।,Neutral
test_id_5619,আয়ের দৌড়ে চীনের তৈরি কোরিয়ান যুদ্ধের মহাকাব্য ।,Neutral
test_id_5620,বক্স অফিসে আয়ের দৌড়ে চীনের তৈরি কোরিয়ান যুদ্ধের ।,Neutral
test_id_5621,অফিসে আয়ের দৌড়ে চীনের তৈরি কোরিয়ান যুদ্ধের মহাকাব্য ।,Neutral
test_id_5622,দ্য ব্যাটল অফ লেক চাংজিন’কে হারিয়েছে স্পাইডারম্যান ।,Neutral
test_id_5623,‘দ্য ব্যাটল অফ লেক চাংজিন’র বিশ্বব্যাপী আয় ।,Neutral
test_id_5624,ব্যাটল অফ লেক চাংজিন’র বিশ্বব্যাপী আয় ৯০০ ।,Neutral
test_id_5625,অফ লেক চাংজিন’র বিশ্বব্যাপী আয় ৯০০ মিলিয়ন ।,Neutral
test_id_5626,লেক চাংজিন’র বিশ্বব্যাপী আয় ৯০০ মিলিয়ন ছাড়িয়েছে ।,Neutral
test_id_5627,‘দ্য ব্যাটল অফ লেক চাংজিন’র বিশ্বব্যাপী আয় ৯০০ ।,Neutral
test_id_5628,ব্যাটল অফ লেক চাংজিন’র বিশ্বব্যাপী আয় ৯০০ মিলিয়ন ।,Neutral
test_id_5629,অফ লেক চাংজিন’র বিশ্বব্যাপী আয় ৯০০ মিলিয়ন ছাড়িয়েছে ।,Neutral
test_id_5630,নো ওয়ে হোম’র আগে ২০১৯ সালের ‘স্টার ।,Neutral
test_id_5631,ওয়ে হোম’র আগে ২০১৯ সালের ‘স্টার ওয়ারস ।,Neutral
test_id_5632,নো ওয়ে হোম’র আগে ২০১৯ সালের ‘স্টার ওয়ারস ।,Neutral
test_id_5633,দ্য রাইজ অফ স্কাইওয়াকার’ ১০০ কোটি ডলারের ।,Neutral
test_id_5634,রাইজ অফ স্কাইওয়াকার’ ১০০ কোটি ডলারের বেশি ।,Neutral
test_id_5635,অফ স্কাইওয়াকার’ ১০০ কোটি ডলারের বেশি আয় ।,Neutral
test_id_5636,স্কাইওয়াকার’ ১০০ কোটি ডলারের বেশি আয় করা ।,Neutral
test_id_5637,১০০ কোটি ডলারের বেশি আয় করা শেষ ।,Neutral
test_id_5638,কোটি ডলারের বেশি আয় করা শেষ মুভি ।,Neutral
test_id_5639,দ্য রাইজ অফ স্কাইওয়াকার’ ১০০ কোটি ডলারের বেশি ।,Neutral
test_id_5640,রাইজ অফ স্কাইওয়াকার’ ১০০ কোটি ডলারের বেশি আয় ।,Neutral
test_id_5641,অফ স্কাইওয়াকার’ ১০০ কোটি ডলারের বেশি আয় করা ।,Neutral
test_id_5642,স্কাইওয়াকার’ ১০০ কোটি ডলারের বেশি আয় করা শেষ ।,Neutral
test_id_5643,১০০ কোটি ডলারের বেশি আয় করা শেষ মুভি ।,Neutral
test_id_5644,মহামারী শুরু হওয়ার পর থেকে হলিউডের অন্য ।,Neutral
test_id_5645,শুরু হওয়ার পর থেকে হলিউডের অন্য কোনও ।,Neutral
test_id_5646,হওয়ার পর থেকে হলিউডের অন্য কোনও প্রযোজনা ।,Neutral
test_id_5647,পর থেকে হলিউডের অন্য কোনও প্রযোজনা সেই ।,Neutral
test_id_5648,থেকে হলিউডের অন্য কোনও প্রযোজনা সেই বক্স ।,Neutral
test_id_5649,হলিউডের অন্য কোনও প্রযোজনা সেই বক্স অফিসের ।,Neutral
test_id_5650,অন্য কোনও প্রযোজনা সেই বক্স অফিসের মাইলফলক ।,Neutral
test_id_5651,কোনও প্রযোজনা সেই বক্স অফিসের মাইলফলক পৌঁছানোর ।,Neutral
test_id_5652,প্রযোজনা সেই বক্স অফিসের মাইলফলক পৌঁছানোর কাছাকাছি ।,Neutral
test_id_5653,সেই বক্স অফিসের মাইলফলক পৌঁছানোর কাছাকাছি আসেনি ।,Neutral
test_id_5654,মহামারী শুরু হওয়ার পর থেকে হলিউডের অন্য কোনও ।,Neutral
test_id_5655,শুরু হওয়ার পর থেকে হলিউডের অন্য কোনও প্রযোজনা ।,Neutral
test_id_5656,হওয়ার পর থেকে হলিউডের অন্য কোনও প্রযোজনা সেই ।,Neutral
test_id_5657,পর থেকে হলিউডের অন্য কোনও প্রযোজনা সেই বক্স ।,Neutral
test_id_5658,থেকে হলিউডের অন্য কোনও প্রযোজনা সেই বক্স অফিসের ।,Neutral
test_id_5659,হলিউডের অন্য কোনও প্রযোজনা সেই বক্স অফিসের মাইলফলক ।,Neutral
test_id_5660,অন্য কোনও প্রযোজনা সেই বক্স অফিসের মাইলফলক পৌঁছানোর ।,Neutral
test_id_5661,কোনও প্রযোজনা সেই বক্স অফিসের মাইলফলক পৌঁছানোর কাছাকাছি ।,Neutral
test_id_5662,প্রযোজনা সেই বক্স অফিসের মাইলফলক পৌঁছানোর কাছাকাছি আসেনি ।,Neutral
test_id_5663,মার্ভেল সিনেম্যাটিক ইউনিভার্স ফিল্মের নতুন ছবিটির আয় ।,Neutral
test_id_5664,সিনেম্যাটিক ইউনিভার্স ফিল্মের নতুন ছবিটির আয় বিশ্বব্যাপী ।,Neutral
test_id_5665,ইউনিভার্স ফিল্মের নতুন ছবিটির আয় বিশ্বব্যাপী বক্স ।,Neutral
test_id_5666,ফিল্মের নতুন ছবিটির আয় বিশ্বব্যাপী বক্স অফিসে ।,Neutral
test_id_5667,নতুন ছবিটির আয় বিশ্বব্যাপী বক্স অফিসে ১০০ ।,Neutral
test_id_5668,ছবিটির আয় বিশ্বব্যাপী বক্স অফিসে ১০০ কোটির ।,Neutral
test_id_5669,আয় বিশ্বব্যাপী বক্স অফিসে ১০০ কোটির ডলারের ।,Neutral
test_id_5670,বিশ্বব্যাপী বক্স অফিসে ১০০ কোটির ডলারের ঘর ।,Neutral
test_id_5671,বক্স অফিসে ১০০ কোটির ডলারের ঘর ছুঁয়েছে ।,Neutral
test_id_5672,মার্ভেল সিনেম্যাটিক ইউনিভার্স ফিল্মের নতুন ছবিটির আয় বিশ্বব্যাপী ।,Neutral
test_id_5673,সিনেম্যাটিক ইউনিভার্স ফিল্মের নতুন ছবিটির আয় বিশ্বব্যাপী বক্স ।,Neutral
test_id_5674,ইউনিভার্স ফিল্মের নতুন ছবিটির আয় বিশ্বব্যাপী বক্স অফিসে ।,Neutral
test_id_5675,ফিল্মের নতুন ছবিটির আয় বিশ্বব্যাপী বক্স অফিসে ১০০ ।,Neutral
test_id_5676,নতুন ছবিটির আয় বিশ্বব্যাপী বক্স অফিসে ১০০ কোটির ।,Neutral
test_id_5677,ছবিটির আয় বিশ্বব্যাপী বক্স অফিসে ১০০ কোটির ডলারের ।,Neutral
test_id_5678,আয় বিশ্বব্যাপী বক্স অফিসে ১০০ কোটির ডলারের ঘর ।,Neutral
test_id_5679,বিশ্বব্যাপী বক্স অফিসে ১০০ কোটির ডলারের ঘর ছুঁয়েছে ।,Neutral
test_id_5680,বর্তমানে বিশ্বের সবচেয়ে বড় সিনেমার বাজার চীনে ।,Neutral
test_id_5681,বিশ্বের সবচেয়ে বড় সিনেমার বাজার চীনে সনি ।,Neutral
test_id_5682,সবচেয়ে বড় সিনেমার বাজার চীনে সনি ও ।,Neutral
test_id_5683,বড় সিনেমার বাজার চীনে সনি ও ডিজনির ।,Neutral
test_id_5684,সিনেমার বাজার চীনে সনি ও ডিজনির সহপ্রযোজিত ।,Neutral
test_id_5685,বাজার চীনে সনি ও ডিজনির সহপ্রযোজিত ছবিটি ।,Neutral
test_id_5686,চীনে সনি ও ডিজনির সহপ্রযোজিত ছবিটি মুক্তি ।,Neutral
test_id_5687,সনি ও ডিজনির সহপ্রযোজিত ছবিটি মুক্তি পায়নি ।,Neutral
test_id_5688,বর্তমানে বিশ্বের সবচেয়ে বড় সিনেমার বাজার চীনে সনি ।,Neutral
test_id_5689,বিশ্বের সবচেয়ে বড় সিনেমার বাজার চীনে সনি ও ।,Neutral
test_id_5690,সবচেয়ে বড় সিনেমার বাজার চীনে সনি ও ডিজনির ।,Neutral
test_id_5691,বড় সিনেমার বাজার চীনে সনি ও ডিজনির সহপ্রযোজিত ।,Neutral
test_id_5692,সিনেমার বাজার চীনে সনি ও ডিজনির সহপ্রযোজিত ছবিটি ।,Neutral
test_id_5693,বাজার চীনে সনি ও ডিজনির সহপ্রযোজিত ছবিটি মুক্তি ।,Neutral
test_id_5694,চীনে সনি ও ডিজনির সহপ্রযোজিত ছবিটি মুক্তি পায়নি ।,Neutral
test_id_5695,ক্ষতিপূরণ চেয়ে করা রিটের শুনানি মঙ্গলবার সুগন্ধা ।,Neutral
test_id_5696,চেয়ে করা রিটের শুনানি মঙ্গলবার সুগন্ধা নদীতে ।,Neutral
test_id_5697,করা রিটের শুনানি মঙ্গলবার সুগন্ধা নদীতে এমভি ।,Neutral
test_id_5698,রিটের শুনানি মঙ্গলবার সুগন্ধা নদীতে এমভি অভিযান-১০ ।,Neutral
test_id_5699,শুনানি মঙ্গলবার সুগন্ধা নদীতে এমভি অভিযান-১০ নামের ।,Neutral
test_id_5700,মঙ্গলবার সুগন্ধা নদীতে এমভি অভিযান-১০ নামের লঞ্চে ।,Neutral
test_id_5701,সুগন্ধা নদীতে এমভি অভিযান-১০ নামের লঞ্চে আগুন ।,Neutral
test_id_5702,নদীতে এমভি অভিযান-১০ নামের লঞ্চে আগুন লাগার ।,Neutral
test_id_5703,এমভি অভিযান-১০ নামের লঞ্চে আগুন লাগার ঘটনায় ।,Neutral
test_id_5704,অভিযান-১০ নামের লঞ্চে আগুন লাগার ঘটনায় মৃতদের ।,Neutral
test_id_5705,নামের লঞ্চে আগুন লাগার ঘটনায় মৃতদের পরিবারের ।,Neutral
test_id_5706,লঞ্চে আগুন লাগার ঘটনায় মৃতদের পরিবারের জন্য ।,Neutral
test_id_5707,আগুন লাগার ঘটনায় মৃতদের পরিবারের জন্য ৫০ ।,Neutral
test_id_5708,লাগার ঘটনায় মৃতদের পরিবারের জন্য ৫০ লাখ ।,Neutral
test_id_5709,ঘটনায় মৃতদের পরিবারের জন্য ৫০ লাখ টাকা ।,Neutral
test_id_5710,মৃতদের পরিবারের জন্য ৫০ লাখ টাকা করে ।,Neutral
test_id_5711,পরিবারের জন্য ৫০ লাখ টাকা করে এবং ।,Neutral
test_id_5712,জন্য ৫০ লাখ টাকা করে এবং গুরুতর ।,Neutral
test_id_5713,৫০ লাখ টাকা করে এবং গুরুতর আহত ।,Neutral
test_id_5714,লাখ টাকা করে এবং গুরুতর আহত ব্যক্তিদের ।,Neutral
test_id_5715,টাকা করে এবং গুরুতর আহত ব্যক্তিদের জন্য ।,Neutral
test_id_5716,করে এবং গুরুতর আহত ব্যক্তিদের জন্য ২০ ।,Neutral
test_id_5717,এবং গুরুতর আহত ব্যক্তিদের জন্য ২০ লাখ ।,Neutral
test_id_5718,গুরুতর আহত ব্যক্তিদের জন্য ২০ লাখ টাকা ।,Neutral
test_id_5719,আহত ব্যক্তিদের জন্য ২০ লাখ টাকা করে ।,Neutral
test_id_5720,ব্যক্তিদের জন্য ২০ লাখ টাকা করে ক্ষতিপূরণ ।,Neutral
test_id_5721,জন্য ২০ লাখ টাকা করে ক্ষতিপূরণ দেওয়ার ।,Neutral
test_id_5722,২০ লাখ টাকা করে ক্ষতিপূরণ দেওয়ার নির্দেশনা ।,Neutral
test_id_5723,লাখ টাকা করে ক্ষতিপূরণ দেওয়ার নির্দেশনা চেয়ে ।,Neutral
test_id_5724,টাকা করে ক্ষতিপূরণ দেওয়ার নির্দেশনা চেয়ে রিটের ।,Neutral
test_id_5725,করে ক্ষতিপূরণ দেওয়ার নির্দেশনা চেয়ে রিটের ওপর ।,Neutral
test_id_5726,ক্ষতিপূরণ দেওয়ার নির্দেশনা চেয়ে রিটের ওপর শুনানি ।,Neutral
test_id_5727,দেওয়ার নির্দেশনা চেয়ে রিটের ওপর শুনানি হবে ।,Neutral
test_id_5728,নির্দেশনা চেয়ে রিটের ওপর শুনানি হবে আগামীকাল ।,Neutral
test_id_5729,চেয়ে রিটের ওপর শুনানি হবে আগামীকাল মঙ্গলবার ।,Neutral
test_id_5730,ক্ষতিপূরণ চেয়ে করা রিটের শুনানি মঙ্গলবার সুগন্ধা নদীতে ।,Neutral
test_id_5731,চেয়ে করা রিটের শুনানি মঙ্গলবার সুগন্ধা নদীতে এমভি ।,Neutral
test_id_5732,করা রিটের শুনানি মঙ্গলবার সুগন্ধা নদীতে এমভি অভিযান-১০ ।,Neutral
test_id_5733,রিটের শুনানি মঙ্গলবার সুগন্ধা নদীতে এমভি অভিযান-১০ নামের ।,Neutral
test_id_5734,শুনানি মঙ্গলবার সুগন্ধা নদীতে এমভি অভিযান-১০ নামের লঞ্চে ।,Neutral
test_id_5735,মঙ্গলবার সুগন্ধা নদীতে এমভি অভিযান-১০ নামের লঞ্চে আগুন ।,Neutral
test_id_5736,সুগন্ধা নদীতে এমভি অভিযান-১০ নামের লঞ্চে আগুন লাগার ।,Neutral
test_id_5737,নদীতে এমভি অভিযান-১০ নামের লঞ্চে আগুন লাগার ঘটনায় ।,Neutral
test_id_5738,এমভি অভিযান-১০ নামের লঞ্চে আগুন লাগার ঘটনায় মৃতদের ।,Neutral
test_id_5739,অভিযান-১০ নামের লঞ্চে আগুন লাগার ঘটনায় মৃতদের পরিবারের ।,Neutral
test_id_5740,নামের লঞ্চে আগুন লাগার ঘটনায় মৃতদের পরিবারের জন্য ।,Neutral
test_id_5741,লঞ্চে আগুন লাগার ঘটনায় মৃতদের পরিবারের জন্য ৫০ ।,Neutral
test_id_5742,আগুন লাগার ঘটনায় মৃতদের পরিবারের জন্য ৫০ লাখ ।,Neutral
test_id_5743,লাগার ঘটনায় মৃতদের পরিবারের জন্য ৫০ লাখ টাকা ।,Neutral
test_id_5744,ঘটনায় মৃতদের পরিবারের জন্য ৫০ লাখ টাকা করে ।,Neutral
test_id_5745,মৃতদের পরিবারের জন্য ৫০ লাখ টাকা করে এবং ।,Neutral
test_id_5746,পরিবারের জন্য ৫০ লাখ টাকা করে এবং গুরুতর ।,Neutral
test_id_5747,জন্য ৫০ লাখ টাকা করে এবং গুরুতর আহত ।,Neutral
test_id_5748,৫০ লাখ টাকা করে এবং গুরুতর আহত ব্যক্তিদের ।,Neutral
test_id_5749,লাখ টাকা করে এবং গুরুতর আহত ব্যক্তিদের জন্য ।,Neutral
test_id_5750,টাকা করে এবং গুরুতর আহত ব্যক্তিদের জন্য ২০ ।,Neutral
test_id_5751,করে এবং গুরুতর আহত ব্যক্তিদের জন্য ২০ লাখ ।,Neutral
test_id_5752,এবং গুরুতর আহত ব্যক্তিদের জন্য ২০ লাখ টাকা ।,Neutral
test_id_5753,গুরুতর আহত ব্যক্তিদের জন্য ২০ লাখ টাকা করে ।,Neutral
test_id_5754,আহত ব্যক্তিদের জন্য ২০ লাখ টাকা করে ক্ষতিপূরণ ।,Neutral
test_id_5755,ব্যক্তিদের জন্য ২০ লাখ টাকা করে ক্ষতিপূরণ দেওয়ার ।,Neutral
test_id_5756,জন্য ২০ লাখ টাকা করে ক্ষতিপূরণ দেওয়ার নির্দেশনা ।,Neutral
test_id_5757,২০ লাখ টাকা করে ক্ষতিপূরণ দেওয়ার নির্দেশনা চেয়ে ।,Neutral
test_id_5758,লাখ টাকা করে ক্ষতিপূরণ দেওয়ার নির্দেশনা চেয়ে রিটের ।,Neutral
test_id_5759,টাকা করে ক্ষতিপূরণ দেওয়ার নির্দেশনা চেয়ে রিটের ওপর ।,Neutral
test_id_5760,করে ক্ষতিপূরণ দেওয়ার নির্দেশনা চেয়ে রিটের ওপর শুনানি ।,Neutral
test_id_5761,ক্ষতিপূরণ দেওয়ার নির্দেশনা চেয়ে রিটের ওপর শুনানি হবে ।,Neutral
test_id_5762,দেওয়ার নির্দেশনা চেয়ে রিটের ওপর শুনানি হবে আগামীকাল ।,Neutral
test_id_5763,নির্দেশনা চেয়ে রিটের ওপর শুনানি হবে আগামীকাল মঙ্গলবার ।,Neutral
test_id_5764,এ রিট আবেদন উপস্থাপনের পর বিচারপতি এম ।,Neutral
test_id_5765,রিট আবেদন উপস্থাপনের পর বিচারপতি এম ইনায়েতুর ।,Neutral
test_id_5766,আবেদন উপস্থাপনের পর বিচারপতি এম ইনায়েতুর রহিম ।,Neutral
test_id_5767,উপস্থাপনের পর বিচারপতি এম ইনায়েতুর রহিম ও ।,Neutral
test_id_5768,পর বিচারপতি এম ইনায়েতুর রহিম ও বিচারপতি ।,Neutral
test_id_5769,বিচারপতি এম ইনায়েতুর রহিম ও বিচারপতি মো. ।,Neutral
test_id_5770,এ রিট আবেদন উপস্থাপনের পর বিচারপতি এম ইনায়েতুর ।,Neutral
test_id_5771,রিট আবেদন উপস্থাপনের পর বিচারপতি এম ইনায়েতুর রহিম ।,Neutral
test_id_5772,আবেদন উপস্থাপনের পর বিচারপতি এম ইনায়েতুর রহিম ও ।,Neutral
test_id_5773,উপস্থাপনের পর বিচারপতি এম ইনায়েতুর রহিম ও বিচারপতি ।,Neutral
test_id_5774,পর বিচারপতি এম ইনায়েতুর রহিম ও বিচারপতি মো. ।,Neutral
test_id_5775,হাইকোর্টের সংশ্লিষ্ট শাখায় এ আবেদন করেন আইনজীবী ।,Neutral
test_id_5776,সংশ্লিষ্ট শাখায় এ আবেদন করেন আইনজীবী ইউনুছ ।,Neutral
test_id_5777,শাখায় এ আবেদন করেন আইনজীবী ইউনুছ আলী ।,Neutral
test_id_5778,এ আবেদন করেন আইনজীবী ইউনুছ আলী আকন্দ ।,Neutral
test_id_5779,হাইকোর্টের সংশ্লিষ্ট শাখায় এ আবেদন করেন আইনজীবী ইউনুছ ।,Neutral
test_id_5780,সংশ্লিষ্ট শাখায় এ আবেদন করেন আইনজীবী ইউনুছ আলী ।,Neutral
test_id_5781,শাখায় এ আবেদন করেন আইনজীবী ইউনুছ আলী আকন্দ ।,Neutral
test_id_5782,রিটে ঘটনার প্রকৃত কারণ উদঘাটনে বিচারিক অনুসন্ধানের ।,Neutral
test_id_5783,ঘটনার প্রকৃত কারণ উদঘাটনে বিচারিক অনুসন্ধানের জন্য ।,Neutral
test_id_5784,প্রকৃত কারণ উদঘাটনে বিচারিক অনুসন্ধানের জন্য কমিশন ।,Neutral
test_id_5785,কারণ উদঘাটনে বিচারিক অনুসন্ধানের জন্য কমিশন গঠনের ।,Neutral
test_id_5786,উদঘাটনে বিচারিক অনুসন্ধানের জন্য কমিশন গঠনের নির্দেশনাও ।,Neutral
test_id_5787,বিচারিক অনুসন্ধানের জন্য কমিশন গঠনের নির্দেশনাও চাওয়া ।,Neutral
test_id_5788,অনুসন্ধানের জন্য কমিশন গঠনের নির্দেশনাও চাওয়া হয়েছে ।,Neutral
test_id_5789,রিটে ঘটনার প্রকৃত কারণ উদঘাটনে বিচারিক অনুসন্ধানের জন্য ।,Neutral
test_id_5790,ঘটনার প্রকৃত কারণ উদঘাটনে বিচারিক অনুসন্ধানের জন্য কমিশন ।,Neutral
test_id_5791,প্রকৃত কারণ উদঘাটনে বিচারিক অনুসন্ধানের জন্য কমিশন গঠনের ।,Neutral
test_id_5792,কারণ উদঘাটনে বিচারিক অনুসন্ধানের জন্য কমিশন গঠনের নির্দেশনাও ।,Neutral
test_id_5793,উদঘাটনে বিচারিক অনুসন্ধানের জন্য কমিশন গঠনের নির্দেশনাও চাওয়া ।,Neutral
test_id_5794,বিচারিক অনুসন্ধানের জন্য কমিশন গঠনের নির্দেশনাও চাওয়া হয়েছে ।,Neutral
test_id_5795,বিআইডব্লিওটিএ’র চেয়ারম্যান এবং লঞ্চের মালিক হামজালাল শেখকে ।,Neutral
test_id_5796,এর আগে ২৩ ডিসেম্বর দিবাগত রাত ৩টার ।,Neutral
test_id_5797,আগে ২৩ ডিসেম্বর দিবাগত রাত ৩টার দিকে ।,Neutral
test_id_5798,২৩ ডিসেম্বর দিবাগত রাত ৩টার দিকে ঢাকা ।,Neutral
test_id_5799,ডিসেম্বর দিবাগত রাত ৩টার দিকে ঢাকা থেকে ।,Neutral
test_id_5800,দিবাগত রাত ৩টার দিকে ঢাকা থেকে বরগুনাগামী ।,Neutral
test_id_5801,রাত ৩টার দিকে ঢাকা থেকে বরগুনাগামী এমভি ।,Neutral
test_id_5802,৩টার দিকে ঢাকা থেকে বরগুনাগামী এমভি অভিযান-১০ ।,Neutral
test_id_5803,দিকে ঢাকা থেকে বরগুনাগামী এমভি অভিযান-১০ লঞ্চটিতে ।,Neutral
test_id_5804,ঢাকা থেকে বরগুনাগামী এমভি অভিযান-১০ লঞ্চটিতে পোনাবালিয়া ।,Neutral
test_id_5805,থেকে বরগুনাগামী এমভি অভিযান-১০ লঞ্চটিতে পোনাবালিয়া ইউনিয়নের ।,Neutral
test_id_5806,বরগুনাগামী এমভি অভিযান-১০ লঞ্চটিতে পোনাবালিয়া ইউনিয়নের দেউরী ।,Neutral
test_id_5807,এমভি অভিযান-১০ লঞ্চটিতে পোনাবালিয়া ইউনিয়নের দেউরী এলাকার ।,Neutral
test_id_5808,অভিযান-১০ লঞ্চটিতে পোনাবালিয়া ইউনিয়নের দেউরী এলাকার সুগন্ধা ।,Neutral
test_id_5809,লঞ্চটিতে পোনাবালিয়া ইউনিয়নের দেউরী এলাকার সুগন্ধা নদীতে ।,Neutral
test_id_5810,পোনাবালিয়া ইউনিয়নের দেউরী এলাকার সুগন্ধা নদীতে বিস্ফোরণের ।,Neutral
test_id_5811,ইউনিয়নের দেউরী এলাকার সুগন্ধা নদীতে বিস্ফোরণের পর ।,Neutral
test_id_5812,দেউরী এলাকার সুগন্ধা নদীতে বিস্ফোরণের পর আগুন ।,Neutral
test_id_5813,এলাকার সুগন্ধা নদীতে বিস্ফোরণের পর আগুন ধরে ।,Neutral
test_id_5814,সুগন্ধা নদীতে বিস্ফোরণের পর আগুন ধরে যায় ।,Neutral
test_id_5815,এর আগে ২৩ ডিসেম্বর দিবাগত রাত ৩টার দিকে ।,Neutral
test_id_5816,আগে ২৩ ডিসেম্বর দিবাগত রাত ৩টার দিকে ঢাকা ।,Neutral
test_id_5817,২৩ ডিসেম্বর দিবাগত রাত ৩টার দিকে ঢাকা থেকে ।,Neutral
test_id_5818,ডিসেম্বর দিবাগত রাত ৩টার দিকে ঢাকা থেকে বরগুনাগামী ।,Neutral
test_id_5819,দিবাগত রাত ৩টার দিকে ঢাকা থেকে বরগুনাগামী এমভি ।,Neutral
test_id_5820,রাত ৩টার দিকে ঢাকা থেকে বরগুনাগামী এমভি অভিযান-১০ ।,Neutral
test_id_5821,৩টার দিকে ঢাকা থেকে বরগুনাগামী এমভি অভিযান-১০ লঞ্চটিতে ।,Neutral
test_id_5822,দিকে ঢাকা থেকে বরগুনাগামী এমভি অভিযান-১০ লঞ্চটিতে পোনাবালিয়া ।,Neutral
test_id_5823,ঢাকা থেকে বরগুনাগামী এমভি অভিযান-১০ লঞ্চটিতে পোনাবালিয়া ইউনিয়নের ।,Neutral
test_id_5824,থেকে বরগুনাগামী এমভি অভিযান-১০ লঞ্চটিতে পোনাবালিয়া ইউনিয়নের দেউরী ।,Neutral
test_id_5825,বরগুনাগামী এমভি অভিযান-১০ লঞ্চটিতে পোনাবালিয়া ইউনিয়নের দেউরী এলাকার ।,Neutral
test_id_5826,এমভি অভিযান-১০ লঞ্চটিতে পোনাবালিয়া ইউনিয়নের দেউরী এলাকার সুগন্ধা ।,Neutral
test_id_5827,অভিযান-১০ লঞ্চটিতে পোনাবালিয়া ইউনিয়নের দেউরী এলাকার সুগন্ধা নদীতে ।,Neutral
test_id_5828,লঞ্চটিতে পোনাবালিয়া ইউনিয়নের দেউরী এলাকার সুগন্ধা নদীতে বিস্ফোরণের ।,Neutral
test_id_5829,পোনাবালিয়া ইউনিয়নের দেউরী এলাকার সুগন্ধা নদীতে বিস্ফোরণের পর ।,Neutral
test_id_5830,ইউনিয়নের দেউরী এলাকার সুগন্ধা নদীতে বিস্ফোরণের পর আগুন ।,Neutral
test_id_5831,দেউরী এলাকার সুগন্ধা নদীতে বিস্ফোরণের পর আগুন ধরে ।,Neutral
test_id_5832,এলাকার সুগন্ধা নদীতে বিস্ফোরণের পর আগুন ধরে যায় ।,Neutral
test_id_5833,এতে এখন পর্যন্ত ৪১ জনের প্রাণহানি হয়েছে ।,Neutral
test_id_5834,ওবায়দুল কাদের অবকাঠামোগত অনেক উন্নয়ন করলেও কয়েকটি ।,Neutral
test_id_5835,কাদের অবকাঠামোগত অনেক উন্নয়ন করলেও কয়েকটি সমস্যা ।,Neutral
test_id_5836,অবকাঠামোগত অনেক উন্নয়ন করলেও কয়েকটি সমস্যা সেই ।,Neutral
test_id_5837,অনেক উন্নয়ন করলেও কয়েকটি সমস্যা সেই সাফল্যকে ।,Neutral
test_id_5838,উন্নয়ন করলেও কয়েকটি সমস্যা সেই সাফল্যকে ম্লান ।,Neutral
test_id_5839,করলেও কয়েকটি সমস্যা সেই সাফল্যকে ম্লান করে ।,Neutral
test_id_5840,কয়েকটি সমস্যা সেই সাফল্যকে ম্লান করে দিচ্ছে ।,Neutral
test_id_5841,সমস্যা সেই সাফল্যকে ম্লান করে দিচ্ছে বলে ।,Neutral
test_id_5842,সেই সাফল্যকে ম্লান করে দিচ্ছে বলে মন্তব্য ।,Neutral
test_id_5843,সাফল্যকে ম্লান করে দিচ্ছে বলে মন্তব্য করেছেন ।,Neutral
test_id_5844,ম্লান করে দিচ্ছে বলে মন্তব্য করেছেন আওয়ামী ।,Neutral
test_id_5845,করে দিচ্ছে বলে মন্তব্য করেছেন আওয়ামী লীগের ।,Neutral
test_id_5846,দিচ্ছে বলে মন্তব্য করেছেন আওয়ামী লীগের সাধারণ ।,Neutral
test_id_5847,বলে মন্তব্য করেছেন আওয়ামী লীগের সাধারণ সম্পাদক ।,Neutral
test_id_5848,মন্তব্য করেছেন আওয়ামী লীগের সাধারণ সম্পাদক এবং ।,Neutral
test_id_5849,করেছেন আওয়ামী লীগের সাধারণ সম্পাদক এবং সড়ক ।,Neutral
test_id_5850,আওয়ামী লীগের সাধারণ সম্পাদক এবং সড়ক পরিবহন ।,Neutral
test_id_5851,লীগের সাধারণ সম্পাদক এবং সড়ক পরিবহন ও ।,Neutral
test_id_5852,সাধারণ সম্পাদক এবং সড়ক পরিবহন ও সেতুমন্ত্রী ।,Neutral
test_id_5853,সম্পাদক এবং সড়ক পরিবহন ও সেতুমন্ত্রী ওবায়দুল ।,Neutral
test_id_5854,এবং সড়ক পরিবহন ও সেতুমন্ত্রী ওবায়দুল কাদের ।,Neutral
test_id_5855,ওবায়দুল কাদের অবকাঠামোগত অনেক উন্নয়ন করলেও কয়েকটি সমস্যা ।,Neutral
test_id_5856,কাদের অবকাঠামোগত অনেক উন্নয়ন করলেও কয়েকটি সমস্যা সেই ।,Neutral
test_id_5857,অবকাঠামোগত অনেক উন্নয়ন করলেও কয়েকটি সমস্যা সেই সাফল্যকে ।,Neutral
test_id_5858,অনেক উন্নয়ন করলেও কয়েকটি সমস্যা সেই সাফল্যকে ম্লান ।,Neutral
test_id_5859,উন্নয়ন করলেও কয়েকটি সমস্যা সেই সাফল্যকে ম্লান করে ।,Neutral
test_id_5860,করলেও কয়েকটি সমস্যা সেই সাফল্যকে ম্লান করে দিচ্ছে ।,Neutral
test_id_5861,কয়েকটি সমস্যা সেই সাফল্যকে ম্লান করে দিচ্ছে বলে ।,Neutral
test_id_5862,সমস্যা সেই সাফল্যকে ম্লান করে দিচ্ছে বলে মন্তব্য ।,Neutral
test_id_5863,সেই সাফল্যকে ম্লান করে দিচ্ছে বলে মন্তব্য করেছেন ।,Neutral
test_id_5864,সাফল্যকে ম্লান করে দিচ্ছে বলে মন্তব্য করেছেন আওয়ামী ।,Neutral
test_id_5865,ম্লান করে দিচ্ছে বলে মন্তব্য করেছেন আওয়ামী লীগের ।,Neutral
test_id_5866,করে দিচ্ছে বলে মন্তব্য করেছেন আওয়ামী লীগের সাধারণ ।,Neutral
test_id_5867,দিচ্ছে বলে মন্তব্য করেছেন আওয়ামী লীগের সাধারণ সম্পাদক ।,Neutral
test_id_5868,বলে মন্তব্য করেছেন আওয়ামী লীগের সাধারণ সম্পাদক এবং ।,Neutral
test_id_5869,মন্তব্য করেছেন আওয়ামী লীগের সাধারণ সম্পাদক এবং সড়ক ।,Neutral
test_id_5870,করেছেন আওয়ামী লীগের সাধারণ সম্পাদক এবং সড়ক পরিবহন ।,Neutral
test_id_5871,আওয়ামী লীগের সাধারণ সম্পাদক এবং সড়ক পরিবহন ও ।,Neutral
test_id_5872,লীগের সাধারণ সম্পাদক এবং সড়ক পরিবহন ও সেতুমন্ত্রী ।,Neutral
test_id_5873,সাধারণ সম্পাদক এবং সড়ক পরিবহন ও সেতুমন্ত্রী ওবায়দুল ।,Neutral
test_id_5874,সম্পাদক এবং সড়ক পরিবহন ও সেতুমন্ত্রী ওবায়দুল কাদের ।,Neutral
test_id_5875,এসব উন্নয়নের সাফল্য বা সুফল যদি জনগণ ।,Neutral
test_id_5876,উন্নয়নের সাফল্য বা সুফল যদি জনগণ না ।,Neutral
test_id_5877,সাফল্য বা সুফল যদি জনগণ না পায় ।,Neutral
test_id_5878,এসব উন্নয়নের সাফল্য বা সুফল যদি জনগণ না ।,Neutral
test_id_5879,উন্নয়নের সাফল্য বা সুফল যদি জনগণ না পায় ।,Neutral
test_id_5880,তাহলে সেই উন্নয়নের অর্থ ব্যর্থ হয়ে যায় ।,Neutral
test_id_5881,ফলে অবকাঠামোগত এতো উন্নয়নের পরও স্বস্তি পাচ্ছি ।,Neutral
test_id_5882,অবকাঠামোগত এতো উন্নয়নের পরও স্বস্তি পাচ্ছি না ।,Neutral
test_id_5883,ফলে অবকাঠামোগত এতো উন্নয়নের পরও স্বস্তি পাচ্ছি না ।,Neutral
test_id_5884,রবিবার ঢাকার বাস চলাচলের ব্যবস্থা পাল্টে দিতে ।,Neutral
test_id_5885,ঢাকার বাস চলাচলের ব্যবস্থা পাল্টে দিতে ‘রুট ।,Neutral
test_id_5886,বাস চলাচলের ব্যবস্থা পাল্টে দিতে ‘রুট ন্যাশনালাইজেশন’ ।,Neutral
test_id_5887,চলাচলের ব্যবস্থা পাল্টে দিতে ‘রুট ন্যাশনালাইজেশন’ এর ।,Neutral
test_id_5888,ব্যবস্থা পাল্টে দিতে ‘রুট ন্যাশনালাইজেশন’ এর আওতায় ।,Neutral
test_id_5889,পাল্টে দিতে ‘রুট ন্যাশনালাইজেশন’ এর আওতায় পরীক্ষামূলকভাবে ।,Neutral
test_id_5890,দিতে ‘রুট ন্যাশনালাইজেশন’ এর আওতায় পরীক্ষামূলকভাবে ‘ঢাকা ।,Neutral
test_id_5891,‘রুট ন্যাশনালাইজেশন’ এর আওতায় পরীক্ষামূলকভাবে ‘ঢাকা নগর ।,Neutral
test_id_5892,ন্যাশনালাইজেশন’ এর আওতায় পরীক্ষামূলকভাবে ‘ঢাকা নগর পরিবহন’ ।,Neutral
test_id_5893,এর আওতায় পরীক্ষামূলকভাবে ‘ঢাকা নগর পরিবহন’ নামে ।,Neutral
test_id_5894,আওতায় পরীক্ষামূলকভাবে ‘ঢাকা নগর পরিবহন’ নামে বাসসেবা ।,Neutral
test_id_5895,পরীক্ষামূলকভাবে ‘ঢাকা নগর পরিবহন’ নামে বাসসেবা চালুর ।,Neutral
test_id_5896,‘ঢাকা নগর পরিবহন’ নামে বাসসেবা চালুর অনুষ্ঠানে ।,Neutral
test_id_5897,নগর পরিবহন’ নামে বাসসেবা চালুর অনুষ্ঠানে ভার্চুয়ালি ।,Neutral
test_id_5898,পরিবহন’ নামে বাসসেবা চালুর অনুষ্ঠানে ভার্চুয়ালি যুক্ত ।,Neutral
test_id_5899,নামে বাসসেবা চালুর অনুষ্ঠানে ভার্চুয়ালি যুক্ত হয়ে ।,Neutral
test_id_5900,বাসসেবা চালুর অনুষ্ঠানে ভার্চুয়ালি যুক্ত হয়ে এ ।,Neutral
test_id_5901,চালুর অনুষ্ঠানে ভার্চুয়ালি যুক্ত হয়ে এ অস্বস্তির ।,Neutral
test_id_5902,অনুষ্ঠানে ভার্চুয়ালি যুক্ত হয়ে এ অস্বস্তির কথা ।,Neutral
test_id_5903,ভার্চুয়ালি যুক্ত হয়ে এ অস্বস্তির কথা বলেন ।,Neutral
test_id_5904,যুক্ত হয়ে এ অস্বস্তির কথা বলেন তিনি ।,Neutral
test_id_5905,রবিবার ঢাকার বাস চলাচলের ব্যবস্থা পাল্টে দিতে ‘রুট ।,Neutral
test_id_5906,ঢাকার বাস চলাচলের ব্যবস্থা পাল্টে দিতে ‘রুট ন্যাশনালাইজেশন’ ।,Neutral
test_id_5907,বাস চলাচলের ব্যবস্থা পাল্টে দিতে ‘রুট ন্যাশনালাইজেশন’ এর ।,Neutral
test_id_5908,চলাচলের ব্যবস্থা পাল্টে দিতে ‘রুট ন্যাশনালাইজেশন’ এর আওতায় ।,Neutral
test_id_5909,ব্যবস্থা পাল্টে দিতে ‘রুট ন্যাশনালাইজেশন’ এর আওতায় পরীক্ষামূলকভাবে ।,Neutral
test_id_5910,পাল্টে দিতে ‘রুট ন্যাশনালাইজেশন’ এর আওতায় পরীক্ষামূলকভাবে ‘ঢাকা ।,Neutral
test_id_5911,দিতে ‘রুট ন্যাশনালাইজেশন’ এর আওতায় পরীক্ষামূলকভাবে ‘ঢাকা নগর ।,Neutral
test_id_5912,‘রুট ন্যাশনালাইজেশন’ এর আওতায় পরীক্ষামূলকভাবে ‘ঢাকা নগর পরিবহন’ ।,Neutral
test_id_5913,ন্যাশনালাইজেশন’ এর আওতায় পরীক্ষামূলকভাবে ‘ঢাকা নগর পরিবহন’ নামে ।,Neutral
test_id_5914,এর আওতায় পরীক্ষামূলকভাবে ‘ঢাকা নগর পরিবহন’ নামে বাসসেবা ।,Neutral
test_id_5915,আওতায় পরীক্ষামূলকভাবে ‘ঢাকা নগর পরিবহন’ নামে বাসসেবা চালুর ।,Neutral
test_id_5916,পরীক্ষামূলকভাবে ‘ঢাকা নগর পরিবহন’ নামে বাসসেবা চালুর অনুষ্ঠানে ।,Neutral
test_id_5917,‘ঢাকা নগর পরিবহন’ নামে বাসসেবা চালুর অনুষ্ঠানে ভার্চুয়ালি ।,Neutral
test_id_5918,নগর পরিবহন’ নামে বাসসেবা চালুর অনুষ্ঠানে ভার্চুয়ালি যুক্ত ।,Neutral
test_id_5919,পরিবহন’ নামে বাসসেবা চালুর অনুষ্ঠানে ভার্চুয়ালি যুক্ত হয়ে ।,Neutral
test_id_5920,নামে বাসসেবা চালুর অনুষ্ঠানে ভার্চুয়ালি যুক্ত হয়ে এ ।,Neutral
test_id_5921,বাসসেবা চালুর অনুষ্ঠানে ভার্চুয়ালি যুক্ত হয়ে এ অস্বস্তির ।,Neutral
test_id_5922,চালুর অনুষ্ঠানে ভার্চুয়ালি যুক্ত হয়ে এ অস্বস্তির কথা ।,Neutral
test_id_5923,অনুষ্ঠানে ভার্চুয়ালি যুক্ত হয়ে এ অস্বস্তির কথা বলেন ।,Neutral
test_id_5924,ভার্চুয়ালি যুক্ত হয়ে এ অস্বস্তির কথা বলেন তিনি ।,Neutral
test_id_5925,সুশৃঙ্খল ও আধুনিক গণপরিবহন ব্যবস্থা গড়ে তুলতে ।,Neutral
test_id_5926,ও আধুনিক গণপরিবহন ব্যবস্থা গড়ে তুলতে প্রধানমন্ত্রী ।,Neutral
test_id_5927,আধুনিক গণপরিবহন ব্যবস্থা গড়ে তুলতে প্রধানমন্ত্রী শেখ ।,Neutral
test_id_5928,গণপরিবহন ব্যবস্থা গড়ে তুলতে প্রধানমন্ত্রী শেখ হাসিনা ।,Neutral
test_id_5929,ব্যবস্থা গড়ে তুলতে প্রধানমন্ত্রী শেখ হাসিনা দুই ।,Neutral
test_id_5930,গড়ে তুলতে প্রধানমন্ত্রী শেখ হাসিনা দুই মেয়রকে ।,Neutral
test_id_5931,তুলতে প্রধানমন্ত্রী শেখ হাসিনা দুই মেয়রকে দায়িত্ব ।,Neutral
test_id_5932,প্রধানমন্ত্রী শেখ হাসিনা দুই মেয়রকে দায়িত্ব দিয়েছেন ।,Neutral
test_id_5933,শেখ হাসিনা দুই মেয়রকে দায়িত্ব দিয়েছেন তাদের ।,Neutral
test_id_5934,হাসিনা দুই মেয়রকে দায়িত্ব দিয়েছেন তাদের সব ।,Neutral
test_id_5935,দুই মেয়রকে দায়িত্ব দিয়েছেন তাদের সব ধরনের ।,Neutral
test_id_5936,মেয়রকে দায়িত্ব দিয়েছেন তাদের সব ধরনের সহযোগিতা ।,Neutral
test_id_5937,দায়িত্ব দিয়েছেন তাদের সব ধরনের সহযোগিতা করা ।,Neutral
test_id_5938,দিয়েছেন তাদের সব ধরনের সহযোগিতা করা হবে ।,Neutral
test_id_5939,সুশৃঙ্খল ও আধুনিক গণপরিবহন ব্যবস্থা গড়ে তুলতে প্রধানমন্ত্রী ।,Neutral
test_id_5940,ও আধুনিক গণপরিবহন ব্যবস্থা গড়ে তুলতে প্রধানমন্ত্রী শেখ ।,Neutral
test_id_5941,আধুনিক গণপরিবহন ব্যবস্থা গড়ে তুলতে প্রধানমন্ত্রী শেখ হাসিনা ।,Neutral
test_id_5942,গণপরিবহন ব্যবস্থা গড়ে তুলতে প্রধানমন্ত্রী শেখ হাসিনা দুই ।,Neutral
test_id_5943,ব্যবস্থা গড়ে তুলতে প্রধানমন্ত্রী শেখ হাসিনা দুই মেয়রকে ।,Neutral
test_id_5944,গড়ে তুলতে প্রধানমন্ত্রী শেখ হাসিনা দুই মেয়রকে দায়িত্ব ।,Neutral
test_id_5945,তুলতে প্রধানমন্ত্রী শেখ হাসিনা দুই মেয়রকে দায়িত্ব দিয়েছেন ।,Neutral
test_id_5946,প্রধানমন্ত্রী শেখ হাসিনা দুই মেয়রকে দায়িত্ব দিয়েছেন তাদের ।,Neutral
test_id_5947,শেখ হাসিনা দুই মেয়রকে দায়িত্ব দিয়েছেন তাদের সব ।,Neutral
test_id_5948,হাসিনা দুই মেয়রকে দায়িত্ব দিয়েছেন তাদের সব ধরনের ।,Neutral
test_id_5949,দুই মেয়রকে দায়িত্ব দিয়েছেন তাদের সব ধরনের সহযোগিতা ।,Neutral
test_id_5950,মেয়রকে দায়িত্ব দিয়েছেন তাদের সব ধরনের সহযোগিতা করা ।,Neutral
test_id_5951,দায়িত্ব দিয়েছেন তাদের সব ধরনের সহযোগিতা করা হবে ।,Neutral
test_id_5952,সেখানে থেকে আজ রিলিজ হয়ে বাসায় না ।,Neutral
test_id_5953,থেকে আজ রিলিজ হয়ে বাসায় না গিয়ে ।,Neutral
test_id_5954,আজ রিলিজ হয়ে বাসায় না গিয়ে সরাসরি ।,Neutral
test_id_5955,রিলিজ হয়ে বাসায় না গিয়ে সরাসরি মন্ত্রণালয়ে ।,Neutral
test_id_5956,হয়ে বাসায় না গিয়ে সরাসরি মন্ত্রণালয়ে এসেছি ।,Neutral
test_id_5957,সেখানে থেকে আজ রিলিজ হয়ে বাসায় না গিয়ে ।,Neutral
test_id_5958,থেকে আজ রিলিজ হয়ে বাসায় না গিয়ে সরাসরি ।,Neutral
test_id_5959,আজ রিলিজ হয়ে বাসায় না গিয়ে সরাসরি মন্ত্রণালয়ে ।,Neutral
test_id_5960,রিলিজ হয়ে বাসায় না গিয়ে সরাসরি মন্ত্রণালয়ে এসেছি ।,Neutral
test_id_5961,শেখ হাসিনার নেতৃত্বে একের পর এক উন্নয়ন ।,Neutral
test_id_5962,হাসিনার নেতৃত্বে একের পর এক উন্নয়ন দৃশ্যমান ।,Neutral
test_id_5963,নেতৃত্বে একের পর এক উন্নয়ন দৃশ্যমান হচ্ছে ।,Neutral
test_id_5964,একের পর এক উন্নয়ন দৃশ্যমান হচ্ছে রাজধানীর ।,Neutral
test_id_5965,পর এক উন্নয়ন দৃশ্যমান হচ্ছে রাজধানীর যানজটসহ ।,Neutral
test_id_5966,এক উন্নয়ন দৃশ্যমান হচ্ছে রাজধানীর যানজটসহ আরও ।,Neutral
test_id_5967,উন্নয়ন দৃশ্যমান হচ্ছে রাজধানীর যানজটসহ আরও কিছু ।,Neutral
test_id_5968,দৃশ্যমান হচ্ছে রাজধানীর যানজটসহ আরও কিছু সমস্যার ।,Neutral
test_id_5969,হচ্ছে রাজধানীর যানজটসহ আরও কিছু সমস্যার কথাও ।,Neutral
test_id_5970,রাজধানীর যানজটসহ আরও কিছু সমস্যার কথাও তুলে ।,Neutral
test_id_5971,যানজটসহ আরও কিছু সমস্যার কথাও তুলে ধরে ।,Neutral
test_id_5972,আরও কিছু সমস্যার কথাও তুলে ধরে কাদের ।,Neutral
test_id_5973,কিছু সমস্যার কথাও তুলে ধরে কাদের বলেন ।,Neutral
test_id_5974,শেখ হাসিনার নেতৃত্বে একের পর এক উন্নয়ন দৃশ্যমান ।,Neutral
test_id_5975,হাসিনার নেতৃত্বে একের পর এক উন্নয়ন দৃশ্যমান হচ্ছে ।,Neutral
test_id_5976,নেতৃত্বে একের পর এক উন্নয়ন দৃশ্যমান হচ্ছে রাজধানীর ।,Neutral
test_id_5977,একের পর এক উন্নয়ন দৃশ্যমান হচ্ছে রাজধানীর যানজটসহ ।,Neutral
test_id_5978,পর এক উন্নয়ন দৃশ্যমান হচ্ছে রাজধানীর যানজটসহ আরও ।,Neutral
test_id_5979,এক উন্নয়ন দৃশ্যমান হচ্ছে রাজধানীর যানজটসহ আরও কিছু ।,Neutral
test_id_5980,উন্নয়ন দৃশ্যমান হচ্ছে রাজধানীর যানজটসহ আরও কিছু সমস্যার ।,Neutral
test_id_5981,দৃশ্যমান হচ্ছে রাজধানীর যানজটসহ আরও কিছু সমস্যার কথাও ।,Neutral
test_id_5982,হচ্ছে রাজধানীর যানজটসহ আরও কিছু সমস্যার কথাও তুলে ।,Neutral
test_id_5983,রাজধানীর যানজটসহ আরও কিছু সমস্যার কথাও তুলে ধরে ।,Neutral
test_id_5984,যানজটসহ আরও কিছু সমস্যার কথাও তুলে ধরে কাদের ।,Neutral
test_id_5985,আরও কিছু সমস্যার কথাও তুলে ধরে কাদের বলেন ।,Neutral
test_id_5986,সড়ক ও পরিবহনে শৃঙ্খলা না ফিরলে মেগা ।,Neutral
test_id_5987,ও পরিবহনে শৃঙ্খলা না ফিরলে মেগা প্রকল্পের ।,Neutral
test_id_5988,পরিবহনে শৃঙ্খলা না ফিরলে মেগা প্রকল্পের উন্নয়ন ।,Neutral
test_id_5989,শৃঙ্খলা না ফিরলে মেগা প্রকল্পের উন্নয়ন কাজে ।,Neutral
test_id_5990,না ফিরলে মেগা প্রকল্পের উন্নয়ন কাজে লাগবে ।,Neutral
test_id_5991,ফিরলে মেগা প্রকল্পের উন্নয়ন কাজে লাগবে না ।,Neutral
test_id_5992,মেগা প্রকল্পের উন্নয়ন কাজে লাগবে না বলেও ।,Neutral
test_id_5993,প্রকল্পের উন্নয়ন কাজে লাগবে না বলেও মন্তব্য ।,Neutral
test_id_5994,উন্নয়ন কাজে লাগবে না বলেও মন্তব্য করেন ।,Neutral
test_id_5995,কাজে লাগবে না বলেও মন্তব্য করেন মন্ত্রী ।,Neutral
test_id_5996,সড়ক ও পরিবহনে শৃঙ্খলা না ফিরলে মেগা প্রকল্পের ।,Neutral
test_id_5997,কেরিয়ার বাচানোর জন্যে কতো নাটক যে চুদাইবা খালাম্মা,Negative
test_id_5998,তুমার মত সবই খোলা,Negative
test_id_5999,আমরা বাকস্বাধীনতায় বিশ্বাসী৷ আপনার মতো পাঠকদের প্রশ্নের জবাব তিনি দিয়েছেন৷ পুরোটা পাবেন এই লিংকে,Negative
test_id_6000,এসব দেখে নিজেকে অনেকেই কনট্রোলে রাখতে পারবে না -গুগলে পরিমনির পর্ন লেখে সার্চ করবে,Negative
test_id_6001,তোকে ল্যাংটা করে পিঠালে ঠিক হবে!,Negative
test_id_6002,"জানালা লাগান ফ্লিজ! বাহিরে বিদ্যুৎ চমকাচ্চে,, চাচা সৃজিত ঘুমাচ্ছে",Negative
test_id_6003,আরেহ ফাক্তাদির ব্রা যে?অনেকদিন আপনার হোগা মারিনা,Negative
test_id_6004,জামালপুরের ডিসির পক্ষ থেকে অভিনন্দন।,Negative
test_id_6005,তর জন্ম ঠিক নাই বাবা কয় জন বল,Negative
test_id_6006,বিক্রম ও খাবে এখন,Negative
test_id_6007,মত হাছাইয়ি পানলার মাগি,Negative
test_id_6008,হে আল্লাহ তুমি সঠিক বিচার করার মালিক। তুমি সঠিক বিচার করো।,Negative
test_id_6009,বারো রকমের ভাত রান্না করতে পারলে বারো ভা… রী।এখানে তো বিশ রকম ভাত রান্না চলছে!,Negative
test_id_6010,আপনে এক জন্য খানকি আপনে পরকাল বিশ্বাস করবেন কি ভাবে রেটটা বলবেন কত,Negative
test_id_6011,মাগি তোর বাপ যে তোরে জন্ম দিছে সেটা দেখছিস  তাহলে ওরে বাপ ডাকিস কেমনে,Negative
test_id_6012,অতঃপর তিনি নিজের ফেইসবুক আইডি ফেরত পাওয়ার জন্য আল্লাহর কাছেই বিচার দিলেন    !!!!,Negative
test_id_6013,ইলুমিনাতির সদস্য মাগী,Negative
test_id_6014,ওরে কুত্তার চা,Negative
test_id_6015,"ডিপজল ভাইয়ের পাটক্ষেতে আসেন,",Negative
test_id_6016,বোকাচোদায় বোকাচোদায় মাস্তুতো ভাই,Negative
test_id_6017,জারজ সন্তানের কাজ,Negative
test_id_6018,এই খানকির্ ছেলের বই তোদের দেশে চালা আমাদের দেশে আশলে গার ফাটিয়ে পদে ঢুকিয়ে দেব,Negative
test_id_6019,"বাংলার সানি লিওন,,,",Negative
test_id_6020,একটু লজ্জা হওয়া উচিত,Negative
test_id_6021,আপনার তার আইড়ি থেকে একটু আনফ্রেন্ড হলে ভাল হয়_____সেলিব্রেটি না চুদায় মত .,Negative
test_id_6022,এই মহিলার লজ্জা শরম কিছু নাই,Negative
test_id_6023,কার ভোদা দিয়ে বের হয়েছিলি শালা,Negative
test_id_6024,বেশ্যার বাচ্চা বেশ্যা কে দেশ থেকে বের করা হুক,Negative
test_id_6025,"আমার মাথায় ধরেনা যে,দেশে এত জন্মনিয়ন্ত্রণ ব্যবস্থা থাকার পরেও তোদের মত জারজ কিভাবে জন্মগ্রহণ করে-",Negative
test_id_6026,লাইভে আইসাআপনার ভো*া দেখান তাইলে সবাই বিশ্বাস করবে আপনি   *  পাছা কবির,Negative
test_id_6027,নেংটা ছবি দেও খেঁচতে চাই,Negative
test_id_6028,তুই তো খানকিমাগী,Negative
test_id_6029,বেসসা কানকি মাগি তরে গন চুদা উচিত,Negative
test_id_6030,এই মাগির গুদে আগুন জালিয়ে ভাত পাক করে খাইতে পাড়তাম রাগটা একটু কমতো।,Negative
test_id_6031,আপনি সারাজীবন অভিনয় করতে করতে আপনার পাছা ভারা দিয়েছেন।,Negative
test_id_6032,মন থেকে তওবা করুন ক্ষমা করার মালিক আল্লাহ।,Negative
test_id_6033,মাগির মনে হয় চুলকানির মলম লাগবে। চুলকানি উঠছে হোগার মধ্যে। মরনের টাইম পাবো না।,Negative
test_id_6034,মাগি তোরে চুদি,Negative
test_id_6035,বারোভাতারী কয়ডা লাগে তোর .???,Negative
test_id_6036,অংশ দেখে বুজা যায় কতটুকু লম্বা হবে,Negative
test_id_6037,সকালে ব্রাশ করছো,Negative
test_id_6038,"হিবায় পরকালও বিশ্বাস নাই,হিবায় আল্লাহর কাছে বিচার দিলায়।বড় আচুদা কিছিমওর এখ জিনিস রেগো তুমি ",Negative
test_id_6039,ভুস্কি মাগি খানকি মাগি তোর জন্মের ঠিক নাই।জারজ তুই পতিতায় জন্ম তোর,Negative
test_id_6040,আলম আমি পাছা দুলিয়ে নাচতে পারি আমায় একটা সুযোগ দিবি ভাই,Negative
test_id_6041,শালীর পাছায় পস্রুর কারেন্ট জমেছে ট্রশ ট্রশ করে মারতে হবে  ,Negative
test_id_6042,তোরে এবার দেশি কুত্তা দিয়ে চোদাবো .,Negative
test_id_6043,চুদা খাওয়া বিশ্বাস করেন??,Negative
test_id_6044,তুকে গালি নাদিয়ে সালাম করবে মাগী,Negative
test_id_6045,নটী মাগীর মেয়ে,Negative
test_id_6046,সস্তা মাগির মত দুদু দেখাও .???,Negative
test_id_6047,এটা চাইদি সাহেবের কনটোন না ১০০ গেরানটি জারা এটা চারচে তাদের জরমের ঠিক নাই,Negative
test_id_6048,খারাপ মেয়ে যার বাবা মুসলিম সভাপতি সেকি না ল্যাংটা নাচে,Negative
test_id_6049,বলদ বকা চুদা,Negative
test_id_6050,উনি কি নেংটা নাকি,Negative
test_id_6051,খানকি বেশসা ফেরাউন ইহুদি,Negative
test_id_6052,সাফা কবির কে কয়বার হাঁটুর উপর কাপড় উঠাতে দেখেছেন???এসব ভাওতা ভাঁজি বন্ধ করেন।,Negative
test_id_6053,বারোভাতারির জানালা সব সময় খোলাই থাকে। এ আর নতুন কি !,Negative
test_id_6054,তুর ভুলটা এখনো সন্দিহান?? মাগি একটা। তুইতো পরকালে বিশ্বাসী না তাহলে আবার আল্লাহকে বিচার দিলি???,Negative
test_id_6055,আচ্ছা নুসরাত ফারিয়ার লিংক কবে বের হবে গায়েস,Negative
test_id_6056,হায় রে খানকি আর কতো নাটক করবি?,Negative
test_id_6057,গতকাল দিলেন ল্যাংটা ছবি আজ দিলেন বোরকা পড়া পিক।। আপনারা পারেনও বটে,Negative
test_id_6058,কবে বন্ধ ছিল তোমার জানালা শুনি,Negative
test_id_6059,এটা যারা এডিট করেছে তারা জারজ সন্তান,Negative
test_id_6060,"হিজরা জায়েদ নাকি।ওতো মাগি টাইপের কানে দুল,নাকে নত,হাতে চুরি পরে হালায় তো হিজরা!!!!!",Negative
test_id_6061,"এই নেন লিংক, বাস ভরে দিয়ে আসেন।     :     .        .      .    .     ",Negative
test_id_6062,কোমড়ের নিচে কাপড় আছে তো?,Negative
test_id_6063,নারির সাধিনতার কারনে এই পতিতাটাকে চাই এতে কি আপনার রাগ করেন। যদিি সে রাজি থাকে,Negative
test_id_6064,কমেন্ট পরে আর কিছু কইতে ইচ্ছা হচ্ছে না। আমি নটিফিকেশন অফ করলাম।,Negative
test_id_6065,মাগির কোনো হ্মমা,Negative
test_id_6066,তোর মতন খানকি বাংলাদেশে থাকলে আরেকবার দেশে সমস্যা সৃষ্টি হবে।,Negative
test_id_6067,যদি ভুল মানে পুরাই ভুল আবার যদি চুদাও,Negative
test_id_6068,জাহিদ খান মাদারচোদ তোর কয়জন চেনে মাদারচোদ ভাব চোদাস,Negative
test_id_6069,আপনি পরকালই বিশ্বাস করেন না .আবার পরকালের মালিকের কাছে বিচার দিচ্ছেন .,Negative
test_id_6070,"মাগি ,বুরির মতো লাগে তোকে ,আটা মাখে আর কতো দিন চেঙ্গরি থাকবি",Negative
test_id_6071,"ও পরী তোমার দুধ ঝুইলা গেছে,, দুধ ঢেইকা রাখো,, বিড়াল মুখ দিবে তো",Negative
test_id_6072,অশ্লীল বদমাইস একটা তুই!,Negative
test_id_6073,জায়েদ তুই একটা জারজ সন্তান সবাই জানে,Negative
test_id_6074,পাগলের দল নেংটা হয়ে নামছে,Negative
test_id_6075,মাগিরে নিলামে দেয়া উচিত।,Negative
test_id_6076,"মাগীকে দৌলোদিয়া পাঠানো হক,খেলা হবে",Negative
test_id_6077,তুই কি বানচুদ রে এখন কি এইসব ছাড়ার সময়_ বুকের ভিতরর তুরে দিবো ভরে,Negative
test_id_6078,আমি দেখ হিরো ভাইরে ছবি জামাল পুর থেকে বলছি,Negative
test_id_6079,"তোমার মতোই দেখতে আমার একটা    আছে ওর,, পাহার দুটো অনেক নরম",Negative
test_id_6080,মানবতার দেয়ালে কি আজ কাল কেউ কাপড় জমা রাখেনা?,Negative
test_id_6081,মাগি যদি ভুল কি তার মানী কি,Negative
test_id_6082,হালা মাদার চুদরে কে যে নায়ক মালাইছে হালা পালতু,Negative
test_id_6083,"তোর ভোদা দিয়া তো টলার চলছে,,
 তাই তোর পাছায় চুদবার চাই",Negative
test_id_6084,"বেশ্যা মহিলা,
 তুমি কাপড় না পড়লেই তুমাকে ভালো দেখাবে .!",Negative
test_id_6085,ভোদার ম্যায়া ভাব চোদাও,Negative
test_id_6086,মাগি তুই জারজ সন্তান নয় সেটা কিভাবে বিশ্বস করবি রে,Negative
test_id_6087,বাগদানের পরে সব খুলে মেলে যাচ্ছে,Negative
test_id_6088,"মাগি তুই মরবি কিভাবে,তোর মুখে লাগাম দে",Negative
test_id_6089,আজকের সমালোচনা আপনার ভুলে থেকেই তৈরি আর শাস্তি স্বরুপ,Negative
test_id_6090,হিরো আলম আসল নায়ক আর সব শালায় মাগির দালাল।,Negative
test_id_6091,মানবতার খাতিরে পরি মনির মানবতার বুক এতবড় খালি! এটা নিয়ে রাজনীতি করার কিছু নেই।,Negative
test_id_6092,এই পরিমনি একটা খানকি,Negative
test_id_6093,উপায় নাই নেংটা ছেরি দেখি বুরখা পড়ছে,Negative
test_id_6094,আপনি মনে হয় খানকী তে পি এইচ ডি করছেন।,Negative
test_id_6095,পরি মনে হয় কাপড় পরতে ভুলে গেসে।,Negative
test_id_6096,সানি লিওনের মত না সেজে এমন করে সবসময় সেজো।এই সাজে কেমন সুন্দর একবার আয়নাতে দেখ।,Negative
test_id_6097,আমারে রাইখা কোন পোলার লগে দেখা করতে গেসিলা জানু,Negative
test_id_6098,সাফা তোমার কেটে দেবো পাছা,Negative
test_id_6099,বেলা শুনছো ? চুল দিয়ে ঝুলন্ত দুধ ডাকছে পরী :- ,Negative
test_id_6100,"খাড়া যে হইছে,আর নরমাল হইতেছেই না,,কি দেখাইলি রে তুই .",Negative
test_id_6101,"মগের চুদা ভাই,,,তাই এরকম কথা বলে৷,,",Negative
test_id_6102,আসুন আমরা জনি ভাই এর কাছে ছেড়ে দেই,Negative
test_id_6103,আমার বাসা টা খালি চাইলে এইখানে এসে চিল করে যেতে পারিস,Negative
test_id_6104,বাংলায় একটা প্রবাদ আছে ঃ পাছা ল্যাংটা মাথায় ঘোমটা এদের অবস্থাও তাই,Negative
test_id_6105,খানকীর ছবি দেখলেই ঘিন্না হয়।,Negative
test_id_6106,মুখটাই কেমন বেঁকা বাড়াঁ ভাল লাগেনা। শুটিয়ে লাল করে দেবো নোংরামি বাড় করে দেবো ।,Negative
test_id_6107,ভারতে যেয়ে বাড়ি ঘাড়ি করছে খোজনিয়ে দেখেন অনেকে বাংলাদেশে থেকে ভারতে টাকা জমাচ্ছে,Negative
test_id_6108,তর মারে জেগগিয়া চুদিছে তুলই জানছ নি,Negative
test_id_6109,খারা হোলটা নেমে গেলো গান শুনে,Negative
test_id_6110,আসলে হিতি একজন জারজ।আর জারজ সন্তান জন্ম দেওয়ার মেশিন।,Negative
test_id_6111,নটির বেটি তুই মরলে সরাসরি জাহাননামে যাবি,Negative
test_id_6112,তোর ক্যাপশন দেইখা আমার অবুঝ  বাড়া টা কেঁপে উঠলো      -শাউ .,Negative
test_id_6113,ঐ মাগীরে বদনার ভিতর ঢুকা ,Negative
test_id_6114,ভোদা আলমকে নিয়ে চোদার কথা,Negative
test_id_6115,"ভাগ্যিস, সেফুদা র ইসু ফেসবুকে চলে আসছে,,,কানের গোড়া দিয়া বাইচা গেলেন",Negative
test_id_6116,আপু আপনি সালমানকে ছেড়ে আমার কাছে চলে আসুন,Negative
test_id_6117,খানকীরপোলা তোর চেয়ে হিরো আলম বেশী হিট,Negative
test_id_6118,আপনিতো নিজের পাছা নিজে দেখতে পারেন না। তাইলে কি আমরা ধরে নিব আপনার পাছা নাই,Negative
test_id_6119,"বেশ্যার মেয়ে বেশ্যা দেখি, এখন জায়নামাজ নিয়ে দৌড়ায়",Negative
test_id_6120,"আইছে বোদা মারানি,, এই বোদা মারানি কে ছিলা কুত্তায় ও চুদবে না",Negative
test_id_6121,তুই একটা বেশ্যা,Negative
test_id_6122,খানকিরে তাল গাছ দিয়ে মারতে হবে,Negative
test_id_6123,তুই আসলে একটা মাগি,Negative
test_id_6124,তাতে আমাদের কী   ? লিংক পেলেই ত আমরা খুশি,Negative
test_id_6125,মাগি তরে ১০০ কুত্তা দিয়া চুদাইতে হবে,Negative
test_id_6126,খানকিরে বাংলাদেশ থেকে বাহির করা উচিৎ,Negative
test_id_6127,"তুই আন্তর্জাতিক খানকি,তাছলিমা নাসরিনের সহযোগী তুই",Negative
test_id_6128,"সামা,,, কবির তোমা র গোয়ার বালগুলো নাকি সব বাতাসে ঝরে গেছে",Negative
test_id_6129,নুনুবেল তুমার নতুন পুষিটা অনেক সুন্দর,Negative
test_id_6130,যারা চোদায় বিশ্বাসী তারা পরকাল কি বুঝবে . খানকি .    ,Negative
test_id_6131,তুই একটা মাগি এখনো সময় আছে ভালো হয়ে যায়,Negative
test_id_6132,আজকে রাতে বউ বাদ তুমি আমার ফ্যান্টাসি হবে,Negative
test_id_6133,মাগি একটা তুই,Negative
test_id_6134,পরকাল বিশ্বাস করলে তো মাগি বাজি করতে পারবে না,Negative
test_id_6135,খানকি কুত্তার বাচ্চা দেখ তর হাল কি হয় মাদর চুদ,Negative
test_id_6136,ফিতাটা খুলে দেওয়ার মতো কি কেউ আছেন?,Negative
test_id_6137,"মালাওনের মত কথা ঈমান নাই তোমার তাই বলচ,,",Negative
test_id_6138,চোদাচুদির একটা লিমিট থাকা উচিৎ .,Negative
test_id_6139,তোমার বুকটা খুব সুন্দর আর এক টু খুলে দিলে ভাল লাগতো,Negative
test_id_6140,ব্যাটা ভোদায় আমার মতো লোক থাকলে তোর মনে করে কিরে ব্যাটা বোদা,Negative
test_id_6141,"ওলে বাবা তোমাল আল্লাহ খানকি নাটক,সিনেমায় কাজ করো আর তোর হ্মমা",Negative
test_id_6142,শালীর ঘরের শালী।ল্যাংটা হইয়া বসে আছোস ক্যান?লজ্জা সরম নাই তোর,Negative
test_id_6143,মুগরী করিব এর চোট্টা মেয়ে খানকির মেয়ে,Negative
test_id_6144,ওরে জনি ভাইয়ের কাছে পাঠাও,Negative
test_id_6145,তোমার আম্মু আব্বুর ভিডিও লিংক টা দিবা আমরাও শিউর হই দেখে যে তুমি তাদেরই সন্তান,Negative
test_id_6146,রিপন রে দেখলা আসে কাঁশপরীর পাছায় দিমু বাঁশ ,Negative
test_id_6147,কেও মাগির নাটক দেবকে না,Negative
test_id_6148,একদম দুচে দিবো খানকি মাকি,Negative
test_id_6149,"জাহিদ খান কে ছিনেন না, আপনারা,,, তাহলে ছিনেন,,,জাহিদ খান হলো সানি লিওনের এক মাএ সন্তান",Negative
test_id_6150,ও মাগি তোরে আরেকবার কুকুর দিয়া চুদাইতে হবে  .,Negative
test_id_6151,বয়ফেন্ড চলে যাওয়াতে পরীর মন খারাপ!! দয়াবান ভাইয়েরা সাহায্যর হাত বাড়িয়ে দিন,Negative
test_id_6152,কন্ডম দূর্ঘটনায় যাদের জন্ম হয়তারাই এমন কথা বলে থাকে।,Negative
test_id_6153,এটাই না হয় সাহসী হিরো আলম।বুকের পাটা আছে।উচিৎ কথা বলে শিক্ষা দিয়েছে।,Negative
test_id_6154,ইচ্ছা করতাছে পদ্মা সেতুর এক একটা পিলার জোড়া দিয়ে সাফা খবিশের পুটকির ভিতর ভরে দেই।,Negative
test_id_6155,"তুই হারামজাদি মুসলিম নই!তুই জারজ সন্তান,তুর জন্মের ঠিক নাই।",Negative
test_id_6156,যদি ভুল করে থাকি চোদাও ক্যারেতোর কি কোনো সন্দেহ আছেচুতমারানী,Negative
test_id_6157,কিল্ভেজ আর পেন্টি খুলে সরাসরি দেখাও তাহলে আরো ভালো হবে,Negative
test_id_6158,মাগি কে ১০০ টা জোতা মারাহোক,Negative
test_id_6159,মাগির মাগি চুতমারানি,Negative
test_id_6160,তুই খানকি মাগী। তুই পার্ট চুদাস। তুই মুসলিম ই না মনে হয়।,Negative
test_id_6161,কনডম দুর্ঘটনার জন্মগ্রহণ না করলে এ ধরনের কথা বলতে পারতো না,Negative
test_id_6162,সাফা কবির চুদি খালে–বিলে,Negative
test_id_6163,"মাগি,,,,,বেইশার জাত'''''জন্মার ঠিক নাই,,,কে জন্মা দিছে বলতে পারবে,,,,কারন সে দেখে নাই জন্মা দি ছে কে",Negative
test_id_6164,"ধূর্ত, খানকির কথায় কেউ কান দিয়েন না।",Negative
test_id_6165,"তিনি এসেছেন কম্পানির ব্রান্ডিং করতে, ঘটনা কি .",Negative
test_id_6166,যার কপালে বেশ্যার দাগ লাগে সে তো দিনদিন অমানুষ হয়।,Negative
test_id_6167,"বুঝলাম না, ফেসবুকে মুরগি কবির লিখে সার্চ দিলে শাহরিয়ার কবিরের নাম আসে ক্যান???",Negative
test_id_6168,"ওয়াক থু পতিতা লয়ের পতিতা রাস্তার নোটি, রমজান মাসে ও উলঙ্গ ছবি তুলে ফেসবুকে দিলি।",Negative
test_id_6169,আসলে সাফা কবিরের মায়রে চুদি আমি,Negative
test_id_6170,কমেন্ট অফ করে দাও মাগী। নয়তো পোলাপান তোমাকে চুদে বঙ্গোপসাগর বানাবে।,Negative
test_id_6171,"ভাই দুধের বাড়ী থেকে সাবধান ,",Negative
test_id_6172,এনে কমেন্ট না করে পেজে গিয়ে চুদে আসুন।,Negative
test_id_6173,আলোম তুই কি পাগো চোদা,Negative
test_id_6174,সব কিছু পড়ে নুনু টা কেপে উঠলো।,Negative
test_id_6175,তোরে তেল ছাড়া পুটকি মারা দরকার শালি কুত্তি।কি মনে করছ নিজেরে খনকি মাগিমাগি মাগি মাগি,Negative
test_id_6176,সাফারে ইসলামে ডাক? তুমি ফেসবুকে কি কর জাও মশজিদে জাও।,Negative
test_id_6177,খানকি মাগি  যার জন্ম ফাটা বেলুন এর জন্য হইছে,Negative
test_id_6178,আমিও তো একসময় তোমার পাছায় ছিলাম  ভারোবাতারি  খনিকেরম্যাগি,Negative
test_id_6179,সুধু চোখের কোনে না হোগার উফ্রেও একটু কাজল দিয়েন,Negative
test_id_6180,এটা যে করেছে তার জর্ম কোন পতিতালে কনডম দুরগটনায় হয়েছে,Negative
test_id_6181,"হা হা হা হা . সত্য যখন হারায় গতি, বেশ্যা বলে আমিও স্বতী!!",Negative
test_id_6182,তর সোনা মোটা,Negative
test_id_6183,"লুচ্ছামি কমে যাবে বেস,সা নটি",Negative
test_id_6184,ফেসবুক আইডি নিয়া আল্লাহ তায়ালার কাছে বিচার দেন।,Negative
test_id_6185,"বিক্রম          ,,,,               ,,, মিথিলার ভোদায় তোমার ধন            ডুকাতে পারবা",Negative
test_id_6186,খনিকের মাগির মাইয়া চাদারমোদের ঝি।,Negative
test_id_6187,ফেজবুকে পোষ্ট করে কোন লাভ নাই নামাজ পড়ে আল্লাহ কাছে ক্ষমা চাও ,Negative
test_id_6188,তুমাকে চুদার খুব ইচ্ছা আমার,Negative
test_id_6189,"তর মতো ব্যাশা যে বিশ্বাষ করে না, আমরা সবাই জানি। বিশ্বাষ করলে,,,,,,,,,,,,,,,,,,,,,,,,,,,।",Negative
test_id_6190,"মাগি নিজেকে কি মনে করছ,,, তর বিচার আল্লাহ করবে",Negative
test_id_6191,তোরে সালা চুদি মাগি  .,Negative
test_id_6192,তুমি যে নটি তার জন্য বিশ্বাস হয়না।তুমি তো জাহান্নামী তাই।,Negative
test_id_6193,ল্যাংটা কালে মেলায় হারিয়ে যাওয়া সকল বন্ধুদের কমেন্ট বক্সে খুঁজে পাচ্ছি  ,Negative
test_id_6194,চুল দিয়ে বুবস আর পুষি না ঢেকে!কাপড় দিয়ে ঢাকলে কি হয়?,Negative
test_id_6195,ওর মায়রে দুচুম ওর বাপের কান্দে হালাইয়া!,Negative
test_id_6196,খানকির ছেলে কুত্তার বাচ্চা তুই একটা বাস্টার্ড এই ধরনের ভিডিও দিস নেটে,Negative
test_id_6197,পতিতা খানকি মাগি,Negative
test_id_6198,তোরে চুদার টাইমও নাই,Negative
test_id_6199,"সোনা তুমি পরকাল বিস্বাস করো না।আবার স্বয়ং পরকালের মালিকের কাছে আমাদের বিচার চাচ্ছো।কাহিনী কিতা,,,?",Negative
test_id_6200,গরীবের জনি সিন্স আর মিয়া খলিফা,Negative
test_id_6201,আহারে তোমি যে মাল হইসো তোমারে খুজে খুজে রিকুয়েস্ট দেয়,Negative
test_id_6202,যত দেখি তৃষ্ণা মিঠে না।,Negative
test_id_6203,"আরেকটু দূরে সরে দাড়াও,না হলে রবি দার পড়ে যাবে।",Negative
test_id_6204,চোদা খাইয়া সোজা হইয়া গেলা,Negative
test_id_6205,খোলা জানালা দিয়ে কারে কারে পাঠানো যাবে??,Negative
test_id_6206,তোমাল তেউ তোদেউ না তাফা তবির,Negative
test_id_6207,হুজুর সাজছো কেন? কাপড় ছাড়াই ভালো লাগে তোমারে পটাকা,Negative
test_id_6208,এই খানকির বাচ্চরে পাইলে আমরা সবাই মিলে পুটকি মারমু কি বলেন ভাইয়েরা,Negative
test_id_6209,সাদা কবিশ কেমন ভোদা করতাছো,Negative
test_id_6210,জানালা খুলে করবেন টা কি দর?আ ত বহুত আগের থেই খুলা,Negative
test_id_6211,ওতো আগে থেকেই মাগি নতুন কিছু না,Negative
test_id_6212,সারাবছর ছিলা অর্ধউলঙ্গ! আর রমজানে হয়ে গেলা পর্দাশীল??(),Negative
test_id_6213,"মাগি তুই পতিতা,,,",Negative
test_id_6214,আহ্ রে  পৃথিবীতে কত টাকার মালিক হলি কতটুকো সুন্দর রুপের অধিকারি হলি এতো অহংকার কিশের.,Negative
test_id_6215,জামালপুরের ডিসির পক্ষ থেকে তাহরীও শুভেচ্ছা ও অভিনন্দন রইলো  .,Negative
test_id_6216,এই মাগিরে গোয়ার মাজে গরম রডের চেকা দিতে হবে তার পরে পরোকাল বুজবে,Negative
test_id_6217,"এই ৃমাগির,বাচচি,আল্লার, সাতে,পাজলামি,করিস,কানকি",Negative
test_id_6218,লিংক নাই কোনো????,Negative
test_id_6219,সে আসলে কিছুই বিশ্বাস করে না    ফেরত পাওয়ার জন্য কাহিনি চোদাচ্ছে,Negative
test_id_6220,ওরে রান ওরে থাই :-) :- ,Negative
test_id_6221,পাছায় কাচা কনচি দিলেই সব ঠিক হয়ে যাবে।,Negative
test_id_6222,তোর পুটকি টেরা করমু,Negative
test_id_6223,"বোকা চুদা মেয়ে,,,",Negative
test_id_6224,উপরের চামড়াটা আছে শুধু - ভিতরে কিছু নাই! ভিতরের সবগুলা পূর্বের জামাইরা লুঠে নিয়েছে !,Negative
test_id_6225,মাগী দেখতে কেমন জানেন কি কেও .?,Negative
test_id_6226,চোদাও তুমি *দা লইয়া,Negative
test_id_6227,"জানালা মত তোমার সব কিছু খোলা,",Negative
test_id_6228,জেই জারজ এটা দিয়াচে তার জন্মে বেজাল আচে,Negative
test_id_6229,গতকাল যে উলঙ্গ ছিলি। এসব ভাব দেখানোর উচিলা,Negative
test_id_6230,সব মাগির আড্ডা,Negative
test_id_6231,পিচ্ছি ছেলেটার দিকেও তর কু নজর।,Negative
test_id_6232,পাছাটা ঘুরে দাড়াও বেইপ্পু,Negative
test_id_6233,জানালা বন্ধ থাকলে ও কি।খোলা থাকলে ও বা কি।ভালো লাগে না।,Negative
test_id_6234,আয় বুকে আয় দোস,Negative
test_id_6235,অামাদের বাংলাদেশে এমন মালের কদর করতে পারছে না যেমনটা সানি লিওনদের হয়,Negative
test_id_6236,বেটা ভোদাই এই প্রথা না কোথা থেকে ধরে নিয়ে আসলি,Negative
test_id_6237,সে ত মাগিসেটা আবার বলতে হয়,Negative
test_id_6238,পাছায় বাঁশ না পরলে নাকি হুশ ফেরেনা!,Negative
test_id_6239,বেশ্যার মেয়ে তোমারে আর চোদার টাইম নাই শুওরের বাচ্চা কোথাকার,Negative
test_id_6240,দুধ ভাত দিয়ে কাল সাফ পেসা হয়ছে,Negative
test_id_6241,"আপনি বুঝেনা, এতো রাতে সবার পাশে বউ নাই এতো রাতে জ্বালা বাড়াইয়া দিলেন এখন বাথরুমে যেতে হবে!",Negative
test_id_6242,সব এক গোয়ালের গরু। হিরো আলম জায়েদ খান একি লেভেলের ছবি করে।,Negative
test_id_6243,জাহেদ খান তো মাগির দালাল। ওর চেয়ে হিরো আলম হাজার গুনে ভালো,Negative
test_id_6244,লিস্টে কিছু ভাই-ব্রাদার আছে তাই মন-ইচ্ছামত কমেন্টটা করতে পারলাম না —,Negative
test_id_6245,তোর থেকে মাগি গুলা ভাল আছে,Negative
test_id_6246,আপনার বুকে তো অনেক ভালবাসা রয়েছে,Negative
test_id_6247,তুই মাগি বিশ্বাস না করলে আমাদের মুসলিমদের কিছু এসে যায় না,Negative
test_id_6248,সোনা কাটা পরি :-  :- ,Negative
test_id_6249,মাঝে মধ্যে কয়েকটা কমেন্টে এংরি রিয়েক্ট চুদানো মানুষ গুলো কারা,Negative
test_id_6250,জারজের বাচছারে সবাই আনলাইক আনফলো কর।,Negative
test_id_6251,খোলা জানালা লাগিয়ে দেন। নয়ত কি জানি শ্রীজিৎ এর পরে কেউ ঢুকে পড়তে পারে।,Negative
test_id_6252,কোন শালার পরিচালক এই ভোদাই ছাড়া আর কি দেশে লোক নেই,Negative
test_id_6253,বাকিটা খুলে দি এমন কি হতো  ?,Negative
test_id_6254,তে তর মাগির মারে চুদি,Negative
test_id_6255,ওরে কমেন্টে সুদে ওর ফাকঁআটলান্টিক মহাসাগর বানিয়ে দেন,Negative
test_id_6256,এই একজন এদের সবাইকে খেয়ে ছেড়ে দিলো!,Negative
test_id_6257,ওর চাচার ধনের মদ্দ দিয়ে বের হয়েছে,Negative
test_id_6258,খানকি মাগিরে কী দিয়া চুলাইমু বলেন,Negative
test_id_6259,"তুই বিশ্বাস করলি না,, তাতে কারো যায় আসে না,,চুদা তুমি খাবা,,",Negative
test_id_6260,তুই কি বিশ্বাস করে না পরকাল চ*** খাওয়ার দরকার মাগি,Negative
test_id_6261,"তর জন্ম নিয়ে আমি সংকিত, নিশ্চই কোনো আপাটে গোপাটে হয়েছে",Negative
test_id_6262,"বারোভাতারীর খোলা শুধুই জানালা?? বারোভাতারীর সব ই খোলা কাপর,ব্লাউজ,ব্রা পেন্টি, দরজা জানলা শাউয়া ইটিসি।",Negative
test_id_6263,এইটা জেছারচে তার মারে চুদি খানকি মাগির পোলা তোরে জে কি করতাম,Negative
test_id_6264,সাফা কবির তুই একটা খানকি মাগি কোথাকার তোর সন্তান যেন তোরে সিকার না করে মাগি,Negative
test_id_6265,আরে কি বলে মুখে এক কথা পুটকিতে এক কথা।পরকালে অবিশ্বাস মানে আল্লাহকে অবিশ্বাস,Negative
test_id_6266,বেচারা নীরবে আছে বলেইতো ভ্লা আর সজাগে থাকলে আপ্নি তারে খাইয়া ছাইড়া দিতেন,Negative
test_id_6267,এটা যে বিশ্বাস করবে সে হলো বোকাচোদা এটা দেলোয়ার হোসেন সাঈদী না,Negative
test_id_6268,তুই কি কনো দিন তোর বাপ মায়ের চোদা চোদি দেখিস তাহলে বাবা বলে ডাকিস কেন,Negative
test_id_6269,ওগো মতো বেশ্যার মুখথেকে আর কি আসা করাযায়,Negative
test_id_6270,তোর ভোদায় এসিড দিমু খানকি,Negative
test_id_6271,কোন কোম্পানির মাল দেখো,Negative
test_id_6272,এই মাগির হুগায় তো পদ্দা সেতুর পিলার ঢুকে দেওয়া উচিত,Negative
test_id_6273,"সমালোচনা তারাই করে, যাদের কিছু করার মতো যোগ‍্যতা থাকেনা।",Negative
test_id_6274,পরকালে বিশ্বাস করে না আবার আল্লারে ঠিকি বিচার দেয়।পাছা কবির,Negative
test_id_6275,"কত আইলো, গত গেল!!তুই আবার কে রে?দুই টাকার পতিতা!!আলোচনায় আসার ধান্ধা!!",Negative
test_id_6276,তুতমালানি তুদি কানখি,Negative
test_id_6277,এইডারে শালমান-মুক্তাদিররে দিয়া পুটকি চাটানো হোক ,Negative
test_id_6278,মনে হয়না ঠাকুর আর নীরবে থাকতে পারবে!,Negative
test_id_6279,আল্লাহর কাছে তো ক্ষমা চাইছে ফেসবুক লাইভে এসো তাকে ক্ষমা চাইতে হবে,Negative
test_id_6280,এগুলো খানকি এগুলো    ৳,Negative
test_id_6281,"তোরে আইছিলাম আনলাইক করতে,,,পরে দেহি তোরে আমি ফলো ই করি না  খানকি",Negative
test_id_6282,যে মিথ্যুক ইহা পোষ্ঠ করেছে সে আসলেই জারজ সন্তান।,Negative
test_id_6283,মাগির বেটিকে লেটাফেটা করে দেও।,Negative
test_id_6284,নিজের ক্যারিয়ার টা নষ্ট করলি রে মাগি,Negative
test_id_6285,শালি ভাব বাড়াইতে      এ আবার         কবির লেইখা রাখ্সে,Negative
test_id_6286,বউ বউ লাগে গো জানু,Negative
test_id_6287,মালে খাইছে তারে,Negative
test_id_6288,তার চেয়ে পর্ণ ভিডিও তৈরী কর,Negative
test_id_6289,"হে পরিমুনি তোমার দুধের বাহার দেখে, অনেক আকুতি মিনুতি করেছি, কিন্তু কেউ দেয়নি।",Negative
test_id_6290,"তর""পুটকি"" ডাআমার চাই আমি ভোদা ফাটাই না,গোয়া ফাটাই ",Negative
test_id_6291,আল্লাহ! আমার ফেসবুক আইডি হ্যাক হইসে।।তুমার কাছে বিচার দিলামওই সবাই মুনাজাত ধর,Negative
test_id_6292,"সবাই জনি ভাইকে খুঁজে,,,আর পরি মনি রবীন্দ্রনাথ ভাইকে,,, আমারে কেউ মাইরালা",Negative
test_id_6293,তামাশা তোর পুটকি দিয়ে ভরে দেবো মাদারছুদ,Negative
test_id_6294,দুধু দেখানো ছবি বাদ দিয়া নামাজে মন দেন।তগোরে মুসলিম কয় কেডা??,Negative
test_id_6295,জামা খুইল্লা পাইলছ,Negative
test_id_6296,"মাগি তুই যা বলছো,তাতে তুই তোর নিছেরই ধংষ ডেকে আনছচ।",Negative
test_id_6297,হিরো আলম এক বোকা চুদা তুই আর এক বোকা চুদা আবাল,Negative
test_id_6298,"ফারিয়া কালকে কার সাথে গোয়া মারা দেই, সেটা কিন্তু বলিও ওকে",Negative
test_id_6299,পরকাল বিশ্বাস না করলে ১০০ হিজলার সাথে চুদাচুদি কর    মাগি একটা,Negative
test_id_6300,ফোল্ডিং কেমন লাগে???,Negative
test_id_6301,জনি দাদাকে দিয়ে ঠাপিয়ে নেয়া হোক ।,Negative
test_id_6302,নতুন মাল আনদামি হয়ছে নাকি কাকুরে খাওয়া শেষ,Negative
test_id_6303,কাপড় খোলাতে টাকা কম পাচ্ছেন নাকি?????,Negative
test_id_6304,মাগি চিনসল পতিতা মাগি,Negative
test_id_6305,তর জন্মের প্রবলেম আছে,Negative
test_id_6306,জারজ এট গরে জারজ,Negative
test_id_6307,আর কতবার বিয়ে হবে,Negative
test_id_6308,অশ্লীলতায় সৌন্দর্যতা প্রকাশ পায় না। এরকম নোংরা ছবি দিয়ে কোন সৌন্দর্যতা নয় অশ্লীলতা প্রকাশ পায়ছে,Negative
test_id_6309,কুত্তা দিয়া চোদানো উচিত বেশ্বা মাগি,Negative
test_id_6310,হেডার আলম তুমি বসি বসি মলম বিক্রি কর।।।হালা আরাচুদা।।,Negative
test_id_6311,মিয়া খলিফাও তোমার থেকে ভালো,Negative
test_id_6312,তরে কি করোনাভাইরাসে আক্রমণ করলো না কি লুচ্চা রে,Negative
test_id_6313,তোর মারে মনে হয় সালমানের বাপ চুদছিলোরে মাগি,Negative
test_id_6314,এত ব্রাইটনেস দিয়ে কি কর।,Negative
test_id_6315,চল যাই পাটক্ষেতে,Negative
test_id_6316,"এই সব নিউজ দিয়ে কি করবো, লিংঙ্ক টিংঙ্ক থাকলে তাও না হয় কথা ছিলো",Negative
test_id_6317,"হাউয়ার নাই পত্তন ঘোড়ায় চোদে বাহিরতন, জারজ সন্তন মাগি কোথায় গার।",Negative
test_id_6318,ওরে জনি মামার কাছে দে। কীছু দিক।,Negative
test_id_6319,কানকি মাগি জন্ম গত সম্যাসা আছে না কি,Negative
test_id_6320,ঐ একাটা ধোপেল। চুদু।,Negative
test_id_6321,তরে কুকুত্তা দিয়ে চোদা দরকার বেশ্যা বাচ্চা,Negative
test_id_6322,তোমার টাইপের মাগী মানুষ কেউই বিশ্বাস করবে না। এটা অস্বাভাবিক কিছু না।,Negative
test_id_6323,কি লাব ফুল বাগান করে যদিনা তাতে ভ্রমর আসে।,Negative
test_id_6324,মাগি রে কি বলবো মাগি,Negative
test_id_6325,বাশ খাবি মাগী পরকালে,Negative
test_id_6326,"আহা      _     ,,,তোমাকেত পুরাই  বাড়া_কবির বানিয়ে দিলো          বাংগালী সমাজ,,,,",Negative
test_id_6327,ফেসবুক লাইভে এসে আল্লাহর কাছে হ্মমা চান।,Negative
test_id_6328,পয়সার জন্য মানুষ কত নিচে নামতে পারে। এই মাল এফডিসিতে আসলো কিভাবে।,Negative
test_id_6329,তোমার মতো লুচু রে ফলো করার সময় নাই,Negative
test_id_6330,তুই তো এখন বাংলাদেশের নতুন মাগি,Negative
test_id_6331,খানকিমাগি রা আবার পরকাল কিসের,Negative
test_id_6332,এটা মাগি পারার মাগি,Negative
test_id_6333,তুই এতবড় মাগি আগে জানতামনা,Negative
test_id_6334,মাগি এখনো কথা বলে এ এক পতিতা মেয়ে,Negative
test_id_6335,"তিনি এখনও সন্দেহর মধ্যে আছেন,ভুল করছেন কিনা না,,,,, খানকি",Negative
test_id_6336,       পর্ন স্টার মিয়া খলিফার বড় আপু।।উনিও      ,Negative
test_id_6337,জনি সিন্সের বীজের ফসল।,Negative
test_id_6338,বোইন আপনি কি মাগিচুদা?,Negative
test_id_6339,খানকির পোলা এডিট করেছে।আবার পোস্ট করেছে।,Negative
test_id_6340,"খানকি মাগী ব্যাশাচুদি, তোরে হাতের কাছে পাইলে পরকাল কি হারে হারে বুঝায় দিতাম",Negative
test_id_6341,তোমার ছিলিপ দেখিয়ে বুকের দুধ আগলা করে ছেলেদের লাইক চাস,Negative
test_id_6342,মাগি এক নাম্বার চুদা দেয় টাকায় বিনিময়ে।,Negative
test_id_6343,ওরে সালার কত বড় ভোধা।।।।,Negative
test_id_6344,অাপু বুফস্ গুলো জুস।,Negative
test_id_6345,এই খানকিমাগী কে সবাই চোদোন উরাধুরা।,Negative
test_id_6346,তোর বিন্দা বনের মারে চুদি।,Negative
test_id_6347,তুমি একটা জাতীয় মাগি,Negative
test_id_6348,তুয় একটা জারজ,Negative
test_id_6349,পাগল কি তুই চুদিস খানকি মাগি???? আকাম চুদানো কথা বলে আবার ভালো সাজা চুদাচ্ছিস খানকি।।।।।,Negative
test_id_6350,চাচা সৃজিতের টাইম শেষ,Negative
test_id_6351,বুকে কি জামা কাপড় কিছু নেই আপু?,Negative
test_id_6352,মন তমাতে মগ্নদেখতে চায় তমাকে নগ্ন,Negative
test_id_6353,যারা চোদায় বিশ্বাসী তারা পরকাল কি বুঝবে . খানকি .,Negative
test_id_6354,যারা আমার ক্রাশ কে বেশি করইয়া গালিদেন খানকি মাগি ব্রেশ্যা কোথাকার,Negative
test_id_6355,জায়েদ ভাইকে নিয়ে যারা সমালোচনা করে তারাএকই পথের পথিক,Negative
test_id_6356,পৃথিবীতে নুনুই একমাত্র প্রতিবাদী   সব সময় অশ্লীলতার বিরুদ্ধে রুখে দাড়ায়  -,Negative
test_id_6357,"মাগির বাচ্চা কে ধর ভাই,,,",Negative
test_id_6358,মাগী মরে দেখ,Negative
test_id_6359,হেডা বড় হইছে মাগী,Negative
test_id_6360,জাহেদ নামে এটা আবার কোন মাল হাহাহা হিরো আলম কে সবাই চিনে বাংলাদেশে,Negative
test_id_6361,ওর তো সব ছেলেদের সাথে হাতা হাতি করার অভ্যাস,Negative
test_id_6362,ল্যাংটা বাবার দোয়া :-  ;-),Negative
test_id_6363,বাঙালির যে লুচি,Negative
test_id_6364,আমি আসিব গোপনে,Negative
test_id_6365,এই রকম মাগি ২ -১টার জন্য পুরা নারী জাতী কলংকিত,Negative
test_id_6366,ওর একটা পাঠা দরকার। পাঠার চো .ন জরুরি হয়ে গেছে।,Negative
test_id_6367,ম*** তোর মা হচ্ছে ম*** তোর বাবা হচ্ছে মাগির দালাল তোকে কুত্তা দিয়া চোদাই,Negative
test_id_6368,সানি লিওন টু,Negative
test_id_6369,গতকাল দিবাসপ্নের মধ্যে ২ বার গোয়া মারছি।।।,Negative
test_id_6370,অল্রেডি সাফাকবির কে নিয়ে ৪৮ টার ও বেসি চটি পেজ ওপেন হয়েগেচে,Negative
test_id_6371,বাড়াটা কেপে উঠলো। বাবাগোহ,Negative
test_id_6372,তুমি গোয়া মারা খাও বেশি করে তো বুদ্ধি বাড়বে। হারামজাদী।,Negative
test_id_6373,যাত্রা দলের মাগি।সাফা যাত্রা মাগি।,Negative
test_id_6374,চুদা খেলার মেয়ের        ,Negative
test_id_6375,প্রান মিল্কের ব্রান্ড এম্বাসেডর,Negative
test_id_6376,পাহাড় দেখার খুব ইচ্ছে ছিলকিন্তু দেখার স্বাদ মিটে গেছে,Negative
test_id_6377,সাফা কবির আজ থেকে পাছা কবির হয়ে গেলো,Negative
test_id_6378,তোকে না চোদা পর্যস্ত বিস্বাস করবি না যে ছেলেদের হোল আছে।।           ,Negative
test_id_6379,মাগি কস কি,Negative
test_id_6380,যে পরোকাল বিষশ্শা করেনা।সে আবার আল্লাহকে ডাকে কিভাবে বুযেআসেনা।মনেহয়ে ভাগরা খাইছে মালে,Negative
test_id_6381,আপনি আপনার ভুল বুঝতে পেরেছেন।।এখন মাপ করার মালিক আল্লাহ।।,Negative
test_id_6382,ফেইসবুক কর্তৃপক্ষের কাছে সেক্সুয়াল হ্যারামেন্টের মামলা করে দাও সবাই এই মা** নামে.!,Negative
test_id_6383,চায়ের পরে চোদা দেওয়া,Negative
test_id_6384,দরু মাগি কথা কস না কে,Negative
test_id_6385,শাড়ি খুলে লাইট অফ করে দে।নীরবের ঢুকাবে নি . খানকি,Negative
test_id_6386,তোমার ততা কেউ তোদেও না।,Negative
test_id_6387,দুধগুলো ঝুলে গেছে বেলা শুনছো,Negative
test_id_6388,বাংলার মমতাময়ী একজন সুশীল বেশ্যা,Negative
test_id_6389,মিয়া খলিফারাও আজকাল পবিত্র হয়ে যাচ্ছে,Negative
test_id_6390,সাফা তো দেখি অনেক বড় মাপের চোদন বাজ।,Negative
test_id_6391,তার সাথে তুই ও মাগি,Negative
test_id_6392,মাগি বাজ তুই একটা,Negative
test_id_6393,বামে গরু ডানে খাসি পরী তোমাকে ভালোবাসি,Negative
test_id_6394,এইগুলা জন্ম হইছে কন্ডম ভুলে ছিদ্র হয়ে যাওয়ার কারণে,Negative
test_id_6395,"ভাই তোমাগো অবস্থা কি বলতো একটু, মানে নববর্ষ পালন করা হারাম? পাগলা চোদা।",Negative
test_id_6396,"চুত্মারানীর মেয়ে তুই, খানকি মাগি,",Negative
test_id_6397,মাগি লোকের লুতুপুত দেখছেন?,Negative
test_id_6398,কাপড় না পরতি বোন,Negative
test_id_6399,সেফুর মার সেই জায়গাতে,Negative
test_id_6400,ফুটা কন্ডমের ফসল।সেদিন কন্ডমটা না ফাটলে তোর জন্ম হতো নাহ। কানকি মাকি,Negative
test_id_6401,আপু তোমার জ্বালায় রোজা রাখি ইন্সট্রাগ্রামে গ্রামে ডুকতে পারি না আর আজকে সুশীল গিরি চুদাও,Negative
test_id_6402,কাপড় খুল্লেই সানি লিওন হওয়া যায় না  !!,Negative
test_id_6403,বিশ্বাস করি না তুই মুশরিক। ভিডিও আপলোড দে। খানকি।,Negative
test_id_6404,কি সোনা খুব ব্যাথা হচ্ছে বুঝি বুকে আসো সান্ত্বনা দিবো ঠেলে ঠেলে ঢেলে দিবো,Negative
test_id_6405,মিথিলার জন্য একটা পাত্র চাই ৷বয়স   হলে চলবে !!!,Negative
test_id_6406,তোমরা তাকে গালি দেয়া বন্ধ করো না।পারলে সেপুদার কুত্তাটা এনে চুদাও ,Negative
test_id_6407,তোর বিচার পরকালের মালিক করবে।,Negative
test_id_6408,"কিরে ব্যেশাচোদা, জারজ, বেজম্মা,",Negative
test_id_6409,সাফা কবিরের মায়রে চুদি,Negative
test_id_6410,খোলা মাঠ।উন্মুক্ত মাঠ,Negative
test_id_6411,"আর চুদিস না তারে, এবার মাপ করে দে।",Negative
test_id_6412,জনি সিন্সকে দেখে পরি আপু যখন লোভ সামলাতে না পারে,Negative
test_id_6413,"আগে তো কখনো এরকম পোষ্ট দেখি নাই,,, জনগনের ঠাপানির পর এখন এরকম পোষ্ট",Negative
test_id_6414,সালমান ভাইয়া প্রতিদিন জিমে যায় তবে তার হাতের শক্তি বাড়ে ন।,Negative
test_id_6415,তোরে ছাগল দিয়া চুদানি দরকার,Negative
test_id_6416,আপু তু‌মি একটা মাল : ,Negative
test_id_6417,হিরো আলম এই রকম ফেসবুকে যদি ছবি ছাড়ে তাহলে ভালো নায়করা ভাতে মরবে ।চালিয়ে যাও।,Negative
test_id_6418,আফা আমার নাম মোহামমাদ ইসলাম উদ্দিন আমার ইমু নামবার      করো           ,Negative
test_id_6419,দেখিয়া পরীর গোয়াদাঁড়িয়ে যাচ্ছে পোলাপাইনের কোয়াদেখিয়া তাহার খোলা পিঠটুনটুনির যে আবেশে চিত,Negative
test_id_6420,ঘরে গরম বাহিরে ও গরম ফেসবুকে পরীর গরম,Negative
test_id_6421,আরে তোই খানখী মাগি ফাসা,Negative
test_id_6422,বাঙালিগরে মানুষ এমনেউ দুচেনা এগুলো দেখলে তো আর দুচবেইনা,Negative
test_id_6423,সামনে কয়ডা ভাল দিয়া ডাইকা রাখছত ক্যারে খানকি,Negative
test_id_6424,তুমি মাচুদা ভাট্রিকে বিচার দিতে পারতে বোকাচুদি,Negative
test_id_6425,নট ফাকঁ গার্ল তুমি                       ,Negative
test_id_6426,নাসতিক খানকি মাগি,Negative
test_id_6427,খানকির মেয়েকে পাথর মারা হোক,Negative
test_id_6428,জামালপুরের ডিসির পক্ষ থেকে রইল সিসি ক্যামেরার শুভেচ্ছা,Negative
test_id_6429,তোমার শরীর দেখতে চাই,Negative
test_id_6430,জব্বর মাল বা,Negative
test_id_6431,"এহনো যদি চোদাস,তুই জানিস না কি করছিস চুত মারানি",Negative
test_id_6432,সুনা দিয়ে চুদা খেলে।।নাটক করতে পারবি,Negative
test_id_6433,ছাপা আফামনি টুমি খমেন্তগুলা সব পচ্ছো?? ন্যাকু সাজার শখ মিটছে তোমাল বাবুনি??,Negative
test_id_6434,পহেলা বৈশাখ তোমার পাছা দিয়ে ডুকাই দিব খানকির ঝি।। তুমি দেখবাও নাহ বিশ্বাসও করবা নাহ।।,Negative
test_id_6435,বুকে আসেন ভাই!,Negative
test_id_6436,"প্যান্ট খুলতেছো সেটা সালমানকে দেখাও,পাবলিকরে দেখায়া কি হবে? বোকা মেয়ে।",Negative
test_id_6437,দুধু গুলো সুন্দর,Negative
test_id_6438,হিরো তোর মাল ডা জুইত লাগলো না,Negative
test_id_6439,লিংক হবে   •|•,Negative
test_id_6440,চুদমারানি চুদির ভাই!চুইদ্দা কস চুদি নাই?,Negative
test_id_6441,খানকিমাগী দেশে আয়,Negative
test_id_6442,"বেশ্যাদের মত তোর,চোখ গুলা",Negative
test_id_6443,সৃজিত দা সৃজিত দা ফাহমি দা জনি সিন্সের ছোট ভাই জিন্দাবাদ জিন্দাবাদ,Negative
test_id_6444,পুতুল পুটকি দিয়ে ঢুকিয়ে দেয়া হবে   ,Negative
test_id_6445,তুই মাগি জারস সন্তান।,Negative
test_id_6446,এবার বিক্রমের কাছে সীমিত আকারে বিক্রি করে দেন বাকিটা।,Negative
test_id_6447,কেউ অশ্লীল ভাষা চোদাইবেন না প্লিজ,Negative
test_id_6448,তোরে কুত্তা ভাড়া করে চুদামি।,Negative
test_id_6449,আমগো দেশি মাল কড়ি বেশি থাকলে রাতে কাত হয়ে শুতে পারবে,Negative
test_id_6450,মাগীরে শশান ঘাটে নিয়ে আগুন লাগাতে হবে,Negative
test_id_6451,আস্কে আমি কুনো চমেট করপোনাহ,Negative
test_id_6452,খারাপ না বেশ্যাটা,Negative
test_id_6453,ভোদার জনপ্রিয় হইছে ?,Negative
test_id_6454,বাড়াটা কেপে উটলো  ,Negative
test_id_6455,তুমি একটা মাগি,Negative
test_id_6456,"নকল মাল, পাব্লিক খায় নাহ .",Negative
test_id_6457,মাগি মরার চিন্তা করিস না পরকালে জায়গা পাবিনা,Negative
test_id_6458,আপনার অর্ধ উলঙ্গ স্থিরচিত্রের মাঝে আপনার অসহায়ত্বের ছাপ স্পষ্ট হয়ে দেখা দিয়েছে ,Negative
test_id_6459,বাহ্ তুমি রেডি ভাইরাস তো কনডম দিয়া করলেও লস হবে,Negative
test_id_6460,শালিকে খেয়ে দাও,Negative
test_id_6461,কোই থেকে কানকি মাগি আসে,Negative
test_id_6462,মিয়া খলিফার মামাত বোন,Negative
test_id_6463,আদরের দুলালীদুধ কেন ঝুলালি,Negative
test_id_6464,শালীরা বলদা মার্কা পুরুষ খুব পছন্দ করে।যারা তাদের পা চাটে।,Negative
test_id_6465,তরে জনগনে পুটকি মারবো খানকি মাগি,Negative
test_id_6466,"পাডা কবির, খানকি কবির!",Negative
test_id_6467,শালী ২০ টাকার মাগী ।,Negative
test_id_6468,বাহ্ চুদির বোন বাহ্,Negative
test_id_6469,খানকির পোলার কি লজ্জা শরম নাই,Negative
test_id_6470,"সব কিছু তুর ফেইজের লাইক বাড়ানোর ধান্দা,",Negative
test_id_6471,"ইহুদি খ্রিষ্টানের দালাল মাগি,,",Negative
test_id_6472,তুরে বাবলু চিনে মাগী,Negative
test_id_6473,তোর নিচে জালের গুড়া দিলে পরকালের কথা বিশ্বাস করবি মাগী,Negative
test_id_6474,ছাফার পাছা লাল কেন,Negative
test_id_6475,তরে ঘুরার দন দিয়া চুদতে হবে তাইলে বুঝবি সালি,Negative
test_id_6476,পাছায় যখন বাশ পড়ে তখন এরকমই বলবা জানা ছিলো,Negative
test_id_6477,এই নটিদের কে।ফেজবুকে এদের আনা ঠিক না।,Negative
test_id_6478,বিচি ঠিক আছে তো ভাই নুনুবেল?,Negative
test_id_6479,তুমার মতো মাগী রে বাজে কমেন্ট না করলে আর কারে করব।,Negative
test_id_6480,তোর পাছাই রড বরুম,Negative
test_id_6481,জারজ এর বাচ্চা বলে কি?,Negative
test_id_6482,সীমিত আকারে আরেকটা বিয়ে করো।আমরা নতুন নাটক দেখার অপেক্ষায় আছি,Negative
test_id_6483,আসেন একটু বুকে আসেন,Negative
test_id_6484,"এতো রাতে এই গরম জিনিস দেখে,শরীরটা ঝাকুনি দিয়ে জাষ্ট কয়েকবার,",Negative
test_id_6485,পৌষ্টকারী কন্ডম একসিন্ডেন এর বাচ্ছা।,Negative
test_id_6486,খানকির পলারা তোদের কন কাজ নেই সব গুলা পতিতার বাচ্চা,Negative
test_id_6487,তুমরা অাসো চুসো! পরি ছবি ছারছে! কেউ একটু ওকে মারো! পাছা,Negative
test_id_6488,বোকাচোদার তামাসাতাল গাছে কাউয়া নোবেন তুমি আমার সা*য়া,Negative
test_id_6489,কবিতার নাম দিয়ে যাবে যতদিনলিখেছেন আমি-পরি বেবস তুমি দিয়ে যাবে যতদিনখেয়ে যাবো ততদিন,Negative
test_id_6490,সাপ দিয়ে মাছ ঢাকতে দেখি নাই কিন্তু চুল দিয়ে দুধ ঢাকতে দেখেছি,Negative
test_id_6491,হেতের হুগার ভিতরে ছেক দিয়া পুটকি তে গরম তেল মালিস করে দে কেউ!!!,Negative
test_id_6492,এখন সাফা নামে কাউকে ছিনি না আমরা এখন জারজ সন্তান নামে ছিনি বাংলাদেশের ডিজিটাল মডেলকে,Negative
test_id_6493,তোর ছামায় যে সময় বড় রট বরবে সেই সময় বুজবি পরকাল কি মাগি,Negative
test_id_6494,দুটোই বেশ্যা মাগি,Negative
test_id_6495,"খাটের খেলা বোধহয় ভালোই হইছে, চেহারা দেখে তা বুঝা যায়",Negative
test_id_6496,শাড়ির নিছে রাখলে হবে,Negative
test_id_6497,চুদানি রেতর বালের পেজে এই ছবিটা লাগাইতে আইছিলাম।এছারা আমি এহেনে কহনই মুত্তেও আইতাম না,Negative
test_id_6498,বাবু ছেলেদের থেকে তুমি খেলতে পারোনা? তারা বাল খেলে।,Negative
test_id_6499,খানকি মাগী র্রাস্তায় তোরে চুদবো,Negative
test_id_6500,খানকি মাগি আমারত মনে হয় তর জন্মেরও টিক নেই,Negative
test_id_6501,তরে পতিতা বল্লেও কম হবে,Negative
test_id_6502,দুধে রস নেই,Negative
test_id_6503,বুক দেখালেই তুমি হিট =),Negative
test_id_6504,খানকি তাহলে তুই কি বিশ্বাস করছ,Negative
test_id_6505,জামালপুরের ডিসি সাহেবের পক্ষ থেকে অভিনন্দন,Negative
test_id_6506,"তোরে যদি কানকি ও বলা হয়,,,,তা ও কম বলা হবে।",Negative
test_id_6507,তুই তো তোর মায়ের জারজ সন্তান তুই কি করে পরকাল বিশ্বাস করবি।,Negative
test_id_6508,তুই তো বেস্যা তুই কি পরকালের কথা বুজবি বুঝলে আর বলতিনা,Negative
test_id_6509,বয়স্ক অক্ষম বাবাটার প্রতি খেয়াল রেখো,Negative
test_id_6510,এজীবনেও তুই খানখি নামে পরিচিত হলে আর পরকালে ও তুই নাপরমান হয়ে উটবে মাগি।,Negative
test_id_6511,ওর কষ্টমার এখন অনেক বেশি,Negative
test_id_6512,এক বোকাচোদা জয় খান।।খায়দায়া কাম নাই হুদাই চুদুর বুদুর করে।,Negative
test_id_6513,আগুন আর কত ছেলের যৌবন নষ্ট করবে গো এইসব দেখলে ছোট মিয়া মাইন্ড করে,Negative
test_id_6514,মাগীর কাপড় কই?,Negative
test_id_6515,"তোর পুরা পরিবারকে পাটক্ষেতে নিয়া **দিশাউয়‍্যা কবির, মুরগি কবির",Negative
test_id_6516,খেলা দেওয়ার জন্য এভাবে বসে আছে। অসাধারণ একটি মাগি,Negative
test_id_6517,"খানকি মাগী,,,আলোচনায় আসার জন্য এসব বলতেছে,,",Negative
test_id_6518,চুদাইতে চুদাইতে মরবি,Negative
test_id_6519,"মানবতার বুক সবার জন্য উন্মুক্ত, পয়সাওয়ালাদের জন্য খেলার সু-ব্যবস্থা",Negative
test_id_6520,মাগি ডারে লাগে কি রকম দেহে।,Negative
test_id_6521,লিংকটি দিও। সাবস্ক্রাইব কইরালামু,Negative
test_id_6522,তোরে কাছে পাইলে তোর ভুদার মধ্যে আমার ধোন ঢুকে চুদতাম খানকিমাগী,Negative
test_id_6523,"মাগীর খোমা ওরাল সেক্স পর্নস্টারদের মত,,মুখে মাল নিতে নিতে এমন হইসে",Negative
test_id_6524,তোমারে আইজকা এত কিউত লাগে কেন বেপি,Negative
test_id_6525,শালা বোকাচোদা হিরো আলম কি অভিনয় করস,Negative
test_id_6526,বেশ্যাপাড়ার সেরা মাল,Negative
test_id_6527,"খানকি মাগি,,,পরকাল বিশ্বাস করোনা,,,,,,",Negative
test_id_6528,পাছা কবির এইসব কি বলে,Negative
test_id_6529,পাছা কবির এখন মাফ চায়,Negative
test_id_6530,যদি আমি তোমারও কাছাকাছি ও না যেতে পারি তবে আমি তোমার সমাল চনা ঠিক ৯,Negative
test_id_6531,এই খানকি মাগি,Negative
test_id_6532,মাগির কি আবার পরকাল সেইত মাগির আসল ঘর বেশ্যেখানা,Negative
test_id_6533,পুটকি দিয়া যখন আইক্কাওয়ালা বাশ দিবে তখন বুজবা পরকাল কারে কয়।,Negative
test_id_6534,তোর জন্য অনেক কস্ট হয়রে পাছা গভীর,Negative
test_id_6535,ফেসবুক যারা হ্যাক করেছে তাদের জীবনের সব অন্যায় মুছে গেছে।,Negative
test_id_6536,আকাডা দিয়া কি মজা পায়।।????যা কাডা দিয়া পাওনাই।।। ????মাগি একটা।।,Negative
test_id_6537,"ওর থেকে ল্যাংটা হয়ে বস,, তুই তো ভবিষ্যৎ  মিয়া_খলিফা",Negative
test_id_6538,আরে খানকি মাগি কে তো কুত্তায় জন্ম দিছে,Negative
test_id_6539,"কি দুধ! আহা যদি একবার পাইতাম,,,,প্লিজ ইনবক্স করিও সেক্সি পরী মনি",Negative
test_id_6540,বেশ্যা তুর পোস্টে কমেন্ট করা যাচ্ছে না কেন?? কমেন্টেএ অপশন টা বন্ধ রাখলি কেন।।,Negative
test_id_6541,ওয়াও ফদা মনি নি এটা,Negative
test_id_6542,বেছ তাহলে মাগি,Negative
test_id_6543,ভাই ঠিক কইছেনঐ মাগী হিজরা আমি ওর পায়জামা খুলে দেখছি।,Negative
test_id_6544,আল্লাহ করবে ফেসবুক হ্যাক এর বিচার,Negative
test_id_6545,এই জারজ ইউটিবার পেটা লে সব প্রকাশ পাবে আর কত ছলনা করবি জালেমের বাচ্ছারা,Negative
test_id_6546,বাড়াজনিত সমস্যায় ভুগছি। না হলে আজ কিছু একটা হয়ে যেতো।,Negative
test_id_6547,চোদার টাইম নাই!,Negative
test_id_6548,আরে বেশশা তোর কথাতে বুঝা যায় তুই জারজ সনতান,Negative
test_id_6549,আয় মাগি একটু খেলি  ,Negative
test_id_6550,মাগি! তোর ভিতরে পুটি মাছ দিয়া রাজহাসের খামারে ছেড়ে দিমু।,Negative
test_id_6551,এক বুক ভালোবাসা নিও,Negative
test_id_6552,বাজারে মাগি হাসিনা,Negative
test_id_6553,বউরে বলব তার সতীন পাইয়া গেছি ;),Negative
test_id_6554,"সুন্দর তোমার বক্ষখানি,সুন্দর তাহার দুটি পাকা ফল।",Negative
test_id_6555,জাহেদ খান তাকে তো মাল খীরের মত লাগে,Negative
test_id_6556,তোকে চোদন দিয়ে ভোদার ফাটিয়ে দেব।          ,Negative
test_id_6557,মাল কি মালের কার্লার কি বাহ,Negative
test_id_6558,মাগিয়া আগে রাস্তায় বের হ তারপর দেখ কি হয় তুরে পোলাপান সুদে দিবে,Negative
test_id_6559,মাগির বেটি কি মুসলিম না ইহুদি,Negative
test_id_6560,এ মাগিরে চোদাও পাপ,Negative
test_id_6561,তা হলে তোমায় চুদতে আর কোন বাধা নেই,Negative
test_id_6562,তর মা কে জিগ্যেস কর তকে কয়জন মিলে জন্মো দিয়েছে,Negative
test_id_6563,সানি লিওনের পক্ষ থেকে অভিনন্দন,Negative
test_id_6564,তোরে চুদতে হইবো মাগী,Negative
test_id_6565,গানটি হলো দুঃখের কিন্তু গানটি মতো করে যেমন অভিনয় করার দরকার ছিল তেমন হয় নি,Negative
test_id_6566,"ক্ষমা করার মালিক আল্লাহ,,",Negative
test_id_6567,মোবাইলে বাইব্রেশন চালু করে তোর পাছায় ডুকাই দিবো।আর বাহির থেকে বার বার কল দিবো,Negative
test_id_6568,"আপনার কাজ অবলা নারিদের মা"" বানানো দেশ নিয়ে আপনাকে ভাবতে হবে না  ",Negative
test_id_6569,বেশ্যার আবার পরকাল,Negative
test_id_6570,অবশ্য ফেরাউন যদি বেঁচে থাকতো।তরে অবশ্যই পুটকি মারতো,Negative
test_id_6571,"খুব ই ট্যাশ হইসে, আর আমাগে হলের স্যার ম্যাডাম রা আজকে ট্যাশ আরো বাড়ায় দেসে",Negative
test_id_6572,"মাগি তুই,,,, তোর কিজে করি",Negative
test_id_6573,আপু আপনার কাছে এমনটি আশা করিনিখুব লাভ করতাম আপনাকে,Negative
test_id_6574,এদের দ্বারা সবই সম্ভব।,Negative
test_id_6575,"তুকে দেখলে আমার এক্স ভারােবাতিরির কথা মনে পড়ে বৌদি,",Negative
test_id_6576,আমাকে যে ফেসবুকে ফলো করবে আমি তাকে আমার নাম্বার দেব।,Negative
test_id_6577,নতুন আরেকটাকে খাওয়ার ধান্দা,Negative
test_id_6578,অাপনি কেমন মানুষ ফেসবুকের জন্য অাল্লাহ কাছে বিচার চান ছি ছি,Negative
test_id_6579,তোমার জানালা তো সবসময় খোলা ছিল - যে কেউ প্রবেশ করিয়ে দিতো তোমার জানলা দিয়ে,Negative
test_id_6580,মাগীর ভোদায় একটা বোম ফুটাই দেয়া উচিৎ।।।,Negative
test_id_6581,বান‌চোদ‌কে ১০০জুতা মা‌রো,Negative
test_id_6582,আমাকে বিয়ে করবা বলে শাড়ি পোরছো নাকি জানু??,Negative
test_id_6583,জনি ভাইয়ের সাতে নতুন জুটি,Negative
test_id_6584,"আমার বালে ঝুনঝুনি বাজে, চোদার তালে তালে।পুটকি দিয়া ল্যাওড়া দিবো, পইরা থাকবা খালে।",Negative
test_id_6585,"আল্লাহ তাকে হেদায়াত করো, হেদায়াতের মালিক তো তুমি !",Negative
test_id_6586,এসব ফেলানি মাগিদের জন্য পৃথিবীতে এলিয়েন আসে না।,Negative
test_id_6587,"বেটিটা দেখি পুরাই মূর্খ, ফেইসবুক হ্যাকের নাকি আল্লা বিচার করবে উনার হয়ে,!",Negative
test_id_6588,কিছুই বলার নেই   শুধু একটাই কথায় বলব আসলেই তুই একটা টা  মাগী,Negative
test_id_6589,আরেক মাগির অভুথান হইছে নাকি,Negative
test_id_6590,সারা বছর উলঙ্গ থেকে রমজান মাসে আসছেন পর্দাশীল হতে। আল্লা আপনারে হেদায়াত দান করুক,Negative
test_id_6591,এ জারজ গুলোকেপ্রকাশ্যে পাশি দোওয়া দরকার,Negative
test_id_6592,হিতির বৃন্দাবনের মারে চুদি,Negative
test_id_6593,"আমিও তো সাফাকে কখনো উলঙ্গ দেখিনি,না দেখে কিভাবে বিশ্বাস করবো ও একটা মেয়ে???",Negative
test_id_6594,"আন্তর্জাতিক মানভোদার কড়াদোচোনে তুমি জর্জরিত, এখন হালকা মুতে শুয়ে পড় যা-ও .",Negative
test_id_6595,দুধু দেখা যায়,Negative
test_id_6596,সাফা কবির বেশ্যাদের সিরিয়ালে এক নম্বর,Negative
test_id_6597,হ্যায় খানকি তোর ফেসবুক আইডি হ্যাকের বিচার করার জন্য আল্লাহ বসে আছে,Negative
test_id_6598,যাদের কোন কাজকর্ম নেই তারাই মানুষের পিছনে সমালোচনা করে থাকে,Negative
test_id_6599,ঐ মেয়েকে কুত্তা দিয়া চুদানো হোক,Negative
test_id_6600,ছবিখানা তুলিয়াছে যেই জন জনি সিন্সের আত্বীয় সেই জন,Negative
test_id_6601,এত এত চুদার কমেন্ট দেখে তো চুতমারানি খুশিতে ভোদায় আঙুল খোচাইতে চলে যাবে,Negative
test_id_6602,পাছা কবির হা হা,Negative
test_id_6603,এখন নাটক চুদাও,Negative
test_id_6604,আল্লাহর তো আর কাম নাই যে আপনার ফেসবুক হ্যাকের বিচার করবো!!!,Negative
test_id_6605,"দূর মাগি,,,,তর জায়গা পতিতালয়ে হওয়া উচিত,,,",Negative
test_id_6606,"ব্রা এবং জাইজ্ঞা পরে ছবি তুলা যাই না,,,,,,দুদ গুলা একটু খুলে দাওনা,,,,,দেখে দেখে মাল পেলি।।।।",Negative
test_id_6607,তোর৷ মত লটির বিশ্বাস করলেই কি আর না করলেই তোইতো একটা পাড়ার মাগি।,Negative
test_id_6608,মাগির বাচ্ছা মানুষ হ,Negative
test_id_6609,তোর পুটকিতে ঘোড়ার হোল ঢুকে তোর পুকটি ফাটিয়ে দেবো,Negative
test_id_6610,উপরের মহিলা কি ফাহমি আন্কেল এর মা।।। সুজিতদার খালা।।।।।।?????,Negative
test_id_6611,ওর ভোদার ভিতর কুত্তার হোল দিমু,Negative
test_id_6612,ল্যাংটা বসে থাকলে তো আরো সুন্দর হতো,Negative
test_id_6613,লুইচ্চা বলেইতো ভাবী একজনের নুনুর কথা আরেক জনরে বলে  .,Negative
test_id_6614,নুনুবেলের যদি রাগ উটে তাহলে তার লিংক দিবে সামনে,Negative
test_id_6615,প্লিজ কেউ অশ্লীল কমেন্ট চোদাবেন না,Negative
test_id_6616,মিয়া খলিফার মতো হয়ে গেল না,Negative
test_id_6617,তুমি খানকি মাগি রে সামনে পাইলে গুলি করে মারতাম কুত্তার বাচ্চা,Negative
test_id_6618,"এই কুকুর টা পবিত্র কুরআন শরীফকে অপমান করেছিল, শালা মালায়ুনের বাচ্চা মালায়ুন",Negative
test_id_6619,তর শাওয়া দিয়া গরম রড ডুকামু মাগি,Negative
test_id_6620,জায়েদ খান কোন বাড়ার বাল,Negative
test_id_6621,এটা পরে মনে হয় গরম লাগছে তোর বাকলেস ব্লাউজ পরে নারী সচেতনতা বাড়া যা,Negative
test_id_6622,কুত্তি মাগি একটা,Negative
test_id_6623,বাংলাদেশের মানুষের রুচি এতো নিচু যে এ রকম মালের অভিনয় দেখতে হচ্ছে,Negative
test_id_6624,মাইনকার চিপায় পয়রা এখন এসব বলে ফেন বারাতে পারবে না।,Negative
test_id_6625,তর বোদার মধ্যে কালাবেগুন দিয়া দেখ।ডুকেনি পুরুটা।যদি পুড়াটা না ডুকে তাইলে তুই হিজলা মাগী।,Negative
test_id_6626,বাহারি অচল মাল,Negative
test_id_6627,এঠায় আবার কোন দরনের মাগি,Negative
test_id_6628,"আহম্মক তো তুই, বোকাচোদা!!",Negative
test_id_6629,সানি লিওন থেকে হিজাবি কেমনে কি।,Negative
test_id_6630,মালাওনের বাচ্চারা কিছু কুইনা তো বাইরা গেছো যখন কুবা সামসু করুম তখন বুজবি,Negative
test_id_6631,বাহ!!চুদির বেটি বাহ!!,Negative
test_id_6632,চুদানি হিরো আলোম। তোদের মতো এমন মানুষের জন্য বাংলাদেশের আজ এই অবস্থা।,Negative
test_id_6633,দুধের উপরে বাল পড়ে গেছে !,Negative
test_id_6634,খোলা বেলাউস মিথিলার,Negative
test_id_6635,"আল্লাহ্‌ ক্ষমাশীল,ফেবুতে না,দুই হাত তুলে তোবা করেন ?সব কিছুর মালিক আল্লাহ্‌ ?",Negative
test_id_6636,আমার এক বন্ধুর তোমারে নাকি আদর করার শখ ছিল এখন তার চোদার শখ জাগছে,Negative
test_id_6637,তোমরা তো গালি দিতে দিতে সাফা কবিরকে পাছা কবির বানাই দিলা!,Negative
test_id_6638,পেন্টিও পড়ে নাই!,Negative
test_id_6639,মাগিরে কুতুব মিয়া রাম চোদা দিছেতো তাই এই কথা বলতেছে!!,Negative
test_id_6640,"ক্ষমা ফেসবুকে নয় আল্লাহর কাছে চানতিনি পরম দয়ালু,ক্ষমাশীল",Negative
test_id_6641,সানিলিওনের ছোট বোন পাছা কবির,Negative
test_id_6642,তুর কয়ডা লাগে?,Negative
test_id_6643,সিনেমার খবর নাই ভোদা দেখায় বেড়াচ্ছে খানকি,Negative
test_id_6644,দেশে কাপড়ের প্রচুর অভাব,Negative
test_id_6645,সোনা চাটি খায়লে বুজবি,Negative
test_id_6646,ও মাগি ও মাগিরে .তুই ব্যাশ্যা চুদানি রে ,Negative
test_id_6647,"মুড়ি আছে কারো কাছে, কমেন্ট পড়তে পড়তে কিছু খাইতে মন চাইতাছে।,, মাগি",Negative
test_id_6648,চোদা লইতে লইতে এই অবস্তা এখন আমি কমেন্ট পড়ে শিহরিত,Negative
test_id_6649,ছাফা খবিশ তোর মতো মাগিরে বাংলার ইসলাম প্রিয় জনগণ বয়কট করেছে।,Negative
test_id_6650,তোর মত মাগিরে লোহা গরম করে নাকের বিতর ডুকিয়ে দরে রাকা উচিত,Negative
test_id_6651,তরে যে এক বার চুদুম সেই রুচি টা আসেনা,Negative
test_id_6652,"ঢেস মারানীরর বাচ্চা,ঢেস মানানির ছেলে, ঢেস মারানির নাতি",Negative
test_id_6653,"ওড়া কি বুক দেখিয়ে সুখ পায়,নাকি সুখের সন্ধানে বুক দেখায়",Negative
test_id_6654,সবাই রিপোর্ট মেরে মাগিটারে চান্দে পাঠাই দেন।,Negative
test_id_6655,শুধুমাত্র একটা কথা আপনার ক্যারিয়ারের পুটকি মারতে পারে এ তার বড় প্রমান,Negative
test_id_6656,বেশ্যারর মতো লাগছে।ছিঃ,Negative
test_id_6657,তুইতো মাগি তুই আর কি বিশ্বাস করবি।,Negative
test_id_6658,খানকি মাগি তোরে বাশ ডলা দেয়া দরকার,Negative
test_id_6659,না করলে না কর পুটকি মারা দে গিয়া,Negative
test_id_6660,খুব শিয়ানা মাল,Negative
test_id_6661,খানকি তোর লাইগ্গা এই শিতে গোসল করতে লাগে,Negative
test_id_6662,এগুলা বলতে হয় নাহ!পাপ হয় বাবারা,Negative
test_id_6663,মাগি তই ত কুত্তা চুদা খাইয়া বর হইসস কানকি,Negative
test_id_6664,নাটক সবাই নাটক। মাগীরে রিমান্ড দেওয়া হউক।,Negative
test_id_6665,তুমি পুটকি মারা দেও এটা আপনার ব্যাপার! কোরআন পড়তেই জানিসনা তুই পরকালে বিশ্বাস করবি কিভাবে!???,Negative
test_id_6666,টুমি যে এতোটাও মাল ভাবি নায়য়,Negative
test_id_6667,মায়া তুমি অনেক ছেলের ক্রাশ ছিলা তোমার একটা ভুলের কারনে সবার কাছে ব্রাশ হয়েগেলা,Negative
test_id_6668,"এসো হে বৈশাখ আমার অন্তরে, তরে লইয়া বাধবো বাসা ওই আকাশে আহ আহ আহ",Negative
test_id_6669,গরিবের নাতাশা মালকোবা,Negative
test_id_6670,এ খান্কি মাগির পাথর মেরে দুনিয়া থেকে বিদায় কর,Negative
test_id_6671,"ভোদা আলম এর ভিডিও দেখলে,ওর গুষ্টি চুদতে ইচ্ছে করে।",Negative
test_id_6672,"যারা কুরআনের বিরুদ্ধে কথা বলে তারাঃعُتُلٍّۭ بَعْدَ ذٰلِكَ زَنِيمٍদুষ্ট প্রকৃতির, তারপর জারজ।— সূরাঃ আল–ক্বালাম (৬৮ঃ১৩)",Negative
test_id_6673,মাগিরে তুরা মুসলিম না তুরা হিনদু,Negative
test_id_6674,অাপনি কিন্ত অনেক ভালো খেলোয়াড়>বুঝলে বুঝ পাতা না বুঝলে    .,Negative
test_id_6675,সানি লিওনের মত হতে চাও! হতে পারবা না,Negative
test_id_6676,আরে মাগী। তর মোখে আল্লাহর নাম বেমানান,Negative
test_id_6677,কনডম দূর্গঠনায় জন্ম নেওয়া সাফা কবির কে বয়কট করুন,Negative
test_id_6678,তুমি দেখতে অনেক সুন্দর কিন্তু তোমার দুধ গুলা একটু বড়,Negative
test_id_6679,মালিহা মৌ আমিও এখন আসছি আফা,Negative
test_id_6680,জায়েদ খান হিরো আলমের একটা বালের সমান দাম নাই। ওকি সেটা জানেনা।বানচুদায়,Negative
test_id_6681,এ ভোদার বাল তোর সুটিং বাদ দে বগুরার মান বাচতে দে।এ ফিকার তোক মানাই না,Negative
test_id_6682,দুধ চা খেয়ে তোকে গুলি করে মারবো!,Negative
test_id_6683,"মাগি হোটেলে নাইট করতে করতে অন্দ হয়ে গেছে,",Negative
test_id_6684,তুমি একটা খানকি বাচছা,Negative
test_id_6685,"ওতো ওর বাবা মার সহবাস দেখেনি, তাহলে এখন বলতে হবে ওর ও অবৈধ সন্তান ।",Negative
test_id_6686,"নাটক চোদাইস না।পাবলিক সব বুঝে, বোকাচোদা।",Negative
test_id_6687,চোদানিরে বাংলাদেশ ছারা করার দরকার।।।।।,Negative
test_id_6688,এদের কথায় কি অাসে যায়। পতিতা,Negative
test_id_6689,টাপা কবির  !তুই নাকি কনডম দূর্ঘটনাই বের হয়েছিস?,Negative
test_id_6690,"কাছে অাসো পরি সোনা,তোমাকে এভাবে ললিপপ খাওয়াবো।",Negative
test_id_6691,বাব চোদাও মিসা,Negative
test_id_6692,ফটোগ্রাফার হ্লায় কিভাবে এই মাল না খাইয়া রইসে .? নাকি খাইয়া দিসে ? খুব জানতে ইচ্ছে করে,Negative
test_id_6693,সবাই দেখে ফেলেছে তাই  . জানালা খোলা  .,Negative
test_id_6694,"মাগি তুই ত এখন ও ভুল সিকার করতে ভালো করে পারলি না,তুর জন্মের ঠিক নাই",Negative
test_id_6695,তুরে কন্ডম দিয়ে এক ঘন্টা পিটানো উচিৎ খানকি।,Negative
test_id_6696,ফালতু ড্রামা চোদানোর দরকার নাই আপা,Negative
test_id_6697,জামালপুরের ডিসি তোমার জন্য ওয়েট করতেছে,Negative
test_id_6698,আলম বেশ্যাপাড়ার চেয়ে খারাপ হয়ে গেছে,Negative
test_id_6699,জাহিদ তোর মাকে চুদি,Negative
test_id_6700,বারোবাতারির কালার তাহলে হলুদ,Negative
test_id_6701,তোদের মতো কুত্তার বাচ্চা যে৷ একটা মুসলীম৷ ভাবতেও অবাক লাগে রে খানকি মাগী,Negative
test_id_6702,"মিয়া খলিফার ছোট বুইন,",Negative
test_id_6703,আজ আমি ছবিটা তুলে দেওয়া সবাই তোমার পাছা দেখচ্ছে,Negative
test_id_6704,"যেই জানাজানি হল বিয়ের কথা, এরপর থেকে বউকে নিয়ে পিক আপলোডও শুরু হল",Negative
test_id_6705,মাগি তরে ঘোড়া দিয়া চোদামু,Negative
test_id_6706,চোদা দিয়া ভিডিও ভাইরাল বের করবি ,Negative
test_id_6707,রবি ঠাকুর কেও ছাড়লো না,Negative
test_id_6708,আগে দুধ দুটি বড় করো।,Negative
test_id_6709,শালী গাঞ্জা খোর,Negative
test_id_6710,সাফা কবিরের ফেসবুক পেজ আনফলো করতে এসে দেখি ফলোই করানাই,Negative
test_id_6711,মরলে বুজবি পরকাল কি পুটকি দিয়া যখন গুইল ড়ুকবে ,Negative
test_id_6712,আপা !!আসেন আপনার পাছাতে একটা নাপা ঢুকাই দিই,Negative
test_id_6713,"তুই কছ এই গুলা কি লিখে, কি প্রশ্ন করে, খানকি, উওর দিলি কি তুই,, বেশ্যা",Negative
test_id_6714,বা পা টা ফাক করলেই তো হত।,Negative
test_id_6715,নুনু বেলের তামাশা,Negative
test_id_6716,তুই আসলেই জারজ সন্তান,Negative
test_id_6717,মহামারীর সময়ে তোমার বিবাহিত জীবন দোচার মত এত্ত টাইম পাবলিকের নাই।,Negative
test_id_6718,আসিতেছে খানকির ছেলে মদ খাবি খা,Negative
test_id_6719,"এর জন্যই কবি চুদেল্যাঙ গাঙ্গুলি বলেছিলেন,মূর্খ হইয়ো কিন্তু বোকাচোদা হয়ো না",Negative
test_id_6720,সোজা কথায় চুল দিয়ে দুদু ঢাকা,Negative
test_id_6721,পিছনে যারা সমালোচনা করে তাদের পরিচয় কি বলবো ওরা তো      আজিবন এই করে।,Negative
test_id_6722,লাইভ এসে বলো যাহা বলার নইলে ডোনাল টম্পকে এনে চোদাবো ?,Negative
test_id_6723,ইশরে খেয়ে শেষ করে দিলো মায়াডারে,Negative
test_id_6724,গ একারে গে!,Negative
test_id_6725,নিকোটিন এর ধোয়া কি দুধরে মাইরিতোর মুখে দিলে মুখে আটবো না,Negative
test_id_6726,"আবার ওনার সাথে শুয়ে পডে কিনা, কে জানে।।",Negative
test_id_6727,তোর সোনা দিয়া বরাক বাশ ডুকিয়ে টান্ডা বানাবো তোকে চুতমারানি জারজ,Negative
test_id_6728,লাইবে চোদা দেওযার জন্য এসেচ খানকি মাগি হিহুদির চোদা তুই তোর বাপের চোদা না,Negative
test_id_6729,তার মায়রে আমি ই করি।,Negative
test_id_6730,আবাল চোদা মাইয়া,Negative
test_id_6731,এটো ছোট কেন,Negative
test_id_6732,শাওয়া মার্কা একটা গান - সবাইকে শোনার অনুরোধ রইলো,Negative
test_id_6733,কিরে বেশ্যা পতিতার বাচ্চা তোরে! শুয়োর দিয়া চোদামু! হাতি দিয়ে পোন্দামু!,Negative
test_id_6734,বুক টানা দিয়ে আছ কেন ? এটা কোন কারণ,Negative
test_id_6735,খবর পাইলাম আপনি নাকি জনি সিন্স এর জাস্ট ফ্রেন্ড ?,Negative
test_id_6736,দুইদিন পর নিজের হুগায় নিজেই থাব্রাইব,Negative
test_id_6737,কানকি মাগের আইডি গেছেতো তাই,Negative
test_id_6738,হিরো খোর মালম,Negative
test_id_6739,"খানকি, তুই মরলে মাটিতে তর জায়গা হবে না।",Negative
test_id_6740,চেপুদারে তো চুদলুম~এহন তুই রেডি তাকিস।মাগির পাচা দিয়ে লাল সুতা বাইর করুম,Negative
test_id_6741,এখন চলবে বোকাচোদা বাংগালীর কমেন্ট,Negative
test_id_6742,"খানকি মাগি,, বিচার তো পরকালে হইবে। তুই বিচার কেমনে চাবি? তুই তো পরকাল বিশ্বাস করিসনা।",Negative
test_id_6743,চিল্লাইয়া মার্কেট পাচ্ছে নাআর আপুরাকম কাপড়ে মার্কেট গরম করে দিচ্ছে  ,Negative
test_id_6744,তোরে চুদি সাফা,Negative
test_id_6745,তুমি কেমন খেলোয়ার বাড়া এক ঘন্টাতে ৩০ বার খেলবা,Negative
test_id_6746,তোর নুনুর অপারেশন করতে হইবো বুজছি,Negative
test_id_6747,সালার পুত ওল্টা আইচচ দুনিয়াতে? পাতাইল্লা হতে পারলিনা?না তুরমায়ের পাচাদিয়ে হয়চচ সাওয়াদিয়ে নাহয়ে,Negative
test_id_6748,মাগি তুই আর কত নস্টামি করবি?,Negative
test_id_6749,এক নং মাগি,Negative
test_id_6750,তোর কি মনে হয় পরকাল নাই তুই একটা মাগি,Negative
test_id_6751,মনে হচ্ছে নিচ দিয়ে ভেতরে কিছু ঢুকে গেছে,Negative
test_id_6752,তুই মাগি বুঝবি কেমরে,Negative
test_id_6753,তোমার খোলা জানালা দিয়ে আমি আমার গাছের বেগুন নিক্ষেপ করতে চাই মিথিলাসোনা,Negative
test_id_6754,কুত্তার বাচ্চা মাগী,Negative
test_id_6755,"হিতি জানোয়ার, হারামজাদী।মাগি।",Negative
test_id_6756,সবই চুদো মাগিরে,Negative
test_id_6757,"আমি আপনার অনেক বড়     ছিলাম,কিন্তু আপনি যে এতো বড় খানকি মাগি,তাহ জানতাম নাহ",Negative
test_id_6758,জামাটা আর একটু নিচে নামালে পাবলিক খুশি হতো।,Negative
test_id_6759,সারা দেশে মহা মারি বালের চুটিং,Negative
test_id_6760,কত্ত বড় ভাবা যায়?,Negative
test_id_6761,এই রাতের বেলা এইসব গরম পিক আপলোড দিয়ে লাখো ছেলের ঘুম কেড়ে নিলেন,Negative
test_id_6762,তুই মাগী এর সামনে পাইলে বেম্বো বাগান দেখাতাম,Negative
test_id_6763,মাগি! ঘোড়া দিয়ে চোদানো দরকার তোরে।,Negative
test_id_6764,"তাহলে কুত্তা দিয়া চুদাভাবি, আপু,আন্টি চুদাচুদি করতে চাইলে ইনবক্সে আসুনরিয়েল চুদাচুদি করতে চাইলে।",Negative
test_id_6765,তুমি একটা মাগী,Negative
test_id_6766,"পুটকিত আগুন জলে,,, ক্যারিয়ার শেষ ইহকালের ও পরকালে",Negative
test_id_6767,নটি মাগী খানকি মাগী,Negative
test_id_6768,কেউ গুজবে কান দিয়েন না সাফা কবির অসুস্থ জনি কাকু চিকিৎসা করে দেবে,Negative
test_id_6769,পরি আপুর কি কাপড় কেনার টেহা নাই ।,Negative
test_id_6770,ঐ মাগি তরে পুটকি মাইরা মারা উচিৎ। তরা জগতের সতরু,Negative
test_id_6771,হেতির ডেডির নুনু আছে সেটা হয়তো সে বিশ্বাস করে না  ,Negative
test_id_6772,বড ভাই তোর মার সাথে প্রেম করে চুত্তে চাইছে সাঈদী। সালা কুত্তার বাচ্ছা।,Negative
test_id_6773,গরিবের            বাইনচোদ বেডি বাংলাদেশে অামেরিকার কালচার চোদাইতে আইছো ডুবাবি বাংলাদেশটারে,Negative
test_id_6774,ঢাকা কি কাপড় নাই রে,Negative
test_id_6775,যেদিন সত্যি সত্যি পুটকি দিয়া বাশ ডুকবে সেদিন ঐ বুঝবা এই খেলার মজা কত!!,Negative
test_id_6776,তুইতো একটা মাগি খানকি,Negative
test_id_6777,"তোমার জানালা যে সময় খোলা থাকে এটা আমরা ভালো করেই জানি,এখানে বলার কি আছে .",Negative
test_id_6778,এমন নির্লজ্জ জাতি পৃথিবীর আর কোথাও নেই।,Negative
test_id_6779,তোর ভোদায় গন্ধ,Negative
test_id_6780,মাগি তর ধুনের বিচি পিপড়ায় কামড়াবো,Negative
test_id_6781,খানকি মাগী তোরে তো কুত্তায় ও চোদেনা,Negative
test_id_6782,আপু দেখা যায় বাইরের দেশের নায়কাদের কাপড়চোপড় ফলো করা শুরু করছে,Negative
test_id_6783,তুই তো মাগি নাসতিক,Negative
test_id_6784,মরলে বুঝতে পারবি মাগির।,Negative
test_id_6785,"ফেসবুক প্রোপাইল হ্যাক করার দায়ে, আল্লাহর কাছে বিচার দিলেন??",Negative
test_id_6786,বাড়া চাঁদ উঠেছে গগনে,Negative
test_id_6787,বাংলাদেশী মিয়া খলিফা।,Negative
test_id_6788,আরেক পাগলচোদা কয় কি,Negative
test_id_6789,মিথিলা বেবি তোমার রান্নার হাত টা একটু দেখবো।=                          ,Negative
test_id_6790,সামাল পায়না অহন খানকি,Negative
test_id_6791,মানবতা দিন দিন ঝুলে যাচ্ছে।,Negative
test_id_6792,ঠিক আছে   সান্ত হও শোনার পরে না হয়   _  -;???????,Negative
test_id_6793,"মোঃ ফোজায়েল আমরা মুসলিম,, ভালোবাসবো কি হিন্দু মালুদের কে নাকি,,,আবালে কয় কি,,মেয়াদোত্তীর্ন গাজা সেবনের প্রতিফলন",Negative
test_id_6794,তাই তো একটা রাস্তার পতিতা মাগি .মাগি তো মাগি. মাগির কোন ধর্ম আছে নাকি?,Negative
test_id_6795,বাংলার সানি লিওন,Negative
test_id_6796,ব্রা টাও খুলে পেল,Negative
test_id_6797,যতসব আবালচুদার দল,Negative
test_id_6798,"এতো আবাসিক হোটেলের মাল তাই বিশ্বাস করেনা,,,খানকি",Negative
test_id_6799,জাহিদ খানকির পুলাটা সবসময় মানুষকে ছোট করে কথা বলে,Negative
test_id_6800,তুই মাগি মাগি মাগি মাগি,Negative
test_id_6801,পাগল চুদা কে পাগলা গারদে ভরে দে,Negative
test_id_6802,কেউ         করতে এসে গালাগালি চোদাবেন নাআমরা পরিস্থিতি নিয়ন্ত্রণের চেষ্টায় আছি,Negative
test_id_6803,আস্ত একটা খানকি নাহলে এমন কথা বলে,Negative
test_id_6804,লাফ দাও পরি নিচে জামালপুরের ডিসির অফিস,Negative
test_id_6805,বলাৎকার নিয়ে নয় কেন?,Negative
test_id_6806,দেখতে মাগির মতু লাগছে,Negative
test_id_6807,সব সময় তোমাকে আমার বুকে ধরে রাখবো,Negative
test_id_6808,ম*** তোকে সামনে পাইলে এমন চুদানি পেতাম,Negative
test_id_6809,আপনার জানালা বন্ধ ছিল কবে??,Negative
test_id_6810,যেই ফিগার দেখাইছো অামার টুনটুনি ৭দিনের অাগে দারাইবো না,Negative
test_id_6811,তোর বোদায় গরম রড ডুকামু খানকি মাগী,Negative
test_id_6812,পুটকি মাইরা হোগা ছাদে উটাইছে,Negative
test_id_6813,না দেখিয়া সোনা আর পাছা কিভাবে বিশ্বাস করিবো যে তুমিই সেই সাফা.???,Negative
test_id_6814,ওই খানকির পোলারা এটা কি সাঈদী সাহেবের কন্ঠে,Negative
test_id_6815,সেহেরীর আগে একবার হয়ে যাবে নাকি?? আমি কিন্তু প্রস্তুত,Negative
test_id_6816,"তোমার বুকে জুম করে দেখেলে মনে হয়, তোমার সব কিছুই আলগা",Negative
test_id_6817,"খানকীর পুলা এদের মধ্যে তোর মা ও আছে তাইনা,,নাস্তিকের বাচ্চা",Negative
test_id_6818,বড় ভাই হামাক এনা ভাগ দিওহামিও এনা চুদ্মো প্রয়োজনে সেফুদার জার্মানি শেফার দিয়েও চুদ্মো,Negative
test_id_6819,"যে মাগি কয় থাক এসব,,,ওই মাগি বড় খানকি",Negative
test_id_6820,গালি দিমু না।কারণ আমি ভদ্র ছেলে।নাহলে খানকি মাগী গালিটা প্রথমে দিতাম।।,Negative
test_id_6821,আগে আগে মাগী পর্দা ফাটিয়ে এখন হা-হুতাশ করলে কি আর তোর সতীত্ব ফিরে পাবি নাকি।,Negative
test_id_6822,বাড়া কবির তোর বাপে তোরে জন্মাইছে দেখছিলি চাইয়া কিউরিয়াস মাইন্ড ত জানতে চায়          ,Negative
test_id_6823,আরে মাগী মরার পরে বোজবি,Negative
test_id_6824,দুধ তো সবই দেখা যায়,Negative
test_id_6825,বার মিলি রড গরম করে দিলে বিশ্বাস হবে অবশ্যই।,Negative
test_id_6826,কানা চোদা আলম,Negative
test_id_6827,"জনি ভাই কে খবর দাও,,, সে একটু রাত হলে তাকে বুঝিয়ে বলবে,,,,,",Negative
test_id_6828,এই মাগি ইহুদি,Negative
test_id_6829,আরে বোকাচোদা তুই কি অভিনয় করিস,Negative
test_id_6830,"এই রাতে একটু হাহা কমই পাওয়া যায়, বারো তরকারি",Negative
test_id_6831,এটা আবার কোন হারামি করলো জনি কাক্কুর লগে,Negative
test_id_6832,ফাহিমা হান্নান বিনা তুই বিশ্ব সুন্দরী নাকি মাগী,Negative
test_id_6833,হিরো আলম এর থেকে নিকৃষ্ট জায়েদ খানকি,Negative
test_id_6834,জায়েদ খানকিসের নায়কনা ও তে দিলদার তাওতেন কেও,Negative
test_id_6835,পরী আর সানি লিওনের মধ্যে ১০০% মিল।,Negative
test_id_6836,"আমি নিঃসন্দেহে বলতে পারি ,তুই একটা জারজ সন্তান। কুর্তার বাচ্চা ভালো হয়ে যায়।আর দালালি ছাড়।",Negative
test_id_6837,মাগির মস্তিষ্ক বলতে কিছু নাই,Negative
test_id_6838,তুই আচতা মাগি,Negative
test_id_6839,জায়েদ তো পচা মাল,Negative
test_id_6840,লুক লাইক নাতাসা মালকুভা,Negative
test_id_6841,ভাই শুধু ওই চুম্মাটা দেখার জন্য হলেও গানডা দেখবে নো টেনশন,Negative
test_id_6842,জাহিদ খান একটা খানকির ছেলে,Negative
test_id_6843,তোকে চুদদেও ঘৃণা হয় খানকি ।,Negative
test_id_6844,মাগিরে গনচোদা দেয়া উচিত,Negative
test_id_6845,মাগি তোর উপর আল্লাহর লানত।,Negative
test_id_6846,আহমেদ রবিবাড়া খাড়ায় না আরো বেটার পিক দরকার,Negative
test_id_6847,পুটকি কবীর কে,Negative
test_id_6848,আমরা কি ভাগ পাবো না?,Negative
test_id_6849,দেখ মাগিরে কি রকম লাগের,Negative
test_id_6850,যাক তুই এখন আরও স্বাধীনভাবে কাপড় পড়তে পারবি .এমন ব্রেকাপের ধারা জারি থাকুক সারা জীবন।,Negative
test_id_6851,আপনাকে ল্যাংটা থাকার চেয়ে এখন অনেক সুন্দর লাকছে।৷ আশা করছি শালিন পোশাকে পোস্ট করবেন।।। ধন্যবাদ!!!!!,Negative
test_id_6852,লটির মাগি তুই তো কুকুরের চোদা,Negative
test_id_6853,বোকা চোদা কয় কি,Negative
test_id_6854,জায়েদ খানকি নায়ক? (স্পেস বাদ গেছে ভাই),Negative
test_id_6855,নাসিকাকর্তন গুটি চুদি,Negative
test_id_6856,পতিতা শব্দটি কাদের জন্য,Negative
test_id_6857,পুরা মাগি লাগের,Negative
test_id_6858,"সারা বছর ন্যান্টা ড্যান্স দিয়া,এখন আইছো পর্দা করতে -_-",Negative
test_id_6859,গরিবের সানি লিওন নাকি,Negative
test_id_6860,সালিরে কেউ একটু পাট খেতে নিয়া যাও,Negative
test_id_6861,বাকিটুকু খুলে কবে আপ দিবা?,Negative
test_id_6862,খোলা জানালা দিয়ে ভেতরে যাওয়া যাবে?,Negative
test_id_6863,মাল খানা মনে হয় ফেরা উনের বংশধর,Negative
test_id_6864,সারা বছর খোলা মেলা থাইকা এখন বোরকা পড়ার মানে কি?,Negative
test_id_6865,সব মাগির পোলারা,Negative
test_id_6866,ভাইরাল হতে চাও পিক না দিয়ে লিংক সহ ভিডিও দাও  কানকি_মাকি,Negative
test_id_6867,আমার ও ওর তো আফ্রিকান নুনু,Negative
test_id_6868,খানকির পোলা মিথ্যা অপবাদ দিতে লজ্জা করে না একজন আলেমের বিরুদ্ধে সাজানো বানোয়াট অপ্রচার চালাচ্ছত,Negative
test_id_6869,আপনার একটা লিংক হ‌বে আপু? তাই‌লে ভে‌বে দেখ‌তে পা‌রি ক্ষমা করা যায় কি না!,Negative
test_id_6870,খানকি মাঘি .তওবার পড়,Negative
test_id_6871,আমিও তর মতো আচোদার কথাই কান দেইনা,Negative
test_id_6872,সেক্স করতে চাই তোমকে,Negative
test_id_6873,সাফা কবীর মিয়া খলিফার চাইতে কোনো অংশে কম না,Negative
test_id_6874,"মাগির তো পরকাল নেই,,,",Negative
test_id_6875,"সাউয়া চ্যাপা সাফা, ফুন্দে ডুকাইলে হাফা,তরে গোড়ার পেল দি চুদানি উচিৎ।",Negative
test_id_6876,তরে কুন হালায় জন্ম দীছে ঐ মাগী,Negative
test_id_6877,যাও বাবু দুধ খেয়ে ঘুমাতে যাও কালকে পরীক্ষা আছে,Negative
test_id_6878,জনি সিন্স বাংলাদেশে আসছে  সাফা কাবির কে নিতে .সবাই শান্ত হন .,Negative
test_id_6879,আকাম করছে লাইভে এসে এখন বলে ফেজবুক হ্যাক করছে। এই মাগি চুদ্দা বোদা পাঠিয়ে দিমু,Negative
test_id_6880,তর লজ্জা করে না আবার এম পি চুদাও।শালা হিরোইনচি।,Negative
test_id_6881,তাহলে নেংটা হয়ে নাচ,Negative
test_id_6882,কত নাম্বার         আপু আপনার,Negative
test_id_6883,অনেক দিন পর জামা পড়লো,Negative
test_id_6884,তুই ডায়নি খানকি মাগি,Negative
test_id_6885,ফালতু দেশের মায়েরে চুদে দিল,Negative
test_id_6886,আমি এখন ও সেই লিংকের জন্য ওয়েট করি।,Negative
test_id_6887,হিরো আলমের মতো কিছু আবালের জন্য ফেসবুক চালানো বাদ দিতে ইচ্ছে করে।,Negative
test_id_6888,ভাই করেফেলেন। ঐ খানকির জন্য নিজের মূল্যবান জীবনটা নষ্ট করবেন না।,Negative
test_id_6889,হেতিরে চুদমাগি বেশি তাপালিং করে,Negative
test_id_6890,পরোকিয়ায় কখোনো সুনাম আশে না।,Negative
test_id_6891,মাগি মরি দেখ কবেরের জগতে কত কষ্টকর কত রকমের আজাব দিবে,Negative
test_id_6892,সাফা কবিরকে বিমানে উঠিয়ে পুটকি মারা উচিৎ। যতে পড়ে যাওয়ার ভয়ে পুটকি মারা দিতেই থাকে  ,Negative
test_id_6893,মাগি তর রাতের বিজিট কতো,Negative
test_id_6894,মুখে এক কথা আবার পাছায় আরেকটা বলে এখন আবেগের চোদন দেখা হলে হবে না সোনা   ,Negative
test_id_6895,"শালা ফকিন্নিরর পোলা, ঠিক মত বাংলা ভাষায় কথা বলতে পারিস না। আবার অভিনয় চোদায়ে বেড়াও?",Negative
test_id_6896,সামাজিক মাধ্যম গুলোতে নষ্টামি না করে জাতির জন্য ভালো উদাহরণ হোন .,Negative
test_id_6897,তোক লাগায় রে মাগি তোর মুখে এসব কথা মানায় না,Negative
test_id_6898,কনডমের দাম দেওয়া লাগবোনা সুধু ওরে ডুকাইবেন রাজি থাকলে       করেন জতো ঠেলা ততো টাকা,Negative
test_id_6899,"বেলুন দুর্ঘটনায় জন্মের ফসল তুমি,জারজ",Negative
test_id_6900,তোর বাবা একজন জারজ সন্তান তুই ও প্রমাণ করলি তুই ও এর ব্যতিক্রম নয়,Negative
test_id_6901,"আপু এসব পুরান স্টাইল,,মানুষ এখন পুরা দুধ দেখতে চায়একটু আপডেট হন",Negative
test_id_6902,হি ইজ বেশ্যা।শাহরিয়ার কবিরের মেয়ে।,Negative
test_id_6903,"হ্যাকার ভাই এর কাছে আবেদন নামটা চেঞ্জ করে "" পাছা কবির"" রেখে দিন",Negative
test_id_6904,"সমালোচনা করা যতটা সহজ, সমালোচনার অধিকারীর জায়গায় যাওয়া ততটা সহজ নয়।",Negative
test_id_6905,তামিম খেয়ে ছেরে দিসে,Negative
test_id_6906,আহারে টাকা+কাপড়ের কতো অভাবআপনার বিকাশ নাম্বার টা দেন ত!এবার থেকে যাকাতের টাকা আপনাকে দেব।,Negative
test_id_6907,এমন করে বলে না সোনা এবার তো    লিংক বের হবার পালা,Negative
test_id_6908,গরীবের নাতাশা মালকোভা,Negative
test_id_6909,"প্যান্ট আরেকটু ছিড়লে তো নানার বাড়ি দেখা যাবে,,",Negative
test_id_6910,"তোমার তামাশা তোমার হোগায় বড়ো, মাদারচোদ",Negative
test_id_6911,জাহেদ খান কুত্তার বাচ্চা তোকে কজন চিনে ফকিন্নি চুদা,Negative
test_id_6912,বাংলার সানি লিওন ।,Negative
test_id_6913,আপা আপনার মাকে আমি ছুদি,Negative
test_id_6914,বন্ড মেয়ে তুই,Negative
test_id_6915,মাল্টিপ্লাগ বিজ্ঞাপন ছাড়াই বিক্রি হয় বার বার প্রচারের কোন মানি হয় না।,Negative
test_id_6916,ক্ষমা করার মালিক আল্লাহ।,Negative
test_id_6917,ওর মুখ দেখলে আমার বাথরুম আসে,Negative
test_id_6918,এইসব মালুরা করে মুসলমানেরা নয়।,Negative
test_id_6919,বান্চুদ মার্কা কথাবর্তা।ওর মত মাগির বললেও কি না বলেও কি।,Negative
test_id_6920,ব্রাজিল নেইমার কাকা,Negative
test_id_6921,কুত্তা দিয়ে চোদাবে।,Negative
test_id_6922,জাহেদ খান তো একটা মাগির দালাল,Negative
test_id_6923,তোর বাপের নুনু নাই।কারন তুই তা দেখস নাই।তোর মারে কুত্তাই চুদছে আর তোর জন্ম হয়ছে।,Negative
test_id_6924,"শুধু বোরখা পরে ফেসবুকে ছবি দিলে হবে নাহ, সারা বছর বোরখা পরতে হবে।",Negative
test_id_6925,জিবন টা বেদনার    হেতি ক্রাশহীনতা ভুগতেছে  .এইসব কথা আর বলিও না মানুষ ভাব্বে তুই বোকাচোদা,Negative
test_id_6926,আমার থেকে কিছু টাকা ধার নিতে পারেন। তারপর ও এমন ছেঁড়া কাপড় পরিধান করবেন না,Negative
test_id_6927,"চুদির ভাই তোকে দেখতেই ভালো লাগেনা ,বাল কামার দোকান দে তাও একটু মানাবে তোকে",Negative
test_id_6928,ওয়াও নিজেকে বিলিয়ে দাও শস্যক্ষেতে।,Negative
test_id_6929,আমার পুটকির মম,Negative
test_id_6930,হেদায়েত এর মালিক আল্লাহ .,Negative
test_id_6931,ব বেয়াদব কুকুর বাচ্চার মাদার সুধ জাহেদ খান।।,Negative
test_id_6932,কেউ কি সাফা কবিরের ভোদা দেখেছেন।যেহেতু দেখিনাই সেহেতু বিশ্যাস করা যায়নাযে সাফা কবিরের ভোদা আছে।,Negative
test_id_6933,নোয়াখালীর গনধর্ষনের কথা মানুষ ভুলবে না। শয়তানের বিচার একদিন করবেই আল্লাহ্,Negative
test_id_6934,"ধন্যবাদ জানাই হিরো আলম কে প্রবাসী মালেশিয়ার পক্ষ থেকে,,, সঠিক জবাব দিয়েছেন আপনি",Negative
test_id_6935,তুই মাগিরে মনড়া চায় ১০০ জন মিল্লা চুদি,Negative
test_id_6936,কাংকি মাগি তোর চৌদ্দ গোষ্টি চুূদি আমার বাড়া কাড়াই আছে তোরে টাপানোর জন্য,Negative
test_id_6937,সব ফলোয়ার বাড়ার ধান্দা,Negative
test_id_6938,আল্লাহ তা'আলা হেদায়েত আলো দ্বারা আপনাকে আলোকিত করুক।এবং সাধারণ জীবনে ফিরে আসার তাওফিক দান করুক।,Negative
test_id_6939,তর মারে চুদে কাওয়া বিয়ান চুদেরে আবার বিশের মানুষ চিনবে মাদার চুদি,Negative
test_id_6940,শালি মাগি চুতমারানি তর মাইরে সারে ৭ বার চুদি সাফা কবির মাগি গুস্কি,Negative
test_id_6941,খানকি তুই পরকাল বিশ্বাস করিস না .শালি তোর গায়ে ঠাডা পড়বে .,Negative
test_id_6942,বাংলার গর্ববতিবাংলার সানি লিওনছবিটির পাশে জনি সিন্সের অভাব টা অনুভব করছি,Negative
test_id_6943,"তুই মর,, নটি",Negative
test_id_6944,তর মায়রে বাপ ভুসকি মাগি,Negative
test_id_6945,নিশ্চিত এই ছবিটা জনি সিন্সে তুলছে,Negative
test_id_6946,পুটকি দিয়া হইছে :),Negative
test_id_6947,অ্যাাাা চুদা একটর শালী,Negative
test_id_6948,মিয়া খলিফা আর সাফা কবির দুইটাকে যদি আমি একসাথে ঠাপাইতে পারতাম নিজেকে ধন্য মনে করতাম .,Negative
test_id_6949,এবার চুদা সামলা মাগি,Negative
test_id_6950,চুদানি নাটক কর,Negative
test_id_6951,সেফু তোর পাছা দিয়া করোনা ভাইরাস না ঢুকাইলে ঠিক হইবি না। কুত্তার ছাওয়াল।,Negative
test_id_6952,বোনটি বেগুন আর কলার মধ্যে তার মধ্যমা আংগুলের তৃপ্তির গল্প শুনাচ্ছেন,Negative
test_id_6953,"তুই যে মাগী একটা,,,কত জনের সাথে দিয়ে আসতেছিস তার খবর না,",Negative
test_id_6954,এমন সুন্নতি দাড়ি রাইখ্যা লুইচ্চামি গান করা ঠিক ভাউ????,Negative
test_id_6955,তোই তো যারা মাগিতোর ত জরমের ঠিক নায়,Negative
test_id_6956,তোমার চোদা  সারা,Negative
test_id_6957,জাহিদ খান কে ময়ুরির ভোদা সুচা জাহিদ খান,Negative
test_id_6958,চোদা বিশ্বাস করিশ তো নাকি   ,Negative
test_id_6959,খানকি মাগিরে বাংলাদেশ থেকে তাড়াও,Negative
test_id_6960,আমি তোর ফেসবুক আই ডি হ্যাক করেছি পারলে কিছু করপাডার চেরি পাডা,Negative
test_id_6961,আশাকরি এইবার তর ন্যাকামি চোদানো বন্ধ হবে,Negative
test_id_6962,বাপরে সব ফেসবুক ফেন্ড দেখি হাজির,Negative
test_id_6963,তুই আসলে একটা মাগির চেয়েও বেশি খারাপ,Negative
test_id_6964,ফেসবুক হ্যাকের বিচার আল্লাহ্ করবেনা।,Negative
test_id_6965,তুই তো একটা জারজ,Negative
test_id_6966,শুয়রের বাচ্চার মুখটা সানিলিয়ন এর মুখের মতন  দন চাটা মুখের মতন মনে হয় .,Negative
test_id_6967,তোর বুঝায় মধু ডেলে জিব্বা দিয়ে চাটব মাগি,Negative
test_id_6968,ওর মাথা নষ্ট হয়ে গেছে।কেউ ওকে আমার কাছে পাঠাও! ওকে চুদে মাথা ঠিক করে দিব,Negative
test_id_6969,"ভালই হল, এখন তুমি টেনশন ফ্রি ! নিশ্চিন্তে পুটকি মারা খাও !",Negative
test_id_6970,বেশ্যা মেয়েরাই এরকম কথা বলতে পারে। আর যখন বাঁশ ফাতাইর হয় তখন ভুল স্বীকার করে৷,Negative
test_id_6971,সাফা কবির আর মিয়া খলিফার মধ্যে কোন অমিল নাই,Negative
test_id_6972,"তোমারে বলে ডিপজল চুদে বানাইছে খানকির বাচ্চা,,,,,",Negative
test_id_6973,"রেডিও অফিসের কাজ নাই,,কোন মাগি দরে আনে।ছিঃ ছিঃ",Negative
test_id_6974,"ছিঃ ছিঃ বেইশ্যা .তুর এতই যখন দেখানোর শখ ""        "" এ ভর্তি হয়ে সারা পৃথিবীর মানুষকে দেখা। মাগি",Negative
test_id_6975,সাফা খালাম্মালাইভে আইসা এই কথা গুলো বলেন।আমরা মুখের কথায় বিশ্বাসী।,Negative
test_id_6976,দুধু খেলে মাথা ঠিক থাকত।,Negative
test_id_6977,উনি এখন আরও এক ধাপ এগিয়ে ১৩ ভাতারীর ক্যাটাগরিতে,Negative
test_id_6978,খানকি নাম্বার ওয়ান।ওরে রাজহাসের ডিম থেরাপি দেওন লাগ .,Negative
test_id_6979,পাগলা তুমি কোখায় ছিলা আজকে তুমি ঠিকমত মাল খেয়েছো,Negative
test_id_6980,ইতির মারাগেলে পুরায় পেলতে হবে। মাগি,Negative
test_id_6981,জন্মগত সমস্যা আছে মাগী,Negative
test_id_6982,"না বুঝার কি অাছে তুমি ছোট বাচ্চা নাকি, দুধ খাচ্ছ। বেশি করে মদ খা",Negative
test_id_6983,দুধ চাইলে আমরা দেখতে পারি! আমাদের এইভাবে দেখনোর দরকার নাই।,Negative
test_id_6984,হেঙ্গারে জামা ঝুলিয়ে রাখছে কেউ।,Negative
test_id_6985,জনি ভাইকে খবরটা দিতে হবে,Negative
test_id_6986,মালটা পুরাই অস্থির .,Negative
test_id_6987,"তুর চোদানি তুরে পাইলে কত খন চোদলাম লে,,,খানকি মাগি",Negative
test_id_6988,লেখক যাদের সমালোচনা করতেছে লেখক ও তাদের দলেইকারন লেখাটা সমালোচনা মূলক  .,Negative
test_id_6989,তোমার মত এমন আসোদা চেলিব্রেটিকে  . ১৮ হাজার মাখলুকাত দিয়া পুটকি মারানো উচিৎ,Negative
test_id_6990,ওকে দরে আমার কাছে পাঠাও পাছায় ঠাস করে মারবো ,Negative
test_id_6991,মাগিটা রে দেখতে আসছি।,Negative
test_id_6992,ওরা টাই মাদার চোদ,Negative
test_id_6993,তোদের মতো মাগিদের আমেরিকান হোল দিয়ে রাত দিন  ঘন্টা চোদা লাগবো,Negative
test_id_6994,ঘুর ঘুর ঘুর পাছা দে।,Negative
test_id_6995,আপু আমি তোমাকে সাপর্ট করছি      চোদার জন্য .অনেকদিন ধরে ভাবছি সেলিব্রিটি চুদবো ,Negative
test_id_6996,নিজের        বারানোর জন্যই জতো সব নাটক? ফালতু   ,Negative
test_id_6997,তুই আর মিথিলানির জ্বালায় ২০টাকার খোলা বিষ অলরেডি খাইয়ালাছি।একজন বারোভাতারি অন্যজন ১৪ভাতারি।,Negative
test_id_6998,বোকা চোদা হিরো আলম,Negative
test_id_6999,"যৌবন যখন চুটকি, গন্ধ ছড়াচ্ছে পাছা কবিরের পুটকি !",Negative
test_id_7000,তুমি মরে দেখ তোমার পুটকির মধ্যে ললিপপ দিবে।,Negative
test_id_7001,পাছা কবিরকে গাছের সাথে বেঁধে পেটানো হোক,Negative
test_id_7002,মাগি তুই তো পরকাল বিশ্বাস করোস না তো আল্লাহ কাছে মাপ চাস কা,Negative
test_id_7003,তুমি যে কবির কন্ডমের ফসলতাইতো এমন অবস্থা,Negative
test_id_7004,"জায়েদ খান কে ও কি আসলে খান নাকি চুদার খান ও,কে আমি চিনতে পারছি না",Negative
test_id_7005,তোর চেয়ে বেশ্যা অনেক ভালো।,Negative
test_id_7006,তোরে আসিফ মহিউদ্দিন এর কাছে পাঠাতে হবে॥খানকি মাগী,Negative
test_id_7007,তোকে নেংটা করে চোদা উচিৎ,Negative
test_id_7008,এ মাগি তোর দাদা কি মরছে। তোর নানি কি আছে।এঠি কোথায়ে গিয়াছে।,Negative
test_id_7009,বাহ গরীবের নাতাশা মালকোভা,Negative
test_id_7010,বোতলের মালিকটা কেডা,Negative
test_id_7011,আমার একটা দুখোও এ জয় খানকির পওলাই জাগাই ভেজাল লাগাই,Negative
test_id_7012,ফ্যান্টি টা কি আছে নাকি ওটা দিয়ে পাদ আটকে রাখছো.?,Negative
test_id_7013,রবীন্দ্রনাথের হোগাডা মারার বাকি আছিলো,Negative
test_id_7014,তুমি মাগি তাই মাগির ব্যাবসা বিশ্বাস কর,Negative
test_id_7015,যা .এটাও গেলো??তোমাকে সবাই এরকম খেলে দেয় কেন!!,Negative
test_id_7016,তুইত দেখছি মাগির দালাল,Negative
test_id_7017,আমি বুঝিনা হিরো আলমের কন্টেন্ট কোন আবাল চোদা দেখে?,Negative
test_id_7018,দর্শক তোর বাপের হেডা এরোমা মা মাগির উট করোনা ভাইরাস বুঝে গজল খানকির পোলারা চোট,Negative
test_id_7019,দুধ দেখা যাচ্ছে,Negative
test_id_7020,মাল্টিপ্লাগের বিপরীতে নতুন ২ পিন,Negative
test_id_7021,অাপনাকে এমন ড্রেসে মানায় না.।।।,Negative
test_id_7022,কিছু দিন পর ক্যাপশন দিবা             ,Negative
test_id_7023,গরু চুদা একটা,Negative
test_id_7024,এই মাগির জম্মের ঠিক নাই,Negative
test_id_7025,জাতীয় মাগির মত লাগতেছে তুকে।।,Negative
test_id_7026,তোরে ছুদমু মাগি,Negative
test_id_7027,বোকাচোদা কই কি,Negative
test_id_7028,তোমাকে দেখলেই আমার এক্স গার্লপেন্ডের কতা মনে পড়ে যায় বৌদি .,Negative
test_id_7029,তোকে গরু দিয়ে চোদাবো ম***,Negative
test_id_7030,উত্তেজিত হবেন না। কাপড় শুকাতে দিছে। শুকালেই পড়ে ফেলবে,Negative
test_id_7031,আল্লাহ হেদায়েত এর মালিক .,Negative
test_id_7032,তোর পাছা দেখা,Negative
test_id_7033,খাংকি মাগী বেশ্যা,Negative
test_id_7034,"কেরে মাগি তুর হুপ মিটিছে,,,,,",Negative
test_id_7035,সরকারি চাকরিতে তাদের কোটা দেওয়া হোকমালুরা এদেশে বড় বড় পদে কেমনে থাকে,Negative
test_id_7036,যেসব মাদারচোদেরা একে নিয়ে নাচানাচি করছে তাদেরকে অাগে চোদা উচিদ।,Negative
test_id_7037,বাড়াটা দাড়িয়ে গেলো। মেসির খেলা দেখতে পারছি না,Negative
test_id_7038,"আলোর দিশারী আপনার সরম লাগলে মেয়েদের পেন্টি দিয়া মুখ চেপে ধরেন,,",Negative
test_id_7039,"বামে গরু, ডানে খাসি পরি তোমাকে অনেক ভালোবাসি",Negative
test_id_7040,দিনরাত চুদাচুদি আর ধর্ষণ ছাড়া কিছু ভাবেনা এরা,Negative
test_id_7041,লোহার মত কিছু দেখছো নাকি ? ঠোঁট কামড়াই রাখছো কেন,Negative
test_id_7042,মাগিরে সেফুদার কাছে পাঠানো হোক,Negative
test_id_7043,মজা উইথ  জনি সিং,Negative
test_id_7044,এক নাম্বার মাগি,Negative
test_id_7045,এইডা কি ক তো তোরে তো আবার না দেখাইলে বিশ্বাস হয়না মাগি,Negative
test_id_7046,মরে দেখ মাগি বুঝবি পরকাল কাকে বলে????,Negative
test_id_7047,"বাংলার আধুনিক পতিতা,",Negative
test_id_7048,তুই ভারতে চইলা যা মাগির বেটি,Negative
test_id_7049,চুদি তোরে হালির ঘরের হালি,Negative
test_id_7050,দরজা জানালা সব খুলতে হবে শুধু জানালা খুললে কি কাজ হবে,Negative
test_id_7051,সালার মাগি কয় কি,Negative
test_id_7052,এই। সালি কত। চোদা খাইছা জিবনে জেদুনিয়ার। গোরার,Negative
test_id_7053,আরো খুলে যুবক ভাইদের দেখান মাগি কোথাকার,Negative
test_id_7054,তুই মনে হয় জারজ ঘরের।,Negative
test_id_7055,সাফা কবিরের পাচ টা বয়ফ্রেন্ড! মাগি এত প্রেম করলো ক্যামনে??,Negative
test_id_7056,বন্ধু বুকে য়া,Negative
test_id_7057,মুরগী কবিরের বীজ নাকি সাফা মাগি,Negative
test_id_7058,সোনা আলোম মাগি তোকে বলছি চোদা কমাই নিচ,Negative
test_id_7059,বিশ্বনন্দিত ফাক মনি,Negative
test_id_7060,কোন বেশ্যা পরকালে বিশ্বাস করবে না  এটাতে অবাক হাওয়াই তো এক অবাক কান্ড,Negative
test_id_7061,তোর বোদা চুদি,Negative
test_id_7062,দুধ চুল দিয়ে ঢেকে রাখছেন কেন?দেখালে পুরো দেখান জাতির সাথে তামাশার করার কি দরকার!!,Negative
test_id_7063,তুর সোনার হতা হদ্দে নে মাগী?,Negative
test_id_7064,আহা  হেতেরার দেশ প্রম দেখি আমার চোখের পানি নুনু দিয়ে বাহির হইতেছে,Negative
test_id_7065,তোইতো একটা মাগী,Negative
test_id_7066,মাগিরে ডাইরেক্ট খুন করলে কেউ ভাল হত,Negative
test_id_7067,হিরো আলমে তোদের গুস্তি কে সুদে ঐ খানকির মাগির পুলা মিশা সওদাগর তোর মাইরে চুদি,Negative
test_id_7068,নুনুবেল তোমার পুন্দাপুন্দি আর ভালো লাগে না,Negative
test_id_7069,শর্ট ফিল্মটির          কি ৮ মিনিট ২২ সেকেন্ড?,Negative
test_id_7070,মাগী নডি খান কি,Negative
test_id_7071,মাগিরে ফাশিতে জুলানো হোক,Negative
test_id_7072,মালাকুল মাউত যেদিন আসবে গো পরিমনিবড্ড অসহায় হয়ে যাবা সেদিন,Negative
test_id_7073,"কুন খানকির পুলায় ভিডিও টা আপলোড করছে, তর মারে,,,,,,,,, , এই কন্ঠ ওনার না,",Negative
test_id_7074,তুই বিশ্বাস না করলেও আল্লাহর কোনো ক্ষতি হবে না।বরং তোর ভোদা দিয়ে বাশ ঢুকাবে ফেরেশতারা,Negative
test_id_7075,খানকি নাকি পরকাল বিলিভ করে না।বেস্যা,Negative
test_id_7076,পরি তোমার দুধ দেখলে আমি আমার ধোন কে সামলাতে পারি না।,Negative
test_id_7077,তর মত কাংকি মাগিদের কামরায়া মেরেফেলা দরকার জুরুরি,Negative
test_id_7078,মাগি এইভাবে কাপড় ছাড়া ছবি দিস  মরলে বুঝবি,Negative
test_id_7079,তাহলে সবশেষে আসেন একবার পাটক্ষেতে যাই,Negative
test_id_7080,মাল্লুদের কথাবার্তায় বুঝা যাচ্ছে ওরা কত বড় বিশ্বাসঘাতক বাংলাদেশে বাস করে ভাড়তে টাকা পাচার করে।,Negative
test_id_7081,বেশ্যার কোন ধম` নাই,Negative
test_id_7082,জিনিস দেখালেই মাল হওয়া যায় না,Negative
test_id_7083,সাবা তোমারে দেইখা আর সপ্ন দোষ হইবো না,Negative
test_id_7084,"চুত্মারানীর মেয়ে তুই,  খানকি মাগি,",Negative
test_id_7085,আসছিলাম সাফা আপুর থুক্কু পাছা আপুর পোষ্টে একটা কমেন্ট করতে এখানে এত ভিড় যে ভিড়ের সোদনে এখন কমেন্ট পড়তেছি।,Negative
test_id_7086,সে তোমার মতো একটা বেয়াবপ মহিলার সাতে সম্পর্ক করতে জাবে কেনো এখোনো সময় আচে বালো হয়ে জা,Negative
test_id_7087,কি সোনা  খুব ব্যাথা হচ্ছে বুঝি বুকে আসো সান্ত্বনা দিবো ঠেলে ঠেলে ঢেলে দিবো,Negative
test_id_7088,মিথিলার  জন্য   একটা   পাত্র চাই  ৷বয়স      হলে  চলবে  !!!,Negative
test_id_7089,পরকাল যদি বিশ্বাস না করো তুই তোর বাপের বিয়া করিস এমনি তো জাহান্নামে যাবি বাপের চুদাখাই,Negative
test_id_7090,"আপনি তো দুধের শিশু,,,আলে ভাভালে !!! হেতিরে এক্কান পিডার ডেনসেন কেউ,,,, হেতি কোত্তকন খাক পাগলের গুষ্টি ছাগল",Negative
test_id_7091,আমাদেরকে বোকাচুদা বানানোর জন্য এই স্টেটাস না দিলেও পারতেন। মানুষ যা বুঝার বুচ্ছে। জয় বাংলা জয় বঙ্গবন্ধু  ,Negative
test_id_7092,এই নিউজ পোর্টালের বাঞ্চুদরা এক জিনিস বার বার প্রমোট কইরা জাতে উঠবার চায়।খদ্দের বাড়ানোর প্রচেষ্টা আর কি .বেশ্যা পোর্টাল।,Negative
test_id_7093,খানকির বাচ্চা এই দিক দিয়া বাঙালী দাবী চোদাও আর ঐদিক দিয়া ইংলিশে কথা চোদাও ক্যারে? আব্লামীডা কম চোদাও,Negative
test_id_7094,এডমিনের পাছায় একটা লাথি মারতে ইচ্ছে করছে । এই কুত্তার বাচ্চা এটা সাঈদীর কন্ঠ নয় ।,Negative
test_id_7095,পহেলা বৈশাখ তোমার পাছা দিয়ে ডুকাই দিব খানকির ঝি।।  তুমি দেখবাও নাহ বিশ্বাসও করবা নাহ।।,Negative
test_id_7096,লিংক হবে  ,Negative
test_id_7097,তুই মাগি  জারস সন্তান।,Negative
test_id_7098,সেটাই      ভুল করলে আল্লাহ্‌ ই বিচার করবে   কারন তিনিই একমাত্র বিচার করার মালিক . আল্লাহ্‌ সবাই কে হেদায়েত দান করুক,Negative
test_id_7099,"এই আমার নুনু তে কেউ পট্রি বেধে দে, পানি না কে যেন পরে যাচ্ছে পরি কে দেখে",Negative
test_id_7100,আমার ধোন ধুয়ে পানি খেতে হবে সাতদিন সকালে বাশি পেটে তাহলে ওকে মাপ করে দিতে পারি ।শালি নাফার মানি ।,Negative
test_id_7101,ফেসবুক আইডির শোকে এতো দ্রুত বিশ্বাস ফিরে এসেছে পরকালে?আল্লাহ্‌-র কাছে বিচার দিলেন যে!আল্লাহ্‌ হেদায়েত করুক সবাই কে।,Negative
test_id_7102,"পাডা কবির,  খানকি কবির!",Negative
test_id_7103,তুই তো একটা মাগি,Negative
test_id_7104,আহ্ আজ যদি এই        এর বউ হইতামতাইলে লাইভে এসে ওর যেলিঙ্গ নাই বা আছে          কারিদের দেখাই দিতাম,Negative
test_id_7105,‌চো‌রের মার বড় গলা !! বাহ্ চমৎকার ! এ মাগী অাবার পা‌পের ব্যাক্ষা দেয় !! সব সরকা‌রের অাস্কারা,Negative
test_id_7106,"এই খানকি মাগি তরে চোইদ্দা পরে  কথা,,, মাগির ঘরের মাগি,,,,,, তর বোন রে সহকারে চোদি আমি, মাগি কোথাকার",Negative
test_id_7107,তোরে ডিলেট করে দিছি মন থেকে তোরে আর চুদবো নাহ মাগি পরকিয়া বিশ্বাস করছ না জা বেশ্যাগিরি কর,Negative
test_id_7108,সাফার স্ট্যাটাস শুধু মানুষকে ধোঁকাবাজির জন্য।সাফা প্রকাশ্যে তার বক্তবিন্দু কাছে ক্ষমা ছাওক। এবং আল্লাহর কাছে তাওবা করুক।আল্লাহ্ হেদায়েতের মালিক।,Negative
test_id_7109,"তুই তো পরকালেই বিশ্বাস করছ না, তো এইটা বিশ্বাস করছ কেমনে যে আল্লাহ সব বিচার করবেন। মাগির ঘরে মাগি।",Negative
test_id_7110,তোর কাছে জে মাগিটা আছে সেটাও তোর মত নাছতিক তোদের কাম কি জানো গাঁদা দিয়া তোদের দুই মাগিরে ওয়াস করানো,Negative
test_id_7111,এই মাগি তুই বলচ্চিস এই কথা আবার বলোস যদি তুই জাহান্নামি   তুই আখেরাত মানোসনা আবার বলিস আল্লাহ,Negative
test_id_7112,এটা আমার ফেসবুক পেজ ফ্রেন্ড সবাই লাইক দিয়ে পাশে থাকুন নিত্য ইসলামিক মিউজিক পেতে     :     .        .         -     -% % % % % %% % % % % % % % % % % % - ,Negative
test_id_7113,"ট্রাম্প বোকাচোদায় আবার কখন বোমা মাইরা উড়াইয়া দেয়, সেই ভয়ে আমার হাগা-মুতা বন্ধ হবার মতো অবস্থা হইয়া গেছেরে ভাভাগো ভাভা  ",Negative
test_id_7114,যদি আমি তোমারও কাছাকাছি ও না যেতে পারি তবে আমি তোমার সমাল চনা ঠিক  ৯,Negative
test_id_7115,"ভাই বোন। সবার দৃষ্টিআকর্ষণ করছি,আপনারা সবার পুরাতন কাপড় গুলা উনাকে লিল্লাহ দিয়েন।উনি কাপড়ের অভাবে এভাবে বসে আছেন।",Negative
test_id_7116,"আমরা জানি কাল ঈদ ছিলো, তবে আজকে তোমার হট ফিগার দেখে আমার ঈদ হচ্ছে   শ্লালী নটি .",Negative
test_id_7117,নিজের পাছার পটি হলে নাকে নোমাল দিয়ে রাখো।স্বার্থে টানাপোড়ন চলবে না।শরীর দেখিয়ে এবং ধর্ম বিকিয়ে তোমাদের পেটে খাবার পরে।,Negative
test_id_7118,মাগির বেটি কি মুসলিম না  ইহুদি,Negative
test_id_7119,পাছা কবির হ্যাক হয়নাই ডিজেবল হইছে। কালেমা পঈড়া মুসল্মান হও ভাব দেখাইতে গিয়া কুফরি  করে ফেলছস,Negative
test_id_7120,তুমি ভাজা মাছটিও উল্টিয়ে খেতে জান না। মদ খা হারামজাদি। মদ খা মানুষ হ। খানকি ব্যাসসা মাগি।,Negative
test_id_7121,হেদাযেত দেযার মালিক আল্লাহ| বলা যায় না অনেকই আছেন যারা ফিরে এসেছেন সত্যের পথে| উদাহারণ পশ্চিমা বিশ্বের শেতাঙ্গরা *,Negative
test_id_7122,"তুকে দেখলে আমার  এক্স ভারােবাতিরির কথা মনে পড়ে বৌদি,",Negative
test_id_7123,"সাফা কাছে পাইলে, কতক্ষণ তোরে চুদতাম, মাগি তুই পরপাল বিশ্বাস করছ না, তোকে সেপুদার হাতে তুলে দেওয়া উছিত,",Negative
test_id_7124,নিজের পাছা তো নিজে দেখতে পারে না তার মানে কি সে বিশ্বাস করে না যে তার পাছা আছে?????,Negative
test_id_7125,"হিরো আলম কিসের নায়ক, ও যত খানকি মেয়েদের সাথে অশ্লীল ভিডিও বানায়। ওরা সাপোর্ট যারা করে তারাও ওর মত বস্তি।",Negative
test_id_7126,আল্লাহর তো আর  কাম নাই যে আপনার ফেসবুক হ্যাকের বিচার করবো!!!,Negative
test_id_7127,সাংবাদিক ভাইয়ার টা বেশিই মোটা ছিলো মেইবি । ইশশ ঠোট টা কত বড় করে দিয়ে গেছে ।,Negative
test_id_7128,চোদা কয় দিন খাস না মাগি আমার ধর্ম নিয়া একটা বাজে কথা বললে তোর জিব টেনে ছিরে ফেলব,Negative
test_id_7129,তুমি খানকি মাগি রে সামনে পাইলে গুলি করে মারতাম  কুত্তার বাচ্চা,Negative
test_id_7130,"সাফা, খানকি তোমারে হচ্ছে নুসরাতের মত গায়ে আগুন দিয়ে জালিয়ে দিতে হবে।তবে আল্লাহর কাছে সঠিক বিচার হবে।",Negative
test_id_7131,"কথা বলার সময় কয় বোতল খেয়েছিস।তোর চেয়ে সানি লিওন ভালো আছে,তোকে বেশ্যা বললে বেশ্যাদের অপমান করা হবে।",Negative
test_id_7132,হোগা মারা সারা  মনের মতো ফটো কমেন্ট পাইনা তাই দিলাম না . না হইলে এই মাগির মাফ চাওয়া সেষ হইয়া যাইতো,Negative
test_id_7133,"চোদা লইতে লইতে এই অবস্তা এখন
আমি কমেন্ট পড়ে শিহরিত",Negative
test_id_7134,"ওর বাপকেও ও বিশ্বাস করেনা, কারন ও জানেনা ওর বাপ কয়টা!! ও শংকর জাতির মানব! নিষিদ্ধ পল্লীর মূর্খদের মিলনের ফল!!",Negative
test_id_7135,"অরজিনিয়াল চুতমারানি,,,,        ,,,,চুতমারানির                  ,,,      কে আমরা উপহার হিসাবে চুতমারানি      করসি,,,,চুতমারানির নিয়ে ভালো থাক              জাতিও চুতমারানির",Negative
test_id_7136,"তাই একটা খানকি,,,জারজ সন্তান,,,নাটকের মধ্যে তাইর নাটক আমার কাছে সবচেয়ে বেশি বিরক্ত কর লাগে,,কারন এই খানকি ভাব লও বেশি,,,,",Negative
test_id_7137,মাগিরে  তুরা মুসলিম  না তুরা হিনদু,Negative
test_id_7138,আর কেউ বাকি থেকে লাব কি সবাই নায়ক হয়ে যাক আবাল চোদা নায়কে দেশ ভরে গেছে,Negative
test_id_7139,"ইনবক্সে ছবি দিতে মানা করো, আর কভারে দুধ দেখাইয়া ছবি দাও। চুদলাম না তোমার ভালোবাসা . -_-",Negative
test_id_7140,আপনারা যারা চাপা খবির কে গালি দিচ্ছেন তাদের উদ্দেশে   ।।।।।।।।।।।।।।।।।প্লীজ আপনারা খানকি মাগী বেশ্যা কে গালি দেয়া বন্ধ কইরেন না,Negative
test_id_7141,জায়েদ খান হিরো  আলমের একটা বালের সমান দাম নাই। ওকি সেটা জানেনা।বানচুদায়,Negative
test_id_7142,তুই মাগি পরকাল বিশ্বাস করলেই বা কি আর না করলেই কি।তোরে সদর ঘাট বানাইয়া পালাইছে এখন আর কি আছে তোর।,Negative
test_id_7143,আপনি তো আরো আগেই জিতে গেছেন দিদি! যখন বা** খুলেছিলেন অন্যের বেডিরুমে গিয়ে তখনই জিতে গেছিলেন।।,Negative
test_id_7144,তোদের মতো কুত্তার বাচ্চা যে৷ একটা মুসলীম৷  ভাবতেও অবাক লাগে রে  খানকি মাগী,Negative
test_id_7145,"লিজেন্ড ছাড়া এই গ্রুপে প্রবেশ নিষেধআর যদি আপনি লিজেন্ড হোন,তাহলে বাড়া আপ্নাকে আমাদের গ্রুপে স্বাগতম      :     .        .            ",Negative
test_id_7146,"যেই জানাজানি হল বিয়ের কথা,  এরপর থেকে বউকে নিয়ে পিক আপলোডও শুরু হল",Negative
test_id_7147,জাহীদ খান ঐ বলদটা কে।এই মাল চাঁদ সদাগর জাত্রার দলে অভিনয় করার জোগ্যতা নাই।বলদের বলদ গুলা আসে কোথা থেকে।,Negative
test_id_7148,অলরেডি অরিজিনাল    ভিডিও লিংক হাতে চলে এসেছে? পাক্কা ১৩ মিনিট ৪৩ সেকেন্ড!লিংকের জন্য এড দিয়ে মেসেজ করুন,Negative
test_id_7149,ইচ্ছা করতাছে পদ্মা সেতুর একটা পিলার তোর পুটকি দিয়া ডুকাই দেই  !কিন্তু সরকার আমারে বিরোধী দল ভাববোতাই বাইচা গেলি,Negative
test_id_7150,"আবার ওনার সাথে শুয়ে পডে কিনা,  কে জানে।। ",Negative
test_id_7151,"আল্লাহর ক্ষমা হয়তো পেতে পারেন, তবে বঙ্গবাসি ফেসবুকজীবি মুমিনের ক্ষমা পেতে হলে এতো সহজে চিড়া ভিজবে না।",Negative
test_id_7152,তুই তো মাগি তোর মায়ের বিয়ের আগের জন্মা।তোর আবার পরকাল বিশ্বাস করে লাভ কি?এটা বলে কি পরিচিত হতে চাস?,Negative
test_id_7153,"তোদের মতো মেয়ের জন্য  মুসলিম নারীকুল আজ প্রশ্নবিদ্ধ, কুলাংকার বদমাইশ পর্দাহীনকে বেশ্যাই ভাবা যায় আর কিছু নয়,",Negative
test_id_7154,তুই  মাগি বুঝবি কেমরে,Negative
test_id_7155,তোমার খোলা জানালা দিয়ে আমি আমার গাছের  বেগুন নিক্ষেপ করতে চাই মিথিলাসোনা,Negative
test_id_7156,"আপনি আপনার বাবা মার বিয়ে দেখেন নি সুতরাং আপনি জারজ সন্তান, যেহেতু আপনি বলেছেন না দেখা জিনিসকে বিশ্বাস করেন না",Negative
test_id_7157,"পাছা কবির,তুমি যে এক পৃথিবী গালাগালি পাইবা এইটাও কি বিশ্বাস কর না?চুতমারানি তাইলে বসে বসে কমেন্ট পড়",Negative
test_id_7158,কেউ গুজবে কান দিয়েন না সাফা কবির অসুস্থ জনি কাকু  চিকিৎসা করে দেবে,Negative
test_id_7159,"একটা কথা কইয়া তো ক্যারিয়ার এর হোগা মাইরা দিসো।অহন,,, পাব্লিক এর দুচনে এই কথা বলতাসো খানকি।",Negative
test_id_7160,তুইতো একটা মাগি  খানকি,Negative
test_id_7161,"জুকার মামার উচিত ফেসবুকে বমি রিএক্ট চালু করা, তাইলে এই সব পোস্টে বমি রিএক্ট দিতে পারতাম ।",Negative
test_id_7162,"ফেসবুক প্রোপাইল হ্যাক করার দায়ে,  আল্লাহর কাছে বিচার দিলেন??",Negative
test_id_7163,ঠিক আছে   সান্ত হও শোনার পরে না হয়    _  -;???????,Negative
test_id_7164,হিরো আলমের যে যোগ্যতা আছে জায়েদ খানের তার অর্ধেক নাই শালা ভাব চোদায় আবার করি তো চিনলাম এই ফাস্ট,Negative
test_id_7165,"তোরা পুরা বংশধরই তো ফেরাউনেরতুই পরকালই বিশ্বাস করিসনা,,তাহলে মাপ চাওয়ার দরকার কি???স্টাইল চুদাওমইরা দেখ একবার,,,আল্লার কাছে তোর বিচার দিলাম",Negative
test_id_7166,"সত্য কথা সব মালু ধইরা ধইরা গরুস্থান পাঠানো হইবো, স্রেফ টুডে অর টুমোরো।জাস্ট ওয়েট এন্ড সি .",Negative
test_id_7167,জাহিদ কেমন অাছুদা বুকা পা চাটা লুক ৱাজ্জাক ফাৱুক অালমগিৱ তাৱা নাকি হিৱু বর্তমান শাকিব কি হিৱো তৱে গুয়াইছে,Negative
test_id_7168,"এইসব মালু মাগীর সাথে ভারতীয় মালুদের সম্পর্ক আছে মনে হয়,,,বাংলাদেশ নিয়ে চক্রান্ত চলছে সরকারকে সাবধান হতে হবে,,বাংলাদেশের হিন্দুরা চুপ কেন।",Negative
test_id_7169,তুই বাংলার মানুষের সবার কাছে মাফ চা কারন তুই ফেজবুকের লাইফে বলছিছ তুই পরলোক বিশশাস করছ না,Negative
test_id_7170,আরে খানকি মাগি তুইতো আল্লাহ কে বিশ্বাসয়ি করনা। তুই আবার আল্লার কাছে বিচার দেও কি ভাবে,Negative
test_id_7171,আগের দিনের নাইকাদের অভিনয় দেখলে চোখে জল আসতো আর এখনকার নাইকা দের পিক দেখলে নিচে জল আসে,Negative
test_id_7172,তুই মাগী যে মুরগী চুরের বাচ্চা তা জানতাম না।বাবা ছাড়া জন্মের হলে তো এমনই হবি গ্রুপ চোদা খাস,Negative
test_id_7173,"কোন খানকি মাগি  সাক্ষাৎ নিয়েছে,উনাকে সহ মিডিয়ায় প্রচার করুন।২টাই খানকি,উনাদের জম্ম টাও প র্দার ভিতরে বাইরে   .",Negative
test_id_7174,"এই রাতে একটু হাহা কমই পাওয়া যায়, বারো তরকারি ",Negative
test_id_7175,"পরকাল কে বিশ্বাস করিস না,, তো কাকে বিশ্বাস করিস,, কনডম কে, বেহাইয়া কোথাকার টাকার জন্য আর কত কি করবি",Negative
test_id_7176,"সাফা কবীর ওরফে মাগী কবীর কোনটা ভুলে  আর কোনটা ভুল বলে চাপা দেওয়ার চেষ্টা, এগুলো সচেতন তাওহীদি জনতা বুঝে",Negative
test_id_7177,"সয়তান খানকি মাগী তুই আমার আল্লাহর নাম ওই অপবিত্রো মুখে আর নিবি কারণ তুই এখন মানুষ রূপের শয়তান,",Negative
test_id_7178,লটির মাগি তুই  তো কুকুরের চোদা,Negative
test_id_7179,শাউয়া কবির তরে এত্ত ভালো লাগতো কিন্তু এখন থেকে না? নটি ভালো করে আল্লাহর কাছে মাফ চা,Negative
test_id_7180,বিশ্বাস করি না তুমি জারজ তাই এডিটিং করে ভালো মানুষের বদনাম করেছ তবে তোমার বংশ হয়তো পতিতা।,Negative
test_id_7181,সবাই ওকে কিসেনে চেনে তো তোর মতন খানকিরা ওকে চেনে তোরা যে আবাল মতন ক্যামেরার সামনে আসো আবালের বাচ্চারা,Negative
test_id_7182,তর লজ্জা  করে না আবার এম পি চুদাও।শালা হিরোইনচি।,Negative
test_id_7183,তুই এক সময় ছিলি আমার ক্রাশ এখন হইলি টয়লেট এর ব্রাশ৷ তুই আসলে কথার কারনে পচনশীল হইলি।,Negative
test_id_7184,ফয়িন্নি তোরে আমি আগে থেকেইদেখতে পারিনা খানকির কথাবলারস্টাইল দেখলে মনেহয় কুত্তা দিয়া চোদাইমালখোর তোরে দুচে দিবো শুয়ার,Negative
test_id_7185,ফাজলামির একটা সীমা থাকা উচিত লাইভে এসে যা মনে চায় তাই বলে যাবেন আবার ক্ষমা চাবেন ক্ষমা করার মালিক আল্লাহ,Negative
test_id_7186,তুমি জানো না সোনাতোমার ফটো তোলার পরে ফটোগ্রাপার কতবার গিটার মারছেমাঝে মাঝে তার সাথে একটু দুধ কলা বিনিময় করিও,Negative
test_id_7187,আমি বুকে হাত দিয়ে বলতে পারি  নিশা আর জায়েদ  কোন জেলার যানিনা তবে হির আলম বগুড়ার  ছেলে তা যানি,Negative
test_id_7188,দুধ তো বেরিয়ে গেছে হাজরো সিঙ্গেল ছেলেদের স্বপ্ন দোষের কারন,Negative
test_id_7189,"এইখানে না আসলে জানতাম না, বাংলাদেশে হিরু আলমের এত মেয়ে ফলোয়ার।",Negative
test_id_7190,জাহেদ  খান কুত্তার বাচ্চা তোকে কজন চিনে ফকিন্নি চুদা,Negative
test_id_7191,এই মাগির কি পুটকি আচে আমার মনে হয় নাই ওই হিজলা কারণ আমরা তার দেখিনাই কি ভাবে বিশ্বাস করবো,Negative
test_id_7192,"যারা আমার       কে গালি দিচ্ছেন, তাদের কে উদ্দেশ করে বলছি,এই খানকি কে গালি দেওয়া থামাবেন না।",Negative
test_id_7193,নোকিয়া মডেলের ফোন ভাইব্রেশন অন করে তোমার পাছায় ঢুকিয়ে একের পর এক মিস কল দেবো।শালি খানকে মাগে,Negative
test_id_7194,ভাগ্যিস তোর পেজটা ভেরিফাইড করা [         ]ভেরিফাইড না হইলে তোর পাছা দিয়ে হরহরে পেজ ভইরা দিতাম,Negative
test_id_7195,মাগি মরার পরের কাল যেটা সেইটাই পরকাল। তুই কি তোর মায়ের পেটের থেকে বড় হয়েই বের হইছিস?,Negative
test_id_7196,"হিরো বোজে ফারুক হিরো বোজে আলংগিরকে,, সব ফাও কথা হিরো আলম একজনি,,,,,,,,,,,,,,,,,,,, জাহেদ খান সালার মনে দেমাগ হিংসা",Negative
test_id_7197,চুদানি  নাটক  কর,Negative
test_id_7198,সেফু তোর পাছা দিয়া করোনা ভাইরাস  না ঢুকাইলে ঠিক হইবি না। কুত্তার ছাওয়াল।,Negative
test_id_7199,আপ্পি একটা লিংক বের করে ফেলুন আর কিছু লাগবেনা  ক্ষমাতো চাইতেই হবেনা আপনার বরং সবাই আপনাকে আফা আফা বলে কাছে আসবে।।,Negative
test_id_7200,ফেসবুক আইডি হ্যাক না করলে কখনো ক্ষমা চইতো না। যারা হ্যাক করেছেন আইডি ফেরত দিয়েন না,Negative
test_id_7201,সেই মুহূর্ত যখন আপনি সারারাত সেক্স করার পর সকালে জানতে পারেন আপনার সেক্স পার্টনার এইডসে আক্রান্ত।,Negative
test_id_7202,আশাকরি এইবার তর  ন্যাকামি চোদানো বন্ধ হবে,Negative
test_id_7203,"মাগি নাটকের অভিনেত্রীর পর্যায়ে এসেই এই ভাব!!তাহলে যদি সালমান,শাহ্ রু খ এদের পর্যায়ে যেত তাহলে কি বলতো",Negative
test_id_7204,এই মাগী তুই যে মেয়ে তার কি প্রমাণ তর তো সাউয়া দেখি না । নাকি তুই হিজরা,Negative
test_id_7205,"ভালই হল,  এখন তুমি টেনশন ফ্রি !  নিশ্চিন্তে  পুটকি মারা খাও !",Negative
test_id_7206,"দয়া করে কেউ খারাপ ভাষায় গালিগালাজ চুদাবেন্না ভদ্র ভাষায় গালি দিন,  যেমনঃ শাউয়া মাগি"". কমেন্ট পড়তে এসেছি।",Negative
test_id_7207,বুকা চুদা বলছে করুনা ভারাজ একটা গুজব বুুকাচুদাকে দেখতে জেমন কথা তেমন এনেকি বাংলা দেশের হিরো,Negative
test_id_7208,ওকে দরে আমার কাছে পাঠাও পাছায় ঠাস করে মারবো,Negative
test_id_7209,নিজের        বারানোর জন্যই জতো সব নাটক?  ফালতু   ,Negative
test_id_7210,তুমি মরে দেখ তোমার পুটকির মধ্যে ললিপপ  দিবে।,Negative
test_id_7211,তোদের মত কিছু নিকৃষ্ট পাপীদের কঠিন বিচার হবে দুনিয়ার বুকে মনে রাখিস।আল্লাহ পাক কে যারা অবিশ্বাস করে তারা কাফের।,Negative
test_id_7212,কিছু দিন পর ক্যাপশন দিবা              ,Negative
test_id_7213,"খানকি মাগীরে কুত্তা দিয়া সোদাও  সে আমার ক্রাশ ছিলো এখন তুরে কুত্তা দিয়া সোদাবো আর সাবিলা নূরলে ক্রাশ বানাবো,,,, :|",Negative
test_id_7214,শুধু ইজ্জতের দিকে তাকিয়ে তোকে কিছু কইলাম না হলে খানকি চুতমারি নডি বেশ্যা পতিতা বলে গালি দিতাম,Negative
test_id_7215,যারা আমার প্রিয়  নাটক অভিনেত্রী শাফা কবিরকে গালি দিবে তাদের উদ্দেশ্য  বলছি  মাগীকে গালি দেওয়া বন্ধ করবেন না।,Negative
test_id_7216,তোদের মত নাসতিক বেসসা মাগিদের বাংলার মাটিতে নেংটা করে আগুন দিয়ে পুরে ছাই করা উচিত  বেজন্মা  জন্মের ঠিক নাই খানকী,Negative
test_id_7217,"বামে গরু, ডানে খাসি পরি তোমাকে অনেক ভালোবাসি ",Negative
test_id_7218,লোহার মত কিছু দেখছো নাকি ?  ঠোঁট কামড়াই রাখছো কেন,Negative
test_id_7219,"বাংলার আধুনিক পতিতা, ",Negative
test_id_7220,এই। সালি  কত। চোদা  খাইছা  জিবনে  জেদুনিয়ার।  গোরার,Negative
test_id_7221,"পিছনে বাশ পরার পর পরম দয়ালু আল্লাহর কথা মনে পরছে,তখন তো পরকালে বিশ্বাসই নাই বলছিলা।মসকারি পাইছে।এখন সিমপ্যাথি চুদাইতে আসছে বাল",Negative
test_id_7222,"মাগি,তুই নাকি পরকালই বিলিভ করস না?তাহলে আবার বিচার দেস কেন?চুদনে পরে??যতই কাহিনি কর তোর নাটক,গান আজ থেকে আমরা বয়কট করলাম।",Negative
test_id_7223,যারা সাফা কবির কে গালি দিচ্ছেন  তাদের উদ্দেশ্যে বলতেছি   চোতমারানী ভুষ্কি মাগী কে গালী দেওয়া বন্ধ  কইরেন না প্লিজ,Negative
test_id_7224,"কারন ওর বুকে এখনো যথেষ্ঠ জোর আছে, চাপ খাওয়ার মত অনেক শক্তি আছে এজন্য পরকালকে বিশ্বাস করেনা।",Negative
test_id_7225,সাফা কবির তো হিরো আলম এর নায়িকা হবার ও সুজোগ হারিয়ে ফেলল।  এখন তার এক মাএ নায়ক জনি সিন্স।,Negative
test_id_7226,যারা আমার প্রিয়  নাটক অভিনেত্রী শাফা কবিরকে গালি দিবে তাদের উদ্দেশ্য  বলছি  খানকি মাগীকে গালি দেওয়া বন্ধ করবেন না।,Negative
test_id_7227,"এই আইডির মালিক আই সি ইউ তে গত তিন দিন ধরে বেহুস আছে,  আমি হাসপাতাল থেকে নার্স বলতেছি!",Negative
test_id_7228,আমারও ভবিষ্যৎ উজ্জল বলে মনে হচ্চছে,Positive
test_id_7229,"ভারত না, মনে হয় এটা পাকিস্তান হবে",Positive
test_id_7230,১ গিগাবিট= . গিগাবাইট।সে হিসাবে মাত্র . কিলোবাইট স্পীড? তথ্য ঠিক আছে তো?,Positive
test_id_7231,এই টেব এর দাম ৪৯ ডলার।,Positive
test_id_7232,ভালো এন্টিভাইরাস। সমস্যা একটাই পিসি অনেকটা শ্লো করে দেয়।,Positive
test_id_7233,"সব চাপাবাজি, টেলিটক ই সবচেয়ে ভাল বর্তমান অফার গুলুর মধ্যে।",Positive
test_id_7234,ভাই টেলিটক এর প্যাকেজ দেখে ও কি তাই মনে হয় আপনার?,Positive
test_id_7235,সব চেয়ে বড় ব্যাপার দেশের টাকা দেশে থাকল ।,Positive
test_id_7236,সব বেসরকা‌রি ও প্রাই‌ভেট মে‌ডি‌কে‌লের ডাক্তারের নাম্বার দেয়া এ‌তে।,Positive
test_id_7237,"একটা নিতাম যদি, তার ছাড়া চলতো। এই ধরুন বিদ্যুৎ সংযোগ ও ডিস অটো কানেক্ট।",Positive
test_id_7238,কোন ব্র‍্যান্ডের ল‍্যাপটপ লং-লাস্টিন করবে কেউ জানেন? দাম ৪০ হাজার এর মধ্যে।,Positive
test_id_7239,আজ সকাল ৬ টা থেকে এখনও কোন সমস্যা পাইনি।,Positive
test_id_7240,সত্যি কথা বলতে গুগল ক্রোম অসাধারণ একটি ব্রাউজার।এর কাছাকাছি আছে অ্যাপল এর সাফারি।,Positive
test_id_7241,গুগলের প্রতি সম্মান আরো বেড়ে গেল।,Positive
test_id_7242,আসুন অস্তিত্ব রক্ষায়,Positive
test_id_7243,ভালো একটি খবর সাইবার ঝুঁকি থেকে শিশুদের সুরক্ষা,Positive
test_id_7244,ডিজিটাল বাংলাদেশ গড়তে তরুণদের ভীষণভাবে অনুপ্রাণিত করবে এই ধরণের আয়োজন।,Positive
test_id_7245,ছয় মাসে অনেক কিসু বদলাবে,Positive
test_id_7246,তারা না দিলে সমস্যা কি? নেট যখন আছে তখন আর চিন্তা কি?,Positive
test_id_7247,"যাক আমি বেঁচে গেছি, আমি পাইরেটেড সফটওয়্যার ব্যবহার করি না",Positive
test_id_7248,আরও বিস্তারিত রিপোর্ট করুন প্লিজ।,Positive
test_id_7249,"এই প্রতিবেদন, এতো গবেষণা পড়ার সময় নাই। সমাধান কি?",Positive
test_id_7250,সকল ক্রিয়ারই সমান ও বিপরীত প্রতিক্রিয়া রয়েছে,Positive
test_id_7251,আমাদের দেশের ছেলে মেয়েরা আসলেই তাক লাগিয়ে দিতে পারে,Positive
test_id_7252,স্মার্ট আংটি ধারণাটি খুবই আকর্ষণীয়। আশা করছি খুবই স্টাইলিশ হবে।,Positive
test_id_7253,একটা ক্যামেরায় ফোন ডায়ালের সিস্টেম করলেই তো হয়।,Positive
test_id_7254,আপনার অসাধারণ মন্তব্যে আমি শিহরিত,Positive
test_id_7255,রাশেদ ভাই আমি তো আপানার লেখার ফ্যান হয়ে গেলাম,Positive
test_id_7256,বর্তমান সরকারের অঙ্গীকার ডিজিটাল বাংলাদেশ।তাইআমি চাই বাংলাদেশ সরকারও এটা চালু করুক।,Positive
test_id_7257,কোনো প্রতিবাদ না জানানো মানে সম্মতি প্রকাশ করা,Positive
test_id_7258,আমাদের দেশের জন্য সুসংবাদ কিন্তু এই দেশেরই কিছু মানুষের জণ্য তা দুঃসংবাদ।,Positive
test_id_7259,"কোনটা আগে হইলো? অন্বেষা, না বঙ্গবন্ধু?",Positive
test_id_7260,স্যাটেলাইটের চেয়ে দেশে আরও বেশী প্রয়োজন গণশৌচাগার।,Positive
test_id_7261,অভিনন্দন ও শুভকামনা ভবিষ্যত বাংলাদেশ গড়ার এই অগ্র সৈনিকদের,Positive
test_id_7262,ক্ষু‌দে বিজ্ঞানী‌দের অ‌ভিনন্দন। এ‌গি‌য়ে যাও তোমরা।,Positive
test_id_7263,গুগল জ্ঞানকে সহজতর করেছে আর উইকিপিডিয়া দিয়েছে পূর্ণতা।,Positive
test_id_7264,ক্রেডিটকার্ড দিয়ে কেনাকাটা করলে কি টাকা দিতে হয় না,Positive
test_id_7265,জাভা সেটের উপযোগী হলে ভাল হয়,Positive
test_id_7266,কেবল দাম কমা শুরু হয়েছে আরও হবে,Positive
test_id_7267,বলল ১৫০০০ ফেরত দিবে আর দিল আপনাকে ৫ হাজার। ধোকাবাজী?,Positive
test_id_7268,"জঙ্গীরা তো মোবাইল ফোন, ইন্টারনেটও ব্যবহার করে এখন সেগুলোও নিষিদ্ধ করতে বলবেন?",Positive
test_id_7269,ঠিক বলেছেন মহম্মল সালাউদ্দিন।,Positive
test_id_7270,একমত। গতকাল খবরে দেখলাম ভারত এটা নিষিদ্ধ করেছে। বাংলাদেশেরও তাই করা উচিত।,Positive
test_id_7271,ভাই মাথা ব্যথা করলে কি মাথা কেটে ফেলবেন না কি ?,Positive
test_id_7272,খুব ই ভালো গেইম আমি কেলেছি সেই সময়ে,Positive
test_id_7273,হা,Positive
test_id_7274,ঠিক বলছেন। এটা সম্ভব। ফেসবুক এর সবচেয়ে বড় প্রমাণ।,Positive
test_id_7275,মেসেঞ্জার লাইটটা এদিক থেকে অনেক ভালো।,Positive
test_id_7276,মালিবাগ মোড়ে পার হতে কতখন লাগবে?,Positive
test_id_7277,এটা নিয়ে নিউজ করার কি আছে,Positive
test_id_7278,"কারো ফোনে আড়ি পাতা যেমন শাস্তিযোগ্য অপরাধ, তেমনি অন্যের গোপনীয় তথ্য হ্যাক করাও অপরাধ।",Positive
test_id_7279,হ্যান্ডসেটে * ০৬  পরপর চাপলে আইএমইআই নম্বর জানা যায়।,Positive
test_id_7280,পিপল এন টেক-এর এই উদ্যোগকে স্বাগত জানাই। রায়ান্স কম্পিউটার্সও চাইলে বিষয়টি আমলে নিতে পারে,Positive
test_id_7281,"সত্যিই, যখন এই ধরনের খবর দেখি, মনে শান্তি পাইগর্ববোধ হইব্যাপক আকারে",Positive
test_id_7282,"‘দুঃখিত, আমরা আপনাদের ধারণার চেয়েও বেশি মূল্যবান।’",Positive
test_id_7283,বিশ্ববাসীর জন্য বিশাআআআল সুখবর‍‍!,Positive
test_id_7284,তারপরও আইফোনের বিকল্প শুধুই আইফোন,Positive
test_id_7285,এরকম আয়জন,Positive
test_id_7286,রোবোটিকস এর কারনে অনেক নতুন ধরনের কাজের সুযোগও তৈরী হবে।,Positive
test_id_7287,এরকম উদ্যোগ নেওয়ার জন্যে মাইক্রোসফটকে ধন্যবাদ।,Positive
test_id_7288,কিভাবে বাংলায় ই-মেইল এ্যাড্রেস খুলবো?,Positive
test_id_7289,ভারতে ৪৪৭টি ভাষায় কথা বলা হয়??,Positive
test_id_7290,বাংলায় ইমেইল অ্যাড্রেস খোলার পদ্ধতিটা জানালে ভালো হত।,Positive
test_id_7291,"কুলসিল লাগবে না ভাই, আপাতত কিছু পাথর আর বিটুমিন ঢালুন।",Positive
test_id_7292,ওনারা তো অার পান খান না। অামরা খাই। রাস্তা লাল হয়ে যাবে।,Positive
test_id_7293,মানুষের কল্যাণে কেউ যদি কোনো কাজ করে তাহলে সমস্যা কি,Positive
test_id_7294,মুস্তাফিজও ক্যারিয়ার শেষের আগে ঐ তালিকায় আসবে আশা করছি,Positive
test_id_7295,ভাই আমিও তো স্ক্রীল থেকে ঠিক ভাবেই টাকা তুলতে পারি।,Positive
test_id_7296,আশা করি এই ফোনগুলোর দাম অন্তত মধ্যবিত্ত মানুষদের নাগালে হবে।,Positive
test_id_7297,যারা অনলাইন ব্যবসা মানেই 'রাতারাতি বড়লোক হবার স্বপ্ন' দেখে তাদের জন্য গুরুত্বপূর্ণ মেসেজ।,Positive
test_id_7298,ইউটিউবের জনকের নাম কিন্তু এখানে উল্লেখ করা হয়নি।,Positive
test_id_7299,ইউটিউব সকল কাজের কাজি !জুতা সেলাই থেকে চন্ডি পাঠ !তালা খোলা থেকে ডিজিটাল হাকিং,Positive
test_id_7300,কী করতে যাচ্ছে মাইক্রোসফট সেটা সময় হলেই মানুষ জানতে পারবে।,Positive
test_id_7301,"মনে হচ্ছে মোবাইল ফোনটি ভালো হবে, কেনার ইচ্ছা আছে মুল্য সাদ্ধ্যের মদ্ধে হইলে।",Positive
test_id_7302,চীনে ঢুকতে পারলে বিশাল জনগোষ্ঠীর সুবিধাটা কাজে লাগাতে পারবে ফেসবুক আরো এগিয়ে যাবে বহুদূর,Positive
test_id_7303,সেটা বোঝার জন্য আপনাকে আইফোন ব্যবহার করতে হবে।,Positive
test_id_7304,"ভাইয়া, আইফোন একটা চালাইলে-ই অন্য ব্যান্ডের সাথে এটার পার্থক্য বুঝতে পারবেন।",Positive
test_id_7305,তিন এবং চার নম্বর পয়েন্টের কিছুটা যুক্তি থাকলেও বাকি তিনটি পয়েন্ট একেবারে ভিত্তিহীন।,Positive
test_id_7306,অবিশ্বাস্যকিন্তু সত্যিগায়ের লোম দাঁড়িয়ে যাচ্ছেবেঁচে থাকলে হাইপারলুপ এ চড়বো।,Positive
test_id_7307,সত্যিই বিস্ময়কর একটা ব্যাপার !,Positive
test_id_7308,যারা গুগল ট্রান্সলেটর এপ ব্যবহার করে তাদের ক্ষেত্রে হ্যাকিং হওয়ার পসিবিলিটি জানালে ভালো হত।,Positive
test_id_7309,ধারুন প্রয়োজনীয় তথ্য। ধন্যবাদ।,Positive
test_id_7310,কোথা থেকে আউটসোর্সিং কোর্স করলে ভাল হবে ?,Positive
test_id_7311,এটা কি শুধু উইন্ডস ৭ জন্য? উইন্ডস ১০ জন্য কি ভাবে হবে ?,Positive
test_id_7312,আইফোন ৫সি এর দাম কিছু কমলে নিয়ে ট্রাই করে আপনাদের জানাবো। :),Positive
test_id_7313,যারা আমেরিকায় এটি ব্যবহার করবে তাদের কি আনলক করার কোন প্রয়োজন আছে?,Positive
test_id_7314,অদূরেই রোবট কে বিভিন্ন ক্ষেত্রে চুক্তির মাধ্যমে নিয়োগ দেয়া হবে। এমন সংস্থা বের হবে,Positive
test_id_7315,বন্ধুরা আজকে কিন্তু পেপাল দিবস :),Positive
test_id_7316,প্রযুক্তির আশীর্বাদএ আজ আমরা ধন্য,Positive
test_id_7317,আমার একজোড়া উরুকু জুতা চাই । যাহাতে আরও স্মারট হতে পারি ॥,Positive
test_id_7318,এতো ঝামেলা কে চায় বলুন ! সহজ সরল প্রক্রিয়া সবারই কাম্য,Positive
test_id_7319,হাতের আঙ্গুলের ছাপ ব্যবহার নিরাপদ বলে আমি মনে করি ।,Positive
test_id_7320,বুক ভরে গেলরে ভাই আমাদের খেলোয়ার রাও এক দিন এই ভাবে আমাদের বলবে।,Positive
test_id_7321,পিএসজি ইউরোপ সেরা হতে চাইলে মরিনহোর মত স্পেশাল ওয়ান কোচ লাগবে।।সঙ্গে নেইমার থাকতে হবে।।,Positive
test_id_7322,খেলা শেষ হবার আগেই বেঁচে গেল রিয়াল,Positive
test_id_7323,কুলুপ কোথায় কিনতে পাওয়া যাবে?,Positive
test_id_7324,আপনি জানলে বলুন,Positive
test_id_7325,তুই ফ্যান না তুই র নাগরিক।,Positive
test_id_7326,মাহহমুদুল্লাহ ফিরে আসাতে ভালো লাগছে।টিমটা এগিয়ে যাবে আবার।,Positive
test_id_7327,আন্তরিক অভিনন্দন ও শুভেচ্ছা,Positive
test_id_7328,"যত পড়ি শুধু ভালই লাগে, এ এমনি এক গল্প যার সমাপ্তি চায় না কেউ",Positive
test_id_7329,তামিম গ্রেট স্পোর্টসম্যানশিপ দেখিয়েছে। এটা তামিমের মহানুভবতা। ধন্যবাদ তামিম।,Positive
test_id_7330,বাংলাদেশ জাতীয় দলের মাশরাফির পর তামিমই ভদ্র খেলোয়াড়।,Positive
test_id_7331,তামিমকে অভিনন্দন। তামিমকে দেখে পাকিস্তানী আর ভারতীয়গুলাকে শিখতে হবে।,Positive
test_id_7332,আওয়ামী দখলদারীত্বের ভীড়ে একজন তামিমই পারে বাংলাদেশের মহত্বের প্রতীক।,Positive
test_id_7333,"ওয়ানডেতে মুমিনুল, মোসাদ্দেক আর টেস্টে ইমরুলকে দরকার ছিল",Positive
test_id_7334,আপনার মন্তব্যের স্ক্রিনশট ও কপি করে রাখলাম। টাইগাররা কেমন খেলে অপেক্ষায় থাকলাম।,Positive
test_id_7335,আছে তো এমপি মাশরাফি।,Positive
test_id_7336,তিক,Positive
test_id_7337,শুভ কামনা রইলো বাংলাদেশ দলের প্রতি।,Positive
test_id_7338,ঠিক বলেছেন। এখন যে টিম গুলো ফর্মে নেই তাদের,Positive
test_id_7339,এই সুযোগে ওদেরকে আমরা সিরিজ খেলতে ডাকি না কেন?,Positive
test_id_7340,এক বুক ভালোবাসা ও শ্রদ্ধা এই বীরের জন্য। বগুড়ার ছোল।,Positive
test_id_7341,এক বুক ভালোবাসা ও শ্রদ্ধা এই বীরের জন্য।,Positive
test_id_7342,সীমান্তে হত্যার বিচার দাবিতে বাংলাদেশিদেরও এমন প্রতিবাদ করা উচিত,Positive
test_id_7343,ভারতীয়দের মধ্যে নৈতিকতা আছে বলেই এমনটা করতে পেরেছে।,Positive
test_id_7344,দুবাইয়ের স্পোর্ট ৩৬০ এ ক্রিকেট ছাড়াও ফুটবল টেনিসের খবরও পাওয়া যায়।মান ভালো বাজেট বেশি।,Positive
test_id_7345,এ থেকে শিক্ষা নিয়ে বাংলাদেশেরও সীমান্তে হত্যা নিয়ে প্রতিবাদ করা উচিত।,Positive
test_id_7346,পাকিস্তান চিন দেশে গাধা রপ্তানি করে বিদেশি মুদ্রা আয় করে ।,Positive
test_id_7347,আর্জেন্টিনার জয়ের ধারা অব্যাহত থাকুক ।,Positive
test_id_7348,সত্যিই তো! আগে তো ভেবে দেখিনি! দারুণ মজার ব্যাপার! থ্যাংকউ,Positive
test_id_7349,"যেহেতু একজন অস্ট্রেলিয়ান প্লেয়ার বলেছে, তাই মেনে নিচ্ছি",Positive
test_id_7350,ভিভ রিচার্ডস ছাড়া আর কেউই কোহলির কাছে আসে না,Positive
test_id_7351,"এটা তো খুবই স্বাভাবিক ব্যাপার, কোহলির জন্য।",Positive
test_id_7352,"দুই টেস্ট, পাঁচ ওয়ানডে আর এক টি-টোয়েন্টি খেলতে দক্ষিণ আফ্রিকা দল এখন শ্রীলঙ্কায়।",Positive
test_id_7353,ভাই এইটা বিদেশের মাটিতে।,Positive
test_id_7354,তামিম বসকে পছন্দ করি,Positive
test_id_7355,শুরু হয়ে গেছে।,Positive
test_id_7356,তিন থেকে চার নম্বর সেঞ্চুরিতে যেতে সময় নিয়েছেন ৯ বছর।,Positive
test_id_7357,"ব্যাট্সম্যান রশিদ খানেরই জবাব নেই বাংলাদেশের কাছে, বোলার রশিদ খানের থাকবে কিনা আল্লাহই জানে",Positive
test_id_7358,ভালই জবাব দিয়েছে শেষ ১০ ওভারে ৯৭ রান!,Positive
test_id_7359,আরজেন্টিনা জিতবে এবার,Positive
test_id_7360,পূজারা ৫৩ ওভার খেলে ১০৬ রান করেছে । তাঁর ধৈর্য্যের প্রশংসা করতেই হবে ।,Positive
test_id_7361,কোহলির আরও একটি সেন্সুরির অপেক্ষায় আছিবিবেক সাহেবকে পাওয়া যাচ্ছেনাতার মনে হয় ইতিমধ্যেই শুরু হয়ে গেছে?,Positive
test_id_7362,এগিয়ে যাও অজিদেরকে তাদের মাঠে সিরিজে পরাজিত করে তাদের অহংকার চুর্ণ করে দাও।,Positive
test_id_7363,জিম লেকারের মতো ম্যাচে ১৯ উইকেট নেয়া বোলার এই ধরাধামে কেউ আছে?,Positive
test_id_7364,একটু জলপাই কোথায় বলতে পারেন?!,Positive
test_id_7365,পকিস্থান বর্তমানে বাংলাদেশের কাছে ধবল ধোলাই খাবে।,Positive
test_id_7366,উনি অলরেডি সিরিয়া থেকে ট্রেনিং নিয়ে এসেছেন।,Positive
test_id_7367,দলের ফিজিওকে এর দায়ভার অবশ্যই নিতে হবে,Positive
test_id_7368,সবাই এখন গর্তে লুকিয়ে আছে। সাকিবকে হারিয়েই এই জাতি বুঝবে সাকিবের দাম।,Positive
test_id_7369,সুস্থতো উনি হবেনই ইনশাআল্লাহ।,Positive
test_id_7370,ফিজিও দেবাশীষের বদলে নতুন ফিজিও নিয়োগ করা অত্যন্ত জরুরি।,Positive
test_id_7371,আশা করি সমালোচকদের মুখ এবার বন্ধ হবে,Positive
test_id_7372,চীনের বার্ডস নেস্ট বা পাখির নীড়ের মতো হবে কি নকশা?,Positive
test_id_7373,"নকসা বিদেশী নয়, বাংলদেশীদের থেকেই আহবান করা হোক",Positive
test_id_7374,"আপনার উপরে পূর্ণ বিশ্বাস আছে সম্রাট, আপনি এগিয়ে জান, সমর্থন ছিল, আছে এবং থাকবে।",Positive
test_id_7375,আর্জেন্টিনাইন সাপোর্টারদের দৈনিকওরাই পরুক নিউজ,Positive
test_id_7376,জোকোভিচও এখন ফর্মে আছেন।,Positive
test_id_7377,সারাবছরে এতগুলো বল খেলার কেউ কি আছে বাংলাদেশে??? প্লিস কেউ বলুন।,Positive
test_id_7378,এই পিচে-ই বিরাট কোহলি'র মতো বাটসম্যান সেঞ্চুরি পায় নি আর আপনি বলছেন রুবেলের কথা,Positive
test_id_7379,এইরকম পিচে আমাদের রুবেলও সেঞ্চুরি করবে।,Positive
test_id_7380,মরিনহোর অহংকারই মরিনহোর পতনের মূল কারন। ম্যানইউতে জিদান কিম্বা কন্তের মত কোচ দরকার।,Positive
test_id_7381,"সময়ের সবচেয়ে প্রভাবশালি ফুটবলার নেইমার, হেটার্সরা যতই গড়াগড়ি করুক লাভ নাই, নেইমার নেইমারই",Positive
test_id_7382,আজকে বাংলাদেশ জিতবে ইনশাআল্লাহ,Positive
test_id_7383,বাংলাদেশ দলের জন্য শুভ কামনা রইল ।,Positive
test_id_7384,দেখতে হবেতো খেলোয়াড়টাতো রোনালদো।,Positive
test_id_7385,গুড জব প্রথম আলো। বর্তমানে দেশের ফুটবল নিয়ে আপনাদের এই কাজগুলো খুব ভালো লাগছে।,Positive
test_id_7386,অনেক বড় মাপের খেলোয়াড়দের ভালো মানুষও হতে হয়।,Positive
test_id_7387,আমি পিচ কিউরেটরের বক্তব্য জানতে বেশি আগ্রহী।,Positive
test_id_7388,"লুং গি ওয়ালা ভাই, পিচ কিউরেটরের বক্তব্য জানতে বেশি আগ্রহী।",Positive
test_id_7389,ও যে এগোচ্ছে তাতে সেন্চুরির সেন্চুরি অবশ্যই হবে।,Positive
test_id_7390,বলের অবস্থা: নিউজিল্যান্ডে-বল তো নয় যেন আগুনের গোলা।বাংলাদেশে-বল তো নয় যেন মায়াবী ছলনা।,Positive
test_id_7391,নিউজিল্যান্ডের মাঠগুলো খুব ছোট। সেটার সুবিধা তারা ভালই কাজে লাগায়।,Positive
test_id_7392,বিদেশি দলকে ছেলেভুলানো ছড়া কয় গাপটিল।,Positive
test_id_7393,বাংলাদেশের বিরুদ্ধে নিউজিল্যান্ড লেজেগোবরে হবে।,Positive
test_id_7394,মুশফিককে ঠান্ডা মেজাজে খেলা শিখতে হবে আর জেতার আগেই উৎযাপন করার অভ্যাস বাদ দিতে হবে।,Positive
test_id_7395,আন্তরের আন্তরস্থল থেকে সবটুকু ভালবাসা ক্রোয়েশিয়া দলের জন্য,Positive
test_id_7396,এলিয়েন ফেলিয়েন নিয়ে লাফালাফির দিন ফুরিয়ে আসছে।,Positive
test_id_7397,আহারে মেসি মানেই যে লা লি গা,Positive
test_id_7398,"মিঃ অনিচ্ছুক, এলিয়েনকে অবশ্যই একদিন থামতে হবে",Positive
test_id_7399,"ফুটবলের রাজা রোনালদো, রাজপুত্র সালাহ।",Positive
test_id_7400,ভালো ফিনিসিং এর অভাবে ভুগেছে সেভিয়া।,Positive
test_id_7401,"এমন নাটকীয় ড্র কি এতো অল্প কথায় বোঝানো যায়, যায় না।বিস্তারিত এর অপেক্ষায়",Positive
test_id_7402,"ফুটবলের রাজা মেসি, রাজপুত্র সালাহ।",Positive
test_id_7403,এবার লা লিগায় মনে হয় বার্সাকে কেউ হারাতে পারবে না???,Positive
test_id_7404,সেভিয়া কালকে ফিনিশিং করতে পারেনি ঠিক মতো। যদি পারতো তাহলে খেলার ফলাফল অন্যরকম হতো।,Positive
test_id_7405,সেভিয়ার বিরুন্ধে মেসির ম্যাচ বাঁচানো গোল,Positive
test_id_7406,দর্শকরা যেটা চাইবেন সেটাই থাকবে ।,Positive
test_id_7407,"কে ভালো, পরিসংখ্যান দেখে নিলেই হয়।",Positive
test_id_7408,"আশা করি স্লগ ওভারে কিভাবে বোলিং করতে হয়, সেটা আমাদের মোস্তাফিজ শিখে নেবে বুমরাহ থেকে।",Positive
test_id_7409,চা বিরতি পর্যন্ত দুজনকেই পুজারার মতো খেলতে হবে,Positive
test_id_7410,মনের ভূত যেঁকে বসেছে।,Positive
test_id_7411,চাঁদা তুলে রিওদয়ান বিবেক কে ডাক্তার দেখানোর জন্য একটি টাস্ট গঠন করা হউক।।,Positive
test_id_7412,"জিম্বাবুয়ের স্পিনাররা দাপট দেখাচ্ছে সেই ভাবে, তবে আমাদের পেসার তাইজুলও কিন্তু কম যায়নি",Positive
test_id_7413,"বাংলাদেশ দলের ৬৮তম টেস্ট খেলোয়াড়ও মমিনুল, সব সংস্করণেই তাঁরও জার্সি নম্বর তাই ৬৮ .।",Positive
test_id_7414,"সেমিফাইনাল খেলবে জিম্বাবুয়ে, বাংলাদেশ, পাকিস্তান এবং ওয়েস্ট ইন্ডিজ",Positive
test_id_7415,"জিমবাবুয়ে বিশ্বকাপে নেই, আফগানিস্তানকে রাখতে পারেন ওই জায়গায়।",Positive
test_id_7416,পাকিস্তানতো দুই ফরম্যাট মিলিয়েও তিনটি বিশ্বকাপ জয় করতে পারেনিসেখানে অস্ট্রেলিয়া হ্যাট্রিক চ্যাম্পিয়ন।,Positive
test_id_7417,বিশ্বকাপে ১০ দলের মধ্যে পাকিস্তান ৯ নম্বরে থাকবে।,Positive
test_id_7418,নামের কারণেই অস্ট্রেলিয়া ফেভারিট ।,Positive
test_id_7419,এই নিউজিল্যান্ড কে বাংলাদেশ পেলে প্রতি ম্য়াচ এ হারাবে।,Positive
test_id_7420,যাইহোক,Positive
test_id_7421,"সেটাই, ক্ষমতা থাকলে সিরিজ জিতে দেখাক নিউজিল্যান্ড, দেখি কত জোর।",Positive
test_id_7422,চাচাদের অভিনন্দন প্রশংসাকে থোরাই কেয়ার করি!,Positive
test_id_7423,অল্প বিদ্যা ভয়ঙ্কর নিউজিল্যান্ডের ঘরোয়া লিগে প্রায়ই হয় এটা,Positive
test_id_7424,অনেক কে ও বুড়ো আংগুল দেখিয়েছে।,Positive
test_id_7425,কয়লা ধুলে ময়লা যায় না,Positive
test_id_7426,যার বুদ্ধির দৌড় যতদূর,Positive
test_id_7427,নাম প্রকাশ করতেই ভয় পানমন্তব্য করেন কেন?,Positive
test_id_7428,নিজেদের মাটিতে সবাই বাঘ।বাংলাদেশও তো নিউজিল্যান্ডকে হোম সিরিজে বিধ্বস্ত করেছে।,Positive
test_id_7429,মান সন্মান না খোয়ালেই চলবে,Positive
test_id_7430,এল ক্লাসিকো এর আগে বার্সেলোনার আর কোন খেলা নেই।সংবাদ এ ভুল তথ‍্য দেওয়া হয়েছে।,Positive
test_id_7431,রজনীতিতে না জরালে ঠিকই মনে রাখতো,Positive
test_id_7432,অবশ্যই মনে রাখবে অনেক দিন ।তবে নতুন পরিচয়টা,Positive
test_id_7433,সবাই রাজনীতি করতে পারে । খেলোয়াড় রা করলে দোষ,Positive
test_id_7434,বাংলাদেশের রাজনীতির সুস্থ ধারা তৈরি করতে মাশরাফি বিন মুর্তজার হাত ধরে আরো,Positive
test_id_7435,"আরে ভাই শচীন, লারা, ম্যাকগ্রা যেমন তেমনি ম্যাশও একটাই। খেলার জগতের প্রতিটা মানুষই মনে রাখবে।",Positive
test_id_7436,"কোণ ফেরেস্তা শুধু ভালো কাজই করে, আছে নি পৃথিবীতে দেখান তো একটা",Positive
test_id_7437,ভাল কথা তো তিতা লাগবেই ।,Positive
test_id_7438,আপনারে বড় বলেবড় সে-ই নয়লোকে যারে বড় বলেবড় সে-ই হয়।,Positive
test_id_7439,আবেগে ভেসে বেরালে আর নিজের মতের সাথে না মিললে অন্যের কথাকে,Positive
test_id_7440,কিসের সাথে কি মিলায়রে লিগে জয়েন করার পর,Positive
test_id_7441,এবার দেশের হাল ধরবার পালা। আপনাকে প্রধানমন্ত্রী হিসেবে দেখতে চায় বাংলার জনগণ।,Positive
test_id_7442,চারিদিকে শুধু আবেগ অভিমানের ছড়াছড়ি।,Positive
test_id_7443,তিনি সরকারী চাকরি করেন নাহ । অনেকটা আবার কি ? করেন না মানে করেন নাহ,Positive
test_id_7444,"মাশরাফি আমাদের ক্রিকেটের মহাতারকা, আমাদের ম্যাকগ্রা, আমাদের শচীন। আমরা ভালোবাসি, ভালোবাসব মনেও রাখব।",Positive
test_id_7445,"আমার অফিসে রাজনৈতিক আলোচনা নিষিদ্ধ, আমি অফিসের সাথে একমত। তাকে নিয়েও আর কথা হবে না।",Positive
test_id_7446,"আমিও গভীর রাজনীতি বুঝি না। তাই এবার প্রার্থী হই নাই। যখন বুঝব, তখন প্রার্থী হব।",Positive
test_id_7447,ইনিংস পরাজয় মনে হয় এড়ানো গেলো!,Positive
test_id_7448,বৃষ্টি দুইটা আস্তদিন খেয়ে দিলতামিম ফিট হয়ে ওঠার আরো সময় পেল।,Positive
test_id_7449,এটা ঐ ফেন্সিডিলের কারখানার মত তৈরি হয় ওখানে খেয়ে আমরা মরি এখানে।,Positive
test_id_7450,আমাদের ক্রিকেটের সাথে এই বাজিকরে খপ্পডের থেকে নিজেদের দূরে রাখতে হবে।,Positive
test_id_7451,"সাবিনার জন্য ভালোবাসা, লজ্জা জাতীয় দলে খেলা ছেলেদের জন্য।",Positive
test_id_7452,জুভেন্টাসে দিবালার গোলে জয়পিএসজিতে ডিমারিয়ার গোলে জয়।রাতটা আসলে আর্জেন্টিনারি ছিল,Positive
test_id_7453,নেইমার ব্যালন ডিওর না জিততে চাইলে বার্সা ছেড়ে দিল কেন?,Positive
test_id_7454,টাই ব্রেকার হল ভাগ্য। যেটা কালকে ইংল্যান্ডের ছিল ভাল।,Positive
test_id_7455,নো কাভানি নো পার্টি।,Positive
test_id_7456,"ডিয়েগো ম্যারাডোনা ১৯৭৮ না, ১৯৮৬ বিশ্বকাপজয়ী।",Positive
test_id_7457,"হ বুফন ও তো ব্রাজিলিয়ান, রোনালদো, মেসি সবাই। এন্রিকে, গারদিওলা সহ সবাই",Positive
test_id_7458,সবজায়গাতেই ব্রাজিলিয়ান।,Positive
test_id_7459,কালকে গেইলের খেলা দেখে খুব ভালো লেগেছে শর্ট গুলা ছিল দেখার মত,Positive
test_id_7460,বার্সাই নেইমারের জন্য আদর্শ দল।,Positive
test_id_7461,"সঠিক, তবে খেলা অবশ্যই নেইমার নির্ভর হতে হবে।",Positive
test_id_7462,আমি একাই গাব সাম্যের গান।,Positive
test_id_7463,এবারই প্রথমবারের মতো রোনালদোর মুখোমুখি হওয়া হবে না মেসির,Positive
test_id_7464,বছরের পর বছর সাধনা করলেও রোনালদোর মত কোন ফুটবলার পাওয়া যাবে না ।,Positive
test_id_7465,এক রোনালদো নেই তো কী হইছে??? যারা আছে তারা নিশ্চয় ভালো খেলবে,Positive
test_id_7466,পাকিস্থান তো তাই কিছু বলা যাবে না। অন্য কোন দেশ হলে আমরা তুলোধুনোা করে দিতাম।,Positive
test_id_7467,ভুল আম্পায়ারিং করার জন্য আম্পায়ারদের ও শাস্তির বিধান রাখা উচিত,Positive
test_id_7468,আপনারা কি ভূলে গেলেন জেসন রয় এর উত্থান বাংলাদেশের দ্বিতীয় বিপিএল খেলেই।,Positive
test_id_7469,মোমেন্টাম পেয়ে গেলে সে,Positive
test_id_7470,"রয় অসাধারণ হয়তো স্কিলও কাছাকাছি, কিন্তু ওয়ার্নার তো ওয়ার্নারই তার আলাদা আবেদন আছে দর্শকের মাঝে।",Positive
test_id_7471,একদম সঠিক বিকল্প সিলেট সিক্সার্স কে অভিনন্দন।,Positive
test_id_7472,"সিলেট ম্যানেজমেন্টের অসাধারণ অরগানিজিং স্কিল !। রাজশাহী, খুলনার যদি এমন হতো অধাধারন একটা টুর্নামেন্ট হতো।",Positive
test_id_7473,আমরা পারব। ধৈর্য্য চাই।,Positive
test_id_7474,"এই মেয়েরা, তোমরা তো আকাশ ছুয়ে ফেলবে দেখছি!",Positive
test_id_7475,অসাধারণ আশা করি এরা সামনের মহিলা বিশ্বকাপে খেলবে।,Positive
test_id_7476,অনুর্ধ-১৫ ছেলে দলের সাথে মেয়েদের একটা খেলা চাচ্ছি। আমার ধারনা ছেলেরা ২ ডজন গোল খাবে।,Positive
test_id_7477,আফগানিস্তানের সাথে মুশফিককে বিশ্রামে রেখে রিজার্ভ বেঞ্চের খেলোয়াড়দের পরখ করা দরকার।,Positive
test_id_7478,"বাংলাদেশ-ফিলিস্তিন, বেলা ২-৩০ মি.বাংলাদেশ দলের জন্য শুভকামনা রইলো।",Positive
test_id_7479,আপনি কি অজিলের সাথে এমন আচরণ সার্পোট করছেন???,Positive
test_id_7480,ধন্যবাদ। অনেক আগেই এটা করা উচিত ছিল।,Positive
test_id_7481,ধন্যবাদ ওজিল। অনেক আগেই এটা করা উচিত ছিল।,Positive
test_id_7482,রুবেলের চমৎকারিত্ব দেখে আমরা হ্যাপি।,Positive
test_id_7483,সংবাদ সম্মেলন এবং সংবর্ধনা অনুষ্ঠান দুটোতে আসতেই ভালো লাগে রুবেলের।,Positive
test_id_7484,রুবেল আগের চেয়ে হ্যান্ডসাম হয়ে গেছে। খুব হ্যাপি সম্ভবত।,Positive
test_id_7485,আশরাফুল আমার ফেবারিট,Positive
test_id_7486,আশরাফুলকে টিমে নেয়া মোহামেডান কর্মকর্তাদের মস্তবড় ভূল। এজন্য বরাবরের মত দলকে বড় মুল্য দিতে হবে।,Positive
test_id_7487,আমরা সবই পারি। অনেক,Positive
test_id_7488,পছন্দ অপছন্দের কি আছে? ফেভারিটের জায়গায় গেলে ফেভারিট বলবে।,Positive
test_id_7489,বেল ঐ সহজ সুযোগটা মিস না করলে রিয়ালেরই জিতার কথা,Positive
test_id_7490,"১০০ মিটার রেস এ সবার টাইমিং প্রায় একই থাকে, পার্থক্যটা ভগ্নাংশে হয়।",Positive
test_id_7491,তার দানের রেকর্ড তাকে মহান করে রাখবে সবার কাছে।এগিয়ে যাও মহানুভবতায় এভাবেই।,Positive
test_id_7492,সাব্বির খেলছেনা। আমার মতে শাহরিয়ার নাফিসকে ডাকা যেতে পারে।,Positive
test_id_7493,দ্রুত সুস্থ হয়ে দলে ফিরে আসুক ।,Positive
test_id_7494,ভালো কে ভালো বলাই উচিত। এতে অভালো ভালো হতে জো জাগবে।,Positive
test_id_7495,আমি একজন গর্বিত বাংলাদেশী,Positive
test_id_7496,শাবাশ প্রবাসী বাংগালী ভায়েরা্ ।,Positive
test_id_7497,আমি গর্বিত । আমি একজন বাংলাদেশী।সত্যিই আমরা অনেক এগিয়েছি।,Positive
test_id_7498,খবর টা তো পসিটিভ এভাবে না বললে ও হয়,Positive
test_id_7499,ধন্যবাদ সবাইকে দেশকে গর্বিত করার জন্য।,Positive
test_id_7500,আসুন বিবেকহীনদের বয়কট করি,Positive
test_id_7501,আরএফএল টিউবওয়েলের মতো ইন্ডিয়া চলছে তো চলছেই।,Positive
test_id_7502,কোহলির হাতে ২০১৯ সালের বিশ্বকাপ টফি উঠলেও অবাক হওয়ার কিছু নেই ।,Positive
test_id_7503,এসব ট্রফি বাংলাদেশের মাশরাফির পাওয়া উচিত,Positive
test_id_7504,"অপেক্ষা করুন, এই ভাগ্য আপনার আসব।",Positive
test_id_7505,পাকিস্তান ১২৩ রানে হেরে গেছে ।,Positive
test_id_7506,আরও দুই একবার মেসির পাওয়া উচিত ছিল ।,Positive
test_id_7507,"ও, ই, ১১১ রান সবাই আউট, মিরাজ ৭ ৫৮, ভালই যাবে দিনটি, কী বলেন?",Positive
test_id_7508,আজকে সাকিব এর জায়গায় মাশরাফি থাকলে মানুষ তাকে প্রধানমন্ত্রী বানিয়ে দিত।,Positive
test_id_7509,"সাকিবের মত ট্যালেন্ট আরেকজন খেলোয়ার পেতে আর কতবছর সাধনা করতে হয়, কে জানে!",Positive
test_id_7510,সাকিব ওয়ার্ল্ড ক্রিকেটের ডন,Positive
test_id_7511,উর্বর মস্তিষ্ক প্রসুত হেডলাইন,Positive
test_id_7512,"এগুলো না বলে, খেলায় মনোযোগ দাও",Positive
test_id_7513,নারী ক্রিকেট দল থেকে এদের শিক্ষা নেয়া উচিৎ,Positive
test_id_7514,"বাঘদের উচিত শুধুমাত্র দেশের মাটিতে জিম্বাবুয়ে এর সাথে খেলা, নতুবা
 ,ম্যানেজমেন্টে দুর্বলতা ?! প্রেসিডেন্টের পোলা",Positive
test_id_7515,"ভেঙে পড়ো না ম্যাশ আমরা গ্যালারিতে আছি তোমাদের সাথে, হারি-জিতি বাংলাদেশ আছে হৃদয়ে",Positive
test_id_7516,"ধরায়া দিবানে, সিম্পলি রিমেম্বার ২০০৭ ওয়ার্ল্ডকাপ, ওয়েস্ট ইন্ডিজঃ বাংলাদেশ - ইন্ডিয়া ম্যাচ",Positive
test_id_7517,আমাদের খেলোয়াড়দের কমান্ডো ট্রেনিং আছে। ভালো খেলবে আশা করি।,Positive
test_id_7518,"আমরা কিন্তু হাল ছাড়ি নি টাইগার সেনাপতি, আমার বিশ্বাস ভারত তোমাদের দমিয়ে রাখতে পারবে না।",Positive
test_id_7519,নিশ্চই জুস্ থাকবে সঙ্গেচিন্তা করবেন না,Positive
test_id_7520,ম্যাশরে টেস্টেও খেলানো দরকার!,Positive
test_id_7521,নিরপেক্ষ,Positive
test_id_7522,তাহলে রিয়াল মাদ্রিদের ম্যাচগুলো এক চোখে দেখেন বোধ করি,Positive
test_id_7523,লা লিগা কর্তৃপক্ষের সুবিধাবাদী একচোখা আচরন বার্সেলোনার যেকোনো ম্যাচেই স্পষ্ট বোঝা যায়।,Positive
test_id_7524,চাইলেই ৬ জন স্পিনার নিয়ে খেলতে পারতো বাংলাদেশতাহলেই চতুর্মুখী আক্রমণ করা যেত।,Positive
test_id_7525,জবাব দেয়াটাই কি বড় বিষয় না খেলার মান বাড়ানো?,Positive
test_id_7526,টাইগারদের হাতে পরে ওয়েস্ট ইন্ডিজের যে কি দুর্দশা হবে তা ভাবতেই হাসি পাচ্ছে।,Positive
test_id_7527,ঘরের মাঠে সবাই সুবিধা নেয়। বাংলাদেশ নিলে দোষ কী???,Positive
test_id_7528,"আমি চিৎকার করিয়া হাসিঁতে চাহিয়া, করিতে পারিনি চিৎকার",Positive
test_id_7529,আবারও সাফল্য এনে দেবার জন্য ধন্যবাদ।,Positive
test_id_7530,আর্জেন্টিনা দুই গোল ব্যাবধানে হেরেছে বিশ্বকাপে তো ভরাডুবি কিভাবে হলো?,Positive
test_id_7531,সাকিব সবসময় নিজের জন্য খেলে,Positive
test_id_7532,খেলায় মন নেই তাও তিনি গত টেস্টে বাংলাদেশের সেরা বোলার ও ব্যাটসম্যান।,Positive
test_id_7533,দুষ্ট গরুর চেয়ে শূণ্য গোয়াল ভাল।,Positive
test_id_7534,সরফরাজের অনুপুস্থিতিতে শোয়েব মালিক কে অধিনায়ক করা যায়।,Positive
test_id_7535,একটি ম্যাচে খারাপ করলে কেউ খারাপ বোলার হয় না। সবারই খারাপ দিন যায়।,Positive
test_id_7536,সব দিন এক যায়না এটাই স্বাভাবিক,Positive
test_id_7537,কাপালি অধিনায়ক হয় কি করে সে তো ইংরেজি পারেই না।,Positive
test_id_7538,কোচের কাছে সবিনয়ে মাফ চাওয়া দরকার সাকিবের ।,Positive
test_id_7539,এনামুল এর নতুন বলের জন্য টেকনিক ভালো না।ওকে ৩-৪ খেলালে,Positive
test_id_7540,ভারতীয় ক্রিকেটার ঢাকার লীগে কেন?,Positive
test_id_7541,মল্লযুদ্ধ কি তবে এখানে হবে নাকি রিদওয়ান বিবেক? হাহাহা!,Positive
test_id_7542,মাঝে,Positive
test_id_7543,জমি দে কি দেখেছে মতিন খানের ঝলক ??? এটাই এখন বিশ্ববাসীর প্রশ্ন ।,Positive
test_id_7544,মতিন মিয়া বসুন্ধরা কিংসে না খেলে ইস্টবেঙ্গলে খেললেই ভালো হতো। আইএসএলে খেলার যোগ্যতা আছে মতিনের।,Positive
test_id_7545,একজন ফুল টাইম দেশি মনোবিদ বিশ্বকাপ পর্যন্ত রেখে দেয়া উচিত৷ বিদেশিরা,Positive
test_id_7546,"পাগলের প্রলাপ, খেলা যারা পারেন তাদের মনোবিদ লাগেনা।",Positive
test_id_7547,এই মনোবিদ কে সার্বক্ষনিক ভিত্তিতে নিয়োগ দেয়া হোক।,Positive
test_id_7548,পৃথিবীর সেরা টিম তার প্লেয়ার দের নাম নেই কেন,Positive
test_id_7549,ইংল্যান্ডের পারফরমেন্স বিশ্বকাপ জয়ের ক্ষেত্রে তাদের ১ নম্বর দাবিদার করেছে।,Positive
test_id_7550,এমপি হলে কী ক্রিকেট খেলা ছাড়তেই হবে ??,Positive
test_id_7551,খুব ভালো সিদ্ধান্ত। বুদ্ধিমানের কাজ।,Positive
test_id_7552,"হামেস, কাকা, ইসকো এদের মতো বেঞ্চে বসে থাকার চেয়ে ডর্টমুন্ডে অনেক বেশি প্লেইং টাইম পাবে",Positive
test_id_7553,"অসাধারন বোলিং পাকিস্তানের, বোলিংয়ে পাকিস্তানের পুরোনো সুদিন ফিরে এসেছে।",Positive
test_id_7554,২০০৯! আপনার মলমটা মেয়াদোত্তীর্ণ হয়ে গেছে না ভাই?,Positive
test_id_7555,পাকিস্তান এত বোলার তৈরি করে কেমনে? বিসিবির এগুলো নিয়ে গবেষণা করা উচিত,Positive
test_id_7556,আমারো খুব খুশী লাগছে তাদের খুশী দেখে,Positive
test_id_7557,আপনার জবাব জবাবের মতই হয়েছে। ধন্যবাদ আপনাকে ।,Positive
test_id_7558,পাকিস্তানের সবচেয়ে ভাল অলরাউন্ডার ফাহিম আশ্রাফ।,Positive
test_id_7559," নাম প্রকাশে অনিচ্ছুক, এতো হীণমন্নতা কেন? দেশের প্রয়োজনে নরকে গেলেও সমস্যা কি?",Positive
test_id_7560,ওই চার রান ফিরিয়ে দিয়ে বাংলাদেশ কে জয়ী ঘোষণা করা হউক।,Positive
test_id_7561,এটা কি অজুহাত? এরম তো না যে  বল এ - রান লাগতো!,Positive
test_id_7562,ক্রিকেট খেলা টা বুঝতে হলে এই খেলার উপর পি এইচ ডি করা লাগবে,Positive
test_id_7563,৮৯ ৯০ মিনিতে নিশচিত গোল আমেরিকা মিসস না করলে ফল অননরকম হত,Positive
test_id_7564,নাইজেরিয়ান গলকিপারের কথা বাদ দিলেন কেন ভাই সেও কিন্তু অসমভব ভাল পারফরম করেছে।,Positive
test_id_7565,এই শন মার্শই কিন্তু ভারতীয় বোলারদের কুপোকাত করে একাধিকবার আইপিএলের সর্বোচ্চ রান গেটার হয়েছে।,Positive
test_id_7566,"আইপিএলে সব দেশের বোলাররা খেলে, শুধু ভারতীয় নয়। পড়াশুনা করেন।",Positive
test_id_7567,অদূর ভবিষ্যতে কোন মেডেল পাবার সম্ভাবনা খুবই ক্ষীণ।,Positive
test_id_7568,সিলেটে টাইগারদের স্বাগতম,Positive
test_id_7569,সিলেট ভেন্যুতে বাংলাদেশ টাইগারদের জন্য শুভ কামনা।,Positive
test_id_7570,ভারত ছাড়া সব দেশের পিচের ব্যাপারেই আইসিসির নেতিবাচক রেটিং পড়ে।,Positive
test_id_7571,স্মিথ শিখিয়ে দিচ্ছে মাঠে না ঘুমিয়ে কিভাবে ফিল্ডিং করতে হয়।,Positive
test_id_7572,আগামীকাল রংপুর জিতবে ইনশাল্লাহ্,Positive
test_id_7573,"দেখেন বিবেকভাই, এই হলো আমাদের বাংলাদেশ। মানুষের শ্রদ্ধা ভালোবাসা পেতে পয়সা লাগেনা।",Positive
test_id_7574,দারুন খেলেছে কাল সৌম্য ও তামিম।,Positive
test_id_7575,উপমহাদেশের গর্ব ভারত আর শ্রীলঙ্কা।,Positive
test_id_7576,জীবনে এই প্রথমবার আপনি একটা যৌক্তিক মন্তব্য করলেন। একটা লাইকও দিলাম।,Positive
test_id_7577,"আর কত? ৫ বছর আগেই অবসর নেওয়া উচিত ছিলো, এবার নতুনদের জন্য জায়গা ছাড়েন।",Positive
test_id_7578,সব সময় হীনমন্যতায় ভোগা অসুখের লক্ষণ। ডাক্তার দেখানো উচিৎ।,Positive
test_id_7579,"বাছা রিদওয়ান, খুব কি ইন্টেলিজেন্ট কমেন্ট হল? কি মনে হয়?",Positive
test_id_7580,একেই বলে অধিনায়ক! কোহলি ব্ড় মাপের খেলোয়ার শুধু নন একজন বড় হৃদয়ের অধিকারী ও বটে।,Positive
test_id_7581,"ক্রিকেট ব্যাট আর বলের খেলা, ভদ্রতা পরিমাপের খেলা নয়",Positive
test_id_7582,বিশাল বিবেকের অধিকারী বিরাট।,Positive
test_id_7583,কোহলির চরিত্র খারাপ? হাহাহাহাহা নিজের খেলয়াড়দের খবর পড়েন না ?,Positive
test_id_7584,"কোহলি প্রতিদিন নিজেকে অন্য উচ্চতায় নিয়ে যাচ্ছে, আশা রাখি মানুষ হিসাবেও সে সবার অনুপ্রেরণা হবে।",Positive
test_id_7585,নায়কের মত কাজ । শুভ কামনা রইল ।,Positive
test_id_7586,বাংলাদেশের ফুটবলের জন্য শুখবর ।,Positive
test_id_7587,"আর নয় কোন কান্না, আর নয় কোন কথা। চলে এসো, ব্যাস।",Positive
test_id_7588,যে কোন খেলোয়াড়ই মেসির সাথে খেলতে চাইবে৷,Positive
test_id_7589,খেলার মধ্যে মাথায় রাজনীতি ঢুকলে এমনই হয়,Positive
test_id_7590,হোল্ডারের তো টেন্ডুলকারের চেয়ে কম টেস্ট খেলা লাগলো ডাবল সেঞ্চুরি পেতে।অভিনন্দন।,Positive
test_id_7591,সুস্থ্যতা কামনা করি,Positive
test_id_7592,নাগিন নাচ নিয়ে অনেকেই অনেক কথা বলছে। কিন্তু আমার মতে এই নাচ চালিয়ে যাওয়া উচিত।,Positive
test_id_7593,কিন্তু বেশীর ভাগ ইংলিশ ভাষ্যকাররা সুলজ্যার বলে উচ্চারণ করে।,Positive
test_id_7594,রেকর্ডটা কিন্তু খুব খারাপ না।,Positive
test_id_7595,আশা করি এবারের চোটেও বার্সা পয়েন্ট হারাবে না।,Positive
test_id_7596,আমরা রাজনীতিবিদ কোন খেলোয়ার দলে চাই না,Positive
test_id_7597,ওয়ানডেতে উইকেট আরো স্পোর্টিং করা বোকামি হবে।,Positive
test_id_7598,তামিমের সাথে সাদমান হলে ভালো হতো সাদমান কি এখনো পরীক্ষিত নয় ?,Positive
test_id_7599,এক ম্যাচ ভাল খেললেই পরীক্ষিত হয়ে যায়??,Positive
test_id_7600,"বাংলাদেশের এখন সবচেয়ে দূর্দান্ত পেসারের নাম ইবাদত হোসেন। ওকে, জাতীয় দলে দেখবো কখন?",Positive
test_id_7601,"মানুষ জন্মগতভাবে রাজনৈতিক, ব্যাপারটি ভুলে গেলে হবে না।",Positive
test_id_7602,১. তামিম২. লিটন৩. সাকিব মিঠুন৪. মুশফিক৫. মিঠুন সাকিব৬. রিয়াদ৭. সৌম্য৮. মিরাজ৯. মাশরাফি ১০. নাজমুল অপু১১. মোস্তাফিজ,Positive
test_id_7603,মাশরাফি এক সাথে ২ পদে থাকবে ?? ভালো খুব ভালো ।,Positive
test_id_7604,তামিমলিটনসাকিবমুশফিকুরমাহমুদউল্লাহমিঠুনমিরাজমাশরাফিসাইফউদ্দিনরুবেল রনি অপুমোস্তাফিজুর,Positive
test_id_7605,ধর্মশালা মাঠের রেকর্ড দেখলেই এগুলোকে নস্যি মনে হবে।,Positive
test_id_7606,স্মিথ-ওয়ার্নারবিহীন অস্ট্রেলিয়ার বিপক্ষে ভালো করবে ভারত এটা জানা ছিল,Positive
test_id_7607,হ্যা ব্রাজিল বিশ্বকাপে এলেই ৭ গোলের বন্যা বয়ে যায়।,Positive
test_id_7608,আরো,Positive
test_id_7609,"হেটার্সরা বলবে, মেসি কোহলির ফ্যান।",Positive
test_id_7610,"মেসি আর কোহলি দুইজনেই
 ,আমি তো শুনেছি মেসি",Positive
test_id_7611,রোনালদোর অভাব হাজারড কে দিয়া কি আর পুরন করা জায়।,Positive
test_id_7612,মেসি হ্যাট্রিক করলেই হবে,Positive
test_id_7613,বাংলাদেশ অবশ্যই বেটার টিম। আমরা মেনে নিচ্ছি। প্লিজ আর তুলনা করবেন না,Positive
test_id_7614,ভারতের পিচে খেলা ফ্রি হিটের সমতুল্য।,Positive
test_id_7615,ওয়েস্ট ইন্ডিজ জেতা ম্যাচ হেরে গেল ।,Positive
test_id_7616,"ভারতকে এই জয়ে অভিনন্দন, একটি প্রতিদ্ধন্দিতা পুর্ন খেলা উপহার দেয়ার জন্যও ধন্যবাদ উভয় দলকে।",Positive
test_id_7617,রিপোর্টার মনে হয় ওয়েস্টইন্ডিজ থেকে রিপোর্ট করেছে।,Positive
test_id_7618,নির্লজ্জের মতন কথা বলেন কেন? সিলেটে কে খাবি খাচ্ছে এই মুহূর্তে ?,Positive
test_id_7619,হাহাহাহা। যে জিম্বাবুয়ে কে সবাই,Positive
test_id_7620,"ভাই, আপনি অসাধারণ ক্রিকেট বিশেষ। আপনাকে শত কোটি সালাম।",Positive
test_id_7621,ভারতের পিচে তোমরা আফগানিস্থানের সাথে ফ্রী হিটে কি করেছিলে ? ভোলার ভান করা ঠিক নয়।,Positive
test_id_7622,আর জিম্বাবোয়ের সাথে তোমরা কি খাচ্ছ ?,Positive
test_id_7623,হ্যাটট্রিকের ভিডিও ক্লিপ সংযুক্ত করলে ভালো হয় প্রতিবেদনের সাথে।,Positive
test_id_7624,লিভারপুলের নেপথ্য নায়ক ক্লপ।,Positive
test_id_7625,লিভারপুলের সমর্থক হয়েছিলাম স্টিভেন জেরার্ডের কারণে। দারুণ খেলছে। আশাকরি ক্লপের শিরোপাবন্ধ্যাত্ব ঘুচবে।,Positive
test_id_7626,টেস্ট ক্রিকেটে রুবেলের বোলিং এভারেজ ৮০+এই রুবেলই বাংলাদেশের সেরা পেসার।এবারে নিজেরাই বুঝেননি।,Positive
test_id_7627,বাংলাদেশে কার্যকর পেস বোলারের অভাব মূলত সঠিক নার্সিং না পাওয়ার জন্য,Positive
test_id_7628,ফেল কি একা লিটন দাস করেছে ?,Positive
test_id_7629,সবাইকে ২ টা করে ফ্লাট দেয়া হোক,Positive
test_id_7630,সাদমান আর মাহমুদউল্লাহ একেবারে টেস্ট ক্রিকেটের ব্যাটিংই করেছে।,Positive
test_id_7631,বাঘের বাচ্চাদের একি অবস্থা,Positive
test_id_7632,এমন প্রশ্ন করা উচিত নয় যা মনে আঘাত করে,Positive
test_id_7633,এজন্যই সে মনে হয় চলে যাবে।,Positive
test_id_7634,হংকং এর বিরুদ্ধে খুব বেঁচে গেছে ভারত,Positive
test_id_7635,এই দুর্বল দলের সাথে ভারত নাকানিচুবানি খায় তাহলে পাকিস্থানের সাথে ৫০ রানে অল আউট হবে।,Positive
test_id_7636,শুভ কামনা হংকং এর জন্য,Positive
test_id_7637,ভয় না বলে আতঙ্ক বললে হয়তো আরো ভালো হতো!,Positive
test_id_7638,ইস অল্পের জন্য হলো না ইস,Positive
test_id_7639,"এটাই স্বাভাবিক, কারন আমি আমার প্রতিদ্বন্দ্বী কে কখনওই আমার চেয়ে এগিয়ে যেতে দেব না।",Positive
test_id_7640,"নিন্দুকরা নির্লজ্জও, ওরা মুখ বন্ধ করে না।",Positive
test_id_7641,কোন দাদা যেন বলেছিল মুস্তাফিজকে আর খেলায় নেয়া হবে না ?,Positive
test_id_7642,মোস্তাফিজময় আইপিএল।,Positive
test_id_7643,"ব্যাপারটা ভাল লাগছে, কারন বেচারা বেনজু অনেক দিন থেকে গোল পাচ্ছেনা।ওয়েলডান রন।",Positive
test_id_7644,মেসি চান্দের দেশে বল মারলে অন্যকে দিয়ে মারাবে এটাই তো স্বাভাবিক।,Positive
test_id_7645,আহ হা রে আজকে এই খুশির চোখের জল কোথায় রাখি,Positive
test_id_7646,গোল পেলেন ‘বিবিসি’র তিনজনই,Positive
test_id_7647,সম্ভবত এই প্রথম বার রোনালদো স্বার্থপর ছিল না ।,Positive
test_id_7648,"ভাই, জ্বালাপোড়া করে?",Positive
test_id_7649,এর পেছনে রেফারির সহায়তা কম নয়,Positive
test_id_7650,রিয়াল মাদ্রিদ ১৩ টা। বার্সা ৫ টা বুইঝা কথা কইয়েন,Positive
test_id_7651,রিয়াল মাদ্রিদ ১৩ টা আর কারা জানি ৫ টা,Positive
test_id_7652,এবার বিশ্বকাপ ব্রাজিলই নিবে,Positive
test_id_7653,নেইমার থাকলে ফলাফল আরো ভাল হত।,Positive
test_id_7654,নেইমার ছাড়াও ব্রাজিল এখন জিততে পারে। (প্রমানিত),Positive
test_id_7655,সময়ই সব বলবে।।তবে এটা বলতে পারি এই দেশের ব্রাজিল-আর্জেন্টিনার সমর্থকরা আজিব।।,Positive
test_id_7656,দেখা যাক কে নেয় বিশ্বকাপ,Positive
test_id_7657,"ব্রাজিল বিশ্বকাপ জয় করবে, আমি এই বিষয়ে নিশ্চিত।",Positive
test_id_7658,হায়রে ভাইরা দুঃখ হচ্ছে বুঝি।হাহাহাহাহা,Positive
test_id_7659,"ফলাফল যাই হোক, বিজয় বটে।",Positive
test_id_7660,এটা হলো সনিসিক্স বনাম স্পেন !,Positive
test_id_7661,বরাবরই ব্রাজিল নাম্বারে ১ এ থাকে,Positive
test_id_7662,"সাবাস! ব্রাজিল, সাবাস!",Positive
test_id_7663,"হে, দুধের স্বাদ ঘোলে মিটালো। তবে এটাও মনে রাখতে হবে, “জার্মান টিম কিন্তু এটা না”",Positive
test_id_7664,এটা কোন ব্যাপারই নয়।।খেলা হবে বিশ্বকাপে।।,Positive
test_id_7665,এ যামানার আর্জেন্টাইন সাপোর্টার্সরা মেসিদের জীবনে কোন ট্রফি জিত্তে না দেখলেও ৬ ১ দেখে ফেলেছে কয়েকবারই,Positive
test_id_7666,কি প্রতিশোধ যে বাবাচূড়ান্ত পর্বে কেমন খেলে সেটাই আসল বিষয়,Positive
test_id_7667,আসলেই আমরাই আমাদের বড় শত্রু।,Positive
test_id_7668,খেলা দেখতে চাই - শুভ কামনা টিম বাংলাদেশকে,Positive
test_id_7669,অনেক উন্নতি হইছে গোলকিপার সোহেলের,Positive
test_id_7670,সান্তিয়াগো সরকারকে? আর ইউ কিডিং মি? সলারি থেকে সরকার?,Positive
test_id_7671,আজ যে ম্যারাডোনার জন্মদিন সেই খবর কি রিপোর্টার রাখেন?,Positive
test_id_7672,“জীবনের যন্ত্রণাই তাঁকে এত দূর নিয়ে এসেছে।“ সত্যই স্বপ্না বর্মন অনুপ্রেরণার আরেক নাম।,Positive
test_id_7673,গুজবে কান দিয়েন না,Positive
test_id_7674,অত ১১৭ জন না পাঠিয়ে ১০ -২০ জনকে ভালো ট্রেনিং দিয়ে পাঠক।,Positive
test_id_7675,"কারো ভরসা ব্যাটিং আর কারো পেসার, যা দ্বারা তারা অপরকে দিতে চায় প্রেসার",Positive
test_id_7676,লন্ডনে আমির ই ম্যাচ জিতিয়েছিলো। এবার দেখতে হবে দুবাইতে সে কতটা কার্যকরী হয়।,Positive
test_id_7677,এই সুযোগে বাংলাদেশের অস্ট্রেলিয়া যাওয়া উচিত,Positive
test_id_7678,তবুও বলবো অস্ট্রেলিয়া ভাল খেলেছে,Positive
test_id_7679,তবে মিটুক আর নাই মিটুক রনক কে আর্জেন্টিনার সবখানে পাওয়া যায়। (যদিও সে আর্জেন্টিনার বিরোধী),Positive
test_id_7680,দুধের স্বাদ ঘোলে মেটানো আর কি,Positive
test_id_7681, রনি-আরিফ দোষ রিপোর্টারকে দিয়ে লাভ কি সাম্পাওলি যা বলেছে তাইতো লিখেছে,Positive
test_id_7682,"পচা হিগুয়েইন দিয়ে আর আর্জেন্টিনার লাভ নাই, সেই অপয়া,",Positive
test_id_7683,বিশ্বকাপে জার্মানি আবার কষে লাগাবে,Positive
test_id_7684,সব দোষ কোচের? আর খেলোয়াড়রা কিছুই বোঝেনা! হিগুয়াইনরে খেলা হিগাইবো ক্যাডায়,Positive
test_id_7685,"পাস্তোরে, দিবালা, ইকার্ডি প্রথম ১১ তে দেখতে চাই",Positive
test_id_7686,পাকিস্তানের এই টিমটা বিশ্বকাপে ৮ ৯–এ থাকবে,Positive
test_id_7687,বলা চলে পাকিস্তানের ভাগ্য খারাপ,Positive
test_id_7688,সরফরাজ যে দলের কান্ডারী তা বুঝা যাচ্ছে!,Positive
test_id_7689,সব সিরিজ ডুবাই এর মাঠে জেতাদক্ষিণ আফ্রিকায় একটানা ১১ সিরিজ খেললে সব সিরিজই হারবে পাকিস্তান।,Positive
test_id_7690,ডোবার ছিল বলেই ডুবেছে।,Positive
test_id_7691,পাকিস্তান অতো খারাপ খেলেনি কিন্তু পরিণতির অভাব আর কিছুটা দুর্ভাগ্য ওদের তাড়া করেছে সিরিজ জুড়ে,Positive
test_id_7692,তিনি ২০০৬ সালের সেই ম্যাচে ১৪৩ বল খেলে সেঞ্চুরি ছুঁয়েছিলেন।,Positive
test_id_7693,আমি তো মনে করি আরও বেশী। কারণ ভারত খেলার চেয়েও বেশী খেলে বাংলাদেশের সাথে।,Positive
test_id_7694,পন্টিংরা তো ক্ষেপবেই কারণ মাস তিনেক পর উনারা ভারত আসবেন আইপিএলের ভাগা নিতে।,Positive
test_id_7695,বক্সিং ডে টেস্টে ক্রিজেই ভারতীয় ব্যাটসমেনদের নাভিশ্বাস উঠে যাবে।,Positive
test_id_7696,স্ট্রাইকার আর ডিফেন্ডার নিতেই হবে!,Positive
test_id_7697,ইকার্দি রিয়ালের জন্য খুবই কার্যকারী৷ বর্তমান বিশ্বের সবচেয়ে ভয়ানক নাম্বার ৯৷,Positive
test_id_7698,ওহহহ মৃণাল দা আপনার বিশ্লেষণধর্মি রিপোর্টর অপেক্ষায় থাকি সব সময়,Positive
test_id_7699,"ভাই, আপনি সেরা একজনকে বাদ দিয়েছেন। বর্তমানে সেরা কোচ লিভারপুলের ইয়ুর্গেন ক্লপ।",Positive
test_id_7700,দিয়েগো আরমান্দো মারাদোনা জিউস অব ফুটবল,Positive
test_id_7701,রাজার সখ হবে রাজার মত।না হলে তিনি কিসের রাজা।রাজার সখ বলে কথা।,Positive
test_id_7702,এমবাপ্পে-কাভানি ঠিক আছে। কিন্তু নেইমার,Positive
test_id_7703,আশা করি বাফুফে এবার প্রতিজ্ঞা রক্ষা করবে।,Positive
test_id_7704,নিখাদ উইকেটকিপার হিসেবে নুরুলকে পাওয়া বড় প্রাপ্তি।,Positive
test_id_7705,শফিউলের তো গতিই নাই।,Positive
test_id_7706,"সফিউল বাংলাদেশি মরা ও স্লো পিচে ভালো, বিদেশের উইকেটে সাধারন মানের",Positive
test_id_7707,এবার যদি ভাগ্য দেবী মুখ তুলে চায়। শফিউলকে আরো প্রমাণ করতে হবে।,Positive
test_id_7708,খুবই ভাল খবর। এই অর্থ ফুটবলের উন্নয়নে ব্যবহার হলে ফুটবল অনেক এগিয়ে যাবে,Positive
test_id_7709,একদম ঠিক বলেছেন তবে ইমরুলের জায়গায় যেতে পারবে না। ব্র্যাডম্যান এখন খেললে হয়তো পারতেন।,Positive
test_id_7710,যেখানে বল,Positive
test_id_7711,ভালোকে ভালো আর খারাপকে খারাপ বলতে শিখুন।,Positive
test_id_7712,এভাবে খেলতে থাকলে সেঞ্চুরীর সেঞ্চুরী হবে কোন সন্দেহ নাই। বাকীটা হবে ইতিহাস।,Positive
test_id_7713,"কোহলিকে যতই ইনসালট করুন না কেন, বাংলাদেশের আজ কিন্তু অপমানজনক ভাবে হারছে",Positive
test_id_7714,উরি বাব্বাআআআআআ তাই নাকি??? খুব জানেন দেখি,Positive
test_id_7715,আমাদের পত্রিকায় ভারতীয় পাবলিক মন্তব্য করছে মনে হচ্ছে! ওদের পত্রিকায় তো কখনোই উঁকিও মারি না।,Positive
test_id_7716,"হাহাহাহাহাহা, আপনি যেই হোন, কমেন্টটা সলিড দিয়েছেন বস, হ্যাটস অফ ।",Positive
test_id_7717,গম্ভীরকে গম্ভীরই রাখলো কলিকাতা,Positive
test_id_7718,গম্ভীর পুরো মৌসুমেই গম্ভীর থাকবে,Positive
test_id_7719,কোন দল কি,Positive
test_id_7720,এই দুই দলই ফাইনাল খেলবে,Positive
test_id_7721,বাপি দা’র ক্রিকেট বিশ্লেষন দেখে আমি যারপরনাই অবিভূত ;),Positive
test_id_7722,"ভয় পাইছিল বলেই তো ছোটদের পাঠিয়েছিলো। কিন্তু হায়, ছোটরাই সাকিবকে ভয় দেখিয়ে গেল।",Positive
test_id_7723,ম্যান অব দ্যা ম্যাচ সাকিবের প্রাপ্য ছিল।,Positive
test_id_7724,পরবর্তী আইপিএলে সাকিবের বেইস প্রাইস বৃদ্ধি করা উচিত।,Positive
test_id_7725,আপনার জন্য এই জায়গাটা পারফেক্টআশা করি ঠিকঠাক পলন করবেন ইনশাল্লাহ,Positive
test_id_7726,বোর্ড এর উচিৎ বিষয়টা একটু আগেভাগেই নিশ্চিত করা।,Positive
test_id_7727,জনাব পাপন সাহেবের কাছে আমার অনুরোধ এবং প্রশ্ন আপনি কি দেশের ভাল চান?,Positive
test_id_7728,মুশফিককে টেস্ট অধিনায়ক দিলেই ভাল হবে,Positive
test_id_7729,বর্তমান দলে যদি পারফেক্ট কেউ থাকে অধিনায়ক হিসাবে তবে সে রিয়াদই বটে।,Positive
test_id_7730,মুশফিক নিয়ে বোর্ডের পলিটিক্স এত সহজেই ভুলে গেলে চলবেনা।,Positive
test_id_7731,বিপিএল সেঞ্চুরি ম্যান আবারও বিপিএল এর মান,Positive
test_id_7732,দেশের মাঠে যেভাবে জেতেন সেই পদ্ধতিটা বদলানোর প্রক্রিয়া শুরু করা দরকার এশিয়ার বাইরে জিততে চাইলে,Positive
test_id_7733,টস হেরে মেঘলা আকাশে বাংলাদেশ ২০০+ করেছে এটাকে নৈতিক জয় হিসেবে দেখা উচিত।,Positive
test_id_7734,করো আরও ভারত কে নিয়ে মজা কর,Positive
test_id_7735,বৃক্ষ তোমার নাম কি? ফলেই পরিচয়।,Positive
test_id_7736,শুনলাম জামায়াত ৭১ এর ভূমিকার জন্য ক্ষমা-টমা চাওয়ার প্রস্তুতি নিচ্ছে?,Positive
test_id_7737,শেষ লাইন দু'টি হতাশা থেকে না দুঃখের প্রলেপ দেওয়া হয়েছে?,Positive
test_id_7738,"ভয়হীন ক্রিকেট খেলেছেন, এজন্যই মানুষটাকে এতো ভালোবাসি।কি আক্রমনাত্মক ইনিংস, চোখের শান্তি।",Positive
test_id_7739,"একচুয়েলি, তামিম ইজ এ বস",Positive
test_id_7740,"তামিম ইকবাল ভাই, ধন্যবাদ দিতে পারে সোহান ভাইকে, এতো সুন্দর একটা মিসটেক করার জন্য।",Positive
test_id_7741,অসাধারন ব্যাটিংএমন তামিমকে নিউজিল্যান্ডে দেখতে চাই।,Positive
test_id_7742,আই লাভ ইউ ভাইএইটা কি খেলা দেখাইলা,Positive
test_id_7743,অভিনন্দন।এমন তামিমকেই জাতীয় দলে দেখতে চাই। কিসের,Positive
test_id_7744,এইরকম অ্যাক্রোব্যাটিক ফিল্ডিং আফ্রিকা এবং উইন্ডিজ করে থাকে বেশি।,Positive
test_id_7745,ওই ম্যাচের জন্যও মাশরাফিকে কিভাবে দোষারোপ করা সেটা খুঁজে বের করুণ।,Positive
test_id_7746,"উনি এখন ব্যস্ত স্লোগানবাজিতে তোমার নেতা আমার নেতা, মোর্তজা মোর্তজা",Positive
test_id_7747,সালাউদ্দিনের দল রিদওয়ান বিবেকের দল হেরে গেল,Positive
test_id_7748,আজ বাংলাদেশ হেরেছে কারণ হেটমায়ারের উইকেট আজকে মেহেদী না নিয়ে রুবেল নিয়েছে।,Positive
test_id_7749,এই পরাজয়টা নেহাতই অঘটন।,Positive
test_id_7750,বিবেক ভাই বাংলাদেশ হারারা অপেক্ষায় ছিল।দেশদ্রোহী।,Positive
test_id_7751,এরকম কিছুর একটা দরকার ছিলো,Positive
test_id_7752,ইন্সায়াল্লাহ। ভারত ও হেরেছে এদের কাছে গত মাসে। তাই বলে সিরিজ হারেনি।,Positive
test_id_7753,যে ক্যাচ ছাড়বেতাকে যদি এক ম্যাচ বসিয়ে রাখা হততাহলে ক্যাচ মিস অনেকটা কমে যেত।,Positive
test_id_7754,পাকিরা আজ খুব খুশি ।নিউজিল্যান্ডের কাছে হারার দুঃখ একটু হলেও কম হবে ।,Positive
test_id_7755,তার পরেও কিন্তু খেলাটা ছিলো চরোম বিনোদোন মূলক।।,Positive
test_id_7756,এমপি সাহেবকে সেরা খেলোয়াড়দের পুরস্কার দেয়া হোক,Positive
test_id_7757,খেলা নিয়ে আসলে রাজনীতি কারা করছে ?,Positive
test_id_7758,"আগের দিন ও কি একই কথা বলছিলেন, যখন ম্যাচ জিতেছিলো ?",Positive
test_id_7759,অভিনন্দন ওয়েস্ট ইন্ডিজকে।,Positive
test_id_7760,ক্যাচগুলো মিস না করলে হয়তো আজ আফসোস করতে হতো না! সিরিজ জিতব ইনশাল্লাহ।,Positive
test_id_7761,আজকে গ্যালারি থেকে,Positive
test_id_7762,ওনার মাথায় এখন কেবল ইলেকশন ঘুরছে ।,Positive
test_id_7763,প্রতিদিন জিতবে নাকি আজব,Positive
test_id_7764,লজ্জা করে যে নাম প্রকাশ করেন নাই এটাই দেশের মানুষের জন্য মঙ্গল !,Positive
test_id_7765,দেশকে বৃহৎ কিছু জেতাতে হলে,Positive
test_id_7766,তাতে অাতঙ্কিত হয়ে আরো বেশী ক্যাচ ছাড়তে পারে।,Positive
test_id_7767,একজন বাংলাদেশি হয়েই বলছি পূজারা একজন অসাধারণ ভদ্র ক্রিকেটার ।,Positive
test_id_7768,ভদ্র ক্রিকেটারের জন্য কোনো পুরস্কার নেই।,Positive
test_id_7769,সে শুধু অস্ট্রেলিয়াকে নত হতেই বাধ্য করেনি ভারতের জয়ের রাস্তাটাও পরিষ্কার করে দিয়েছে।’,Positive
test_id_7770,রাহুল দ্রাবিড় এর যোগ্য উত্তরসূরি,Positive
test_id_7771,কি বলতে চাইলেন বুঝলাম না।,Positive
test_id_7772,কিছু বাংলাদেশী ক্রিকেটারের জীবনে কেবল ২টি অবস্থান জিরো নয় হিরো!,Positive
test_id_7773,সরফরাজ আর হার্দিক এর মাঝে ব্যাবধান কোথায়?,Positive
test_id_7774,"আকজন বর্ণবাদী মন্তব্য করেছে, আরেকজন করেনি. এটাই তফাৎ.",Positive
test_id_7775,"ম্যাকগ্রাই সেরা, সে শচিন কেও ১১ বার আউট করছে আর এটাই সবচেয়ে বিখ্যাত ।",Positive
test_id_7776,মিরাজ ও হেটমায়ার এর রসায়ন টি২০ সিরিজেও আমরা দেখতে চাই।,Positive
test_id_7777,অবশ্যই ক্রিস্টিয়ানো রোনাল্ডো ব্রাজিলের রোনালদোর চেয়ে এগিয়ে। আমি ব্রাজিলের কট্ট্রর সমর্থক হয়েই এটা বলছি।,Positive
test_id_7778,"এখনো ফুটবল বলতে রোানলডোকেই বুঝি, রোনালদো বলতেও ফেনোমেনন রোনালদোকেই বুঝি",Positive
test_id_7779,খুব ভাল। শুভকামনা ডেম্বেলে শুভকামনা বার্সেলোনা।,Positive
test_id_7780,তাহলে তো ওকে আজই নিউজিল্যান্ডে পাঠিয়ে দিতে হয়,Positive
test_id_7781,কোহলি কে হিংসা হয় ?,Positive
test_id_7782,"খালি একটু সময় দেন, বারসা ফ্যান হয়েই বলছি ইউসিএল এ রিয়াল এইবারও কাপাবে",Positive
test_id_7783,কালকে সারা দুনিয়া চার ছক্কার ঝড় দেখেছে,Positive
test_id_7784,সব দেখেছিআহা কি রাত ছিল,Positive
test_id_7785,কালকের দিনটা বিশ্ব প্রেক্ষাপটেই একটি গুরুত্বপূর্ণ স্বরণীয় দিন হিসেবে লিপিবদ্ধ থাকবে।,Positive
test_id_7786,গতকাল ভারত-অষ্ট্রেলিয়া টি-টোয়েন্টি ম্যাচ দেখে অনেক ভালো লাগলো।।।,Positive
test_id_7787,"ওয়ানডে ম্যাচ খেলবে টি ২০ ভাবে, আর টেস্ট খেলবে ওয়ানডের মতো, খুবই ভালো",Positive
test_id_7788,সৌম্য কে ওয়ানডাউনে নামালে কায়েস ওপেন করালে ভালো হবে।,Positive
test_id_7789,এটা আমি ইমরুল বুঝাইতে চাইছি। তামিম- ইমরুল ওপেনে। ৩ এ সৌম্য।,Positive
test_id_7790,সৌম্য মানেই ২ ১ অথবা ৭ ২ কিংবা ১৫ ৩ ও হতে পারে।,Positive
test_id_7791,"তামিম ওপেন, সৌম্য তিন এ। লিটনের আপতত সুযোগ দেখি না।",Positive
test_id_7792,জনাব বাংলাদেশ ৩ জন পেসার নিয়া খেলার বিলাসিতা দেখাবে না এটা ১০০% সত্যি,Positive
test_id_7793,কারণ ইমরুল নিজের প্রাপ্তির চেয়ে দলের প্রয়োজনকে বড় করে দেখে।,Positive
test_id_7794,আশা করি আগামী দিনগুলোতে আরো ভালো খেলবে না এই প্রত্যাশা কামনা করি,Positive
test_id_7795,অনেক ধন্যবাদ এত সুন্দর খেলা উপহার দেয়ার জন্য,Positive
test_id_7796,তামিম পুরাই,Positive
test_id_7797,"তামিম শো দেখলাম, চমৎকার ব্যাটিং করেছেন।",Positive
test_id_7798,শামসুর রহমান শুভ আর সাইফুদ্দিনের কারণেই কুমিল্লার জেতা উচিত।,Positive
test_id_7799,বাংলাদেশের সাথে ভারত এর খেলা হলে ম্যাচ হলে জমবে। বাংলাদেশ সিরিজ জিতবে।,Positive
test_id_7800,আপনার নামের মতই হাস্যরস উৎপাদনকারী মন্তব্যটির জন্য ধন্যবাদ।,Positive
test_id_7801,ভারত এর আগেও  সালে অস্ট্রেলিয়া কে ওদের মাটিতে এিদেশীয় ওয়ান ডে সিরিজে হারিয়েছিল,Positive
test_id_7802,ধুর - ধোনি শুন্য রানে আউট হলে ভারত আরও অনেক আগেই জিতে যেত।,Positive
test_id_7803,টাইগার বাহিনী এই অস্ট্রেলিয়ার বিরুদ্ধে ৩০ ওভারে খেলা জিতে যেত।,Positive
test_id_7804,"দারুন, অভিনন্দন ভারত, অভিনন্দন ধোনি। সাবাস।",Positive
test_id_7805,অস্ট্রেলা সফরে কোন সিরিজই হারেনি ভারত আর অস্ট্রেলাও কোন সিরিজ জেতেনি,Positive
test_id_7806,ধোনির ফিনিসিং আর হাইপার টেনসন সমার্থক। অভিনন্দন টিম ইন্ডিয়া,Positive
test_id_7807,"অভিনন্দন ভারত, তোমরা প্রমাণ করলে তোমরাই পৃথিবীর সেরা দল।",Positive
test_id_7808,অভিনন্দন ক্যাপ্টেন কোহলিঅভিনন্দন ফিনিসার ধোনিঅভিনন্দন সিরিজ জয়ী ভারতকে।,Positive
test_id_7809,আমার বক্তব্য পোস্ট না করার কারনটা ঠিক কি?,Positive
test_id_7810,ভারতের খেলাটাই এমন যে নিখাদ ভারতবিদ্বেষীরাও ভারতের খেলা না দেখে থাকতে পারে না!,Positive
test_id_7811,অভিনন্দন,Positive
test_id_7812,অভিনন্দন ভারতীয় ক্রিকেট দলকে ।,Positive
test_id_7813,ধোনি সে তো ক্রিকেটের,Positive
test_id_7814,সম্ভব । তবে জোর হোকা হুকি করতে হবে ।,Positive
test_id_7815,টাইগাররা ৩০০+ (৩২১) করে আরেকটা জয়ের রেকর্ড করবে ইনশা-আল্লাহ।,Positive
test_id_7816,খেলা হলে কাল চা বিরতির আগেই ফলাফল এসে যাবে।,Positive
test_id_7817,অতীত রেকর্ড ও এই টেস্টের পরিস্থিতি বিবেচনায় বাংলাদেশ হারতে যাচ্ছে [আমি চাই বাংলাদেশ জিতুক],Positive
test_id_7818,আজ জিতে বাংলাদেশ রেকর্ড করবে।বাংলাদেশের জয় আর দেওয়ালি একসাথে পালন করবো ।,Positive
test_id_7819,"কিছুই অসম্ভব নয় ।ভরসা রাখুন, বাংলাদেশ ঠিক জিতবে ।",Positive
test_id_7820,ফ্লিপ ফ্লপ দলের কাছে সম্ভব বা অসম্ভব বলে কিছুই নেই ।,Positive
test_id_7821,আগে যেহেতু আমরা হোয়াইটওয়াশ করতে পেরেছি ইনশাল্লাহ এবারও পারব,Positive
test_id_7822,"অধীর আগ্রহে বসে রইলাম,",Positive
test_id_7823,বাংলাদেশের পক্ষ থেকে একটা ধবল ধোলাই এর অপেক্ষায় রইলাম।,Positive
test_id_7824,শর্ট বল খেল প্রতিদিন ৮ ঘন্টা করে,Positive
test_id_7825,"মধ্যমণি কেন করবে? লিভারপুলের আছেনা সালাহ, ফিরমিনো, মানে!",Positive
test_id_7826,আমি বাঙালি হিসাবে অকৃতজ্ঞ নই।রমন লাম্বা ভাইয়ের প্রতি রইল সহমর্মিতা।,Positive
test_id_7827,গত ১১ মাসে যেকোনো পর্যায়ের ক্রিকেটেই মাত্র একটি ম্যাচ খেলার সুযোগ পেয়েছেন জুবায়ের।,Positive
test_id_7828,বিদেশী কোচ ও খোলোয়াড়দের কাছ থেকে ভাল কিছু শিখতে পারাটাও বিপিএলের অন্যতম লক্ষ্য।,Positive
test_id_7829,"বলেন কি, যেখানে যাবে সেখানেই নানা কিসিমের কেলেংকারী! ইমরান হওয়া মাসরাফির সাধ্য নয়",Positive
test_id_7830,সাহসের ভয়ে বিম্পিই জামাত ছাড়তে পারলোনা তারা নাকি আবার ৯৫%,Positive
test_id_7831,আপনি ইমরান হতে পারলেই তো,Positive
test_id_7832,ইমরান এর মতো চরিত্রহীন ও লম্পট হওয়া মাশরাফির পক্ষে সম্ভব নয়।,Positive
test_id_7833,লেজুড়বৃত্তি আর ক্ষমতার লোভ - সাহস থাকলে স্বতন্ত্র হিসেবে দাঁড়ান,Positive
test_id_7834,মাশরাফিকে নিয়ে আমি আশাবাদী । আশা করি তিনি আমদের আশাহত করবেন না ।,Positive
test_id_7835,ভাইরে এত লোভ! ১৬ কোটি মানুষের ভালোবাসার চেয়ে এমপি হবার খায়েশ টা বড় হয়ে গেলো,Positive
test_id_7836,ব্যাক্তিত্ব সম্পন্ন লোকমাত্রই আওয়ামী লীগের সাথে থাকে।,Positive
test_id_7837,উন্নায়নের জন্য সরকারের এমপি হওয়ার কোন প্রয়োজনতা দেখিনা । চাইলে নিজস্ব উদ্যেগে এলাকার উন্নায়ন সম্ভব।,Positive
test_id_7838,"তাই, মনে হই ৫০ কোটি টাকা ব্যয় করে ফেলেছেন এলাকাতে।",Positive
test_id_7839,হুম পারত যদি আপনার মত একজন ভাল মাপের ব্যাটসম্যান দলে থাকে,Positive
test_id_7840,অতি- আর পাখির গননার ফলাফল দেখার অপেক্ষায় রইলাম,Positive
test_id_7841,"নাগীন ড্যান্স উৎযাপন মাত্র, খেলায় একেক জনের উৎযাপন একেক রকম।",Positive
test_id_7842,উইন্ডিজ'রা জয়ের পর গ্যাংনাম ড্যান্স করলে এমন হয় না কেন? সেটা আন্তর্জাতিকভাবে স্বীকৃত বলে,Positive
test_id_7843,"আমরা এমন রেসারেসি চাই না, সবার সাথে বন্ধুত্ব পূর্ণ সম্পর্ক চাই।",Positive
test_id_7844,খেলাধুলায় ভ্রাতৃত্ববোধ থাকা প্রয়োজন। রেষারেষি নয়।,Positive
test_id_7845,শিশুসুলভ নাগীন ড্যান্স বন্ধ হওয়া দরকার।,Positive
test_id_7846,নাজমুলের প্রতিটি উদযাপন অশোভন এবং বাংলাদেশী সংস্কৃতির লংঘন। ক্রিকেটের উন্নতির,Positive
test_id_7847,আমরা পাকিস্তান ইন্ডিয়াকে হারালেও সমান তৃপ্তি পায়।,Positive
test_id_7848,তবুও পাকিস্তানের চেয়ে অনেক বেশি ধারাবাহিক।,Positive
test_id_7849,"লা লিগা, বুন্দেস লিগা, সিরি আ, এর মতো বৈশ্বিক লিগ চালু করুণ আরো জনপ্রিয়তা পাবে।",Positive
test_id_7850,আইসিসি সভাপতি যথার্থই বলেছেন!,Positive
test_id_7851,তাইজুল থেকে মোশাররফকে নেয়াই ঠিক হইবে।চানস দেয়া দরকার,Positive
test_id_7852,সেই বিপিএল থেকে মোশাররফ আমি বিরাট ফান। তাইজুল থেকে মোশাররফকে নেয়াই ঠিক হইবে।,Positive
test_id_7853,"মোশারফই ভালো হবে। তাইজুলও ভালো, তবে মোশারফই এগিয়ে।",Positive
test_id_7854,তাইজুলই ভালো। আর একটা ম্যাচে খারাপ তো হতেই পারে।,Positive
test_id_7855,আর্জেন্টিনা এবারো ডেথ গ্রুপে।,Positive
test_id_7856,"ব্রাজিল, আর্জেন্টিনা, ফ্রান্স আর জার্মানি   একটু ওলট পালট হলেই ২য় রাউন্ডে দেখা হয়ে যাবে।",Positive
test_id_7857,স্টার স্পোর্টসেও এশিয়া কাপ সম্প্রচার হয়।,Positive
test_id_7858,মালিঙ্গা না থাকলে আজকের ম্যাচে আফগানিস্তানই ফেভারিট ছিল,Positive
test_id_7859,গত ৩ মৌসুমের পুনরাবৃতি। এ আর নতুন কি।,Positive
test_id_7860,রুবেল মেন্ অফ দা ম্যাচ - এতে রুবেল খুবই হ্যাপি !,Positive
test_id_7861,এবারের অ্যাসেজ অস্ট্রেলিয়ার জন্য অবদারিতই মনে হচ্ছে,Positive
test_id_7862,বাংলাদেশের ক্রিকেটের প্রতিবেদনের থেকে এদের নিয়ে করা প্রতিবেদনগুলো পড়তে বেশি ভালো লাগে।,Positive
test_id_7863,এমবাপ্পের বেতন বাড়ানো উচিত।,Positive
test_id_7864,এমবাপ্পে নিজের দেশের ক্লাবে খেলতে পারছেন এটা কম সৌভাগ্যের কথা নয়!,Positive
test_id_7865,বস যেনো,Positive
test_id_7866,বাস্তবের সুপার ম্যান সাস্থ সচেতন মানুষের আদর্শ।,Positive
test_id_7867,তাঁর শারীরিক গঠন ২০ বছর বয়সী তরুণদের মতো আহা,Positive
test_id_7868,কি অদ্ভুত মিল! শিহরণ বয়ে যাচ্ছে আমার সারা দেহে আজকে রাত্রে আর ঘুম হবে না!,Positive
test_id_7869,স্বপ্নের সেরা প্লেয়ার রিয়াদ,Positive
test_id_7870,"বাংলাদেশের প্রত্যেক খেলোয়াড় দুই অংকের করেছেন, যা টেস্ট ক্রিকেটের ইতিহাসে ১৪তম ঘটনা।",Positive
test_id_7871,কি ভাবে হারবে যদি একটু বুঝিয়ে বলতেন জনাব!,Positive
test_id_7872,অস্ট্রেলিয়া ৩৯৯ করলেই জিতবে,Positive
test_id_7873,হাহাহাজোকস অফ দ্য ইয়ার,Positive
test_id_7874,মনে হচ্ছে আশে পাশে কিছু পুরছে,Positive
test_id_7875,"জুনায়েদ সিদ্দিকীও তো ভাল খেলেছে, তামিমের মতই কিন্ত, তাঁকে নিয়ে আলাদাভাবে কোনো প্রতিবেদন দেখলাম না",Positive
test_id_7876,এ আর নতুন কি বরং সৌম্য দীর্ঘসময় ব্যাটিং করাটাই অস্বাভাবিক।,Positive
test_id_7877,টেস্ট ক্রিকেটে বোলিংয়ের এই দৈন্যদশা কি আদৌ কোনদিন কাটবে ?,Positive
test_id_7878,সৌম্যর অসহযোগিতায় ইবাদত লাথামকে ০ ২ রানে আউট করতে পারেন নি।,Positive
test_id_7879,"হতাশার কিছু নেই, ভালো করতে হবে এই",Positive
test_id_7880,"এতই যদি বুঝেন, তাহলে বলে ফেলুন লা লীগা চ্যাম্পিয়ন হবে কোন দল",Positive
test_id_7881,"মেসি ১০০ গোল? রোনালদো তো কাল হ্যটট্রিক করেছে, রিয়াল ১০-০তে জিতেছে।",Positive
test_id_7882,মেসির ফুটবল দেখা চোখের জন্য শান্তির। আর খেলায় জয় পরাজয় ড্র এসব থাকবেই।,Positive
test_id_7883,ওই গোল অফসআইড হলে ওইটা অজুহাত বলা জেত না। কিন্ত অফসআইডযেহেতু ছিলনা এটা অজুহাতই,Positive
test_id_7884,"বিশ্বকাপের গ্রুপিং হয়ে গেছে, তাই নামী খেলোয়াড়রাও টেনশনে পড়ে গেছে।",Positive
test_id_7885,অফসাইড কোনো অযুহাত যখন সেটা অফসাইডে না থেকেও দেখা লাগে।,Positive
test_id_7886,"শিরোপা এবার বার্সা নিবে, রিয়াল এতো পিছনে থেকে শিরোপা জয় করা সহজ নয়।",Positive
test_id_7887,"সুয়ারেজ অফসাইড ছিল না, পরিস্কার গোল ছিল।",Positive
test_id_7888,ঠিক বলেছেন। ভাষ্যকার যেখানে নিরোপেক্ষ ভূমিকা পালন করলো,Positive
test_id_7889,আবারও মেসিকে ছাপিয়ে শিরোনাম।,Positive
test_id_7890,"অফসাইড তো ছিলো না, ওটা তো অজুহাতই ছিলো।",Positive
test_id_7891,"মিরাজ, ইংরেজিটা শিখে নাও বাবা। রিয়াদকে দেখো, সে কি দ্রুত ইংরেজিতে দক্ষ হয়েছে। তুমিও পারবে।",Positive
test_id_7892,ইবাদতের বলে গতি আছে।আশা করি নিউজিল্যান্ডে সে ভাল করবে।,Positive
test_id_7893,ভালো হয়েছে। পেস ডিপার্টমেন্টে মাশরাফির চেয়ে অনেক ভালো পেসার আছে বর্তমানে।,Positive
test_id_7894,নতুন লাল বলে খালেদ ইবাদত জুটি কার্যকর হবে।,Positive
test_id_7895,আবু জায়েদ ভালো চয়ে হতো।,Positive
test_id_7896,আশায় থাকলাম ভাল কিছু হবে বলেই আশা রাখতেছি,Positive
test_id_7897,ঢাকা আবাহনী ক্লাবএ আস।,Positive
test_id_7898,"আশা করছি, সিরিজটি খুব প্রতিদ্বন্দ্বিতাপূর্ন হবে।",Positive
test_id_7899,এশলে নার্স কে সুযোগ দেয়া উচিত ছিল।,Positive
test_id_7900,ভাই ভোট টোট বাদ দেন চলেন আমরা ক্রিকেট খেলা দেখি।,Positive
test_id_7901,লাম ইউ ব্রো. তুমি আর  বছর খেলা চালিয়ে যেতে পার সেই প্রার্থনা করছি.,Positive
test_id_7902,অনেক অভিনন্দন কিংবদন্তী ক্রিকেটার সাকিব আল হাসানকে বই লিখার জন্যে।,Positive
test_id_7903,আসলেই সাকিব আল হাসান সবই পারে।।,Positive
test_id_7904,"বাংলাদেশের পক্ষে গেলে ঠিক আছে, বিপক্ষে গেলে ভারতের চক্রান্ত",Positive
test_id_7905,কিন্তু এক্ষেত্রে ফেয়ারপ্লে হল না,Positive
test_id_7906,"লিটন দাস নট আউট ছিল, মনে পড়ে?",Positive
test_id_7907,যখন ব্যাপারটা বাংলাদেশ বুঝতে পেরেছিল যে ভুল তাদের তখন আউটটা ফিরিয়ে নেওয়া উচিৎ ছিলো।,Positive
test_id_7908,খেলায় ভালো করতে না পেরে ছোটখাটো বিষয় নিয়ে সীন ক্রিয়েট করতে চাচ্ছিল ব্রাফেট ভাই,Positive
test_id_7909,ইংরেজিতে শুদ্ধভাবে লিখতে না পারলে কি বাংলায় লিখাই বাঞ্চনীয় নয়?,Positive
test_id_7910,আউট বলে যখন বার্সা গোল করে তখন কই থাকে এসব নীতিবাক্য? লজ্জা!,Positive
test_id_7911,আবারও রেফারির পক্ষপাতদুস্ট সিদ্ধান্তের পুরোপুরি ফায়দা নিলো বার্সা!,Positive
test_id_7912,পেলে স্বীকার করলেও কি ভক্তরা কি আর তা মানে না?,Positive
test_id_7913,মাঠে গড়াগড়ি দেওয়া বন্ধ করো নেইমারমাঠে গড়াগড়ি দেওয়া বন্ধ করো নেইমার,Positive
test_id_7914,"জয়সুরিয়া অনেকদিন ধরে ম্যাচ গড়পেটার সঙ্গে জড়িত, আমিরশাহীতে সে দাউদ ইব্রাহীমের দেওয়া ফেরারী চালায়",Positive
test_id_7915,ভারত-পাকিস্তানের ক্রিকেটের মত আর কি।,Positive
test_id_7916,রোনালদো–মেসি–হীন এল ক্লাসিকো আর পানি ছাড়া মাছ একই।,Positive
test_id_7917,এই তথ্যের পর বোর্ডের উচিৎ পেরেজকে বহিষ্কার করা।সে থাকলে রিয়ালের ভবিষ্যৎ অন্ধকার।,Positive
test_id_7918,অমন সব মুহূর্ত থেকে তাঁদের বঞ্চিত করেছেন ক্লাবের সভাপতিই। সত্যিই তাই,Positive
test_id_7919,মেহেদী মারুফ ছেলেটা অসাধারণ প্রতিভাধর একজন মারকুটে ব্যাটসম্যান। তার সঠিক পরিচর্যা প্রয়োজন।,Positive
test_id_7920,দারুন মন্তব্যটি নাম প্রকাশ করে করলেই পারতেন।,Positive
test_id_7921,মিস ইউ লিও। লাভ ইউ এ লট।,Positive
test_id_7922,.(ভাষায় প্রকাশের অযোগ্য) এটা দেখার পর কি যে হাসলাম। এত লজ্জা কিসের ভাই।,Positive
test_id_7923,ভারতীয় ক্রিকেটাররা ভালো ক্রিকেট খেলতে পারে কিন্তু আচার আচরণ এর দিক দিয়ে তারা অনেক নিম্নমানের।,Positive
test_id_7924,রবি শাস্ত্রীর থেকে এটাই প্রত্যাশিত।,Positive
test_id_7925,রহিমভের এক অনন্য কীর্তি আছে ঢাকা লীগে । উনি হ্যাটট্রিকের হ্যাটট্রিক করেছিলেন।,Positive
test_id_7926,জ্বী জনাব আমিও আপনার মতো ১৭ বছরের পুরনো স্মৃতি হাতড়ালা,Positive
test_id_7927,সাধারণ ভাবেই মনে হচ্ছে এটা ইচ্ছা করে করা।,Positive
test_id_7928,এগুলো নতুন নয় পূর্বেও এরকম পালিয়েছে।,Positive
test_id_7929,আমার কাছে তো মনে হচ্ছে নিশ্চিত পালিয়ে গেছে সে।,Positive
test_id_7930,আহারে টাইগারদের নিজ জঙ্গলে বিড়ালে রূপান্তর হওয়ার কাহিনী কিন্তু বেশি িন আগের নয়!,Positive
test_id_7931,কি খুশি মার খেতে হবেনা জেনে ।,Positive
test_id_7932,তাই যাবে মনে হয়.তবে শ্রীলংকা থেকে ৫০০০ কিলোমিটার দূরে,Positive
test_id_7933,কোনও সমস্যা নাই,Positive
test_id_7934,টাইগারদের নাম শুনে কাপা কাপি শুরু হয়ে গেছে ভারতের,Positive
test_id_7935,বাংলাদেশে জম্মে যারা এদেশের পরাজয় কামনা করে তারাই নব্য রাজাকার।,Positive
test_id_7936,মনে হয় আলিম দার আর ইয়ান ফণ্ট থাকবেনা ! তাই সে আগে ভাগেই,Positive
test_id_7937,সে ত আপনার হাসি দেখেই বুঝতে পারছি,Positive
test_id_7938,কোহলির এই ফাকে হানিমুনে যেতে পারে,Positive
test_id_7939,"হেসেই চলেছে দেখি, মার খেতে এত ভয় ?",Positive
test_id_7940,"অনেক বাংলাদেশী ভারতীয় ক্রিকেট এর সমর্থক, তারাই নাম গোপন করে মন্তব্য করে ।",Positive
test_id_7941,সাব্বির রহমানকে বহিস্কার করা হোক।,Positive
test_id_7942,কে বলে সাব্বিরের রিপ্লেসমেন্ট নেই? আমি নিশ্চিত আরিফুলকে সাব্বিরের জায়গায় খেলালে দল ভাল করবে,Positive
test_id_7943,নান্নু যে পর্যন্ত আছে সে পর্যন্ত আমাদের চিন্তা নাই!,Positive
test_id_7944,মুমিনুলকে দ্বাদশ খেলোয়াড় হিসেবে রাখা উচিত সব ফরমেটেই।,Positive
test_id_7945,সেলুকাস ভালো উত্তর দিতে পারতো,Positive
test_id_7946,সবই নান্নুর দয়া আর গতিদানবের মায়া।,Positive
test_id_7947,তাঁরা জাতির জন্য অনেক করেছে অথচ আমরা তাদের সামান্য স্বীকৃতিটুকু দিতে পারিনি !,Positive
test_id_7948,"কোচকে হতে হবে খেলোয়াড়বান্ধব, কিন্তু বিসিবির কর্তাবান্ধব নয়।",Positive
test_id_7949,হা!,Positive
test_id_7950,"ভাই বলে দেন, উনি আওয়ামীলীগ আম্পায়ার।",Positive
test_id_7951,সহমত! অত্যন্ত চমৎকার লিখেছেন ভাই।,Positive
test_id_7952,বিপিএলের ভুলটা কি করে ছিলো?,Positive
test_id_7953,তারে দেখলেই মনে হয় কেমন জানি সটফট করে,Positive
test_id_7954,ক্রিকেটের নিয়ম আম্পায়ারদেরই বেশী ঠোটস্থ থাকা উচিত। আরও পড়াশোনা করা লাগবে উনার।,Positive
test_id_7955,যে কোন দেশের ক্ষেত্রে নিজ দেশীয় আম্পায়ারকে না রাখার জন্য আইসিসিকে বিনীত অনুরোধ,Positive
test_id_7956,"কেনো ভাই । বিপদের সময়ে যে পাশে থাকে, সেই তো প্রকৃত বন্ধু ।",Positive
test_id_7957,বাংলাদেশ আর ভারতের ভিতর আর পার্থক্য রইল কি?,Positive
test_id_7958,ধন্যবাদ আপনাকে। সংশোধন করা হয়েছে।,Positive
test_id_7959,ম্যাক্সি লোপেজের ভাগ্য ভালো।।।।,Positive
test_id_7960,চীনা টিমে বয়স্ক প্লেয়ার ছিল। এ গুলো কে দেখে??,Positive
test_id_7961,এটাই বাংলাদেশ অনুর্ধ ১৬ মহিলা দলের এ যাবৎ কালের সবচেয়ে সেরা পারফরমেন্স।,Positive
test_id_7962,"নতুন খেলোয়াড় আর ছোট দলের উত্থান, বড় দলের পতন - এই সবই বিশ্বকাপের আকর্ষণ",Positive
test_id_7963,শ্রীলংকা ১১ নম্বরে যাবে।,Positive
test_id_7964,"সত্যিকারের একটি ভালো সিদ্ধান্ত, ভালো লাগল এবং শুভকামনা রইল ।",Positive
test_id_7965,"শুভ কামনা রইল গেইল, স্যামি, পোলাডদের জন্য।",Positive
test_id_7966,দেশের ফুটবলের স্বার্থে মোহামেডানের ভাল দল গঠন করা খুবই প্রয়োজন।,Positive
test_id_7967,ফাটিয়ে দিয়েছেন বস!,Positive
test_id_7968,এদের চেয়ে দুই বছরের আলী অনেক ভালো স্টোক পারে,Positive
test_id_7969,কোন কিশোরকে তাদের সামনে এনে দেন দেখবেন হাতুড়ি কাকে বলে।,Positive
test_id_7970,ছোট যুদ্ধে বড় শক্তি ব্যবহার করে বার্সা। আর বড় যুদ্ধে পাত্তাও পায় না।,Positive
test_id_7971,চ্যাম্পিয়ন্স লীগে বার্সার অবস্থানের থেকে একটু উপরে লা লিগাতে রিয়ালের অবস্থান।,Positive
test_id_7972,লা-লিগায় রিয়ালের অবস্থান কত,Positive
test_id_7973,মেসিই বার্সার নেতা। তাকে আগেই নামালে বার্সা সহজেই জিতে যেত,Positive
test_id_7974,বাংলাদেশের জন্য ভলো খেলা প্রত্যাশা করছি মতিনের কাছ থেকে।,Positive
test_id_7975,অকৃত্তিম ভালোবাসার মায়েরা এমনি হয়।,Positive
test_id_7976,সফলতার জন্য মায়েদের উৎসাহের বিকল্প নেই,Positive
test_id_7977,সাকিব,Positive
test_id_7978,সব ফরম্যাটে এখন কে সেরা অলরাউন্ডার বলতে পারেন? আবার বলেন না যে সাকিবই আছে?,Positive
test_id_7979,সাকিবকে নিয়ে বারবার গর্ব করতে পারাও ভীষণ গর্বের।,Positive
test_id_7980,শিশিরও বড় প্রভাবক হয়ে উঠেছিল,Positive
test_id_7981,ওপেন করলে সেঞ্চুরি হয়ে যেত বলে মনে করি।,Positive
test_id_7982,সাকিব আমাদের অহংকার।,Positive
test_id_7983,ক্লপের চেয়ে মরিনহো অনেক ভালো কোচ ।,Positive
test_id_7984,মিরাজ দেখি ফিফটিও মারে ! তাসকিন রান করতে পারে,Positive
test_id_7985,আন্তর্জাতিক খেলোয়াড়ের ওপর চাপ না থাকলে সে খেলোয়াড় হতে পারে না। দারুন বলেছেন।,Positive
test_id_7986,"ইংল্যান্ড এ বিদ্ধস্থ হলেন, এই সংশয় তো বললেন না।এবার এশিয়া কাপ বাংলাদেশ জিতবে ইনশাল্লাহ।",Positive
test_id_7987,এবার এশিয়া কাপ বাংলাদেশ জিতবে ইনশাল্লাহ।,Positive
test_id_7988,এটা অভিশাপ নেইমার,Positive
test_id_7989,"গড়াগড়ি ম্যানের গড়াগড়ির অভাব ছিল, তাই এই ফলাফল",Positive
test_id_7990,কোনো পয়েন্ট না নিয়ে পয়েন্ট টেবিলের তলানিতে আছে পিএসজি। অথচ গ্রুপ সি-তে তারাই কিনা ‘ফেবারিট’!,Positive
test_id_7991,"আশাকরি দীর্ঘদিন বাংলাদেশ দলকে সার্ভিস দিবে, তোমার হাত ধরে শক্ত, বাংলাদেশ ক্রিকেটের দ্বিতীয় প্রজন্ম।",Positive
test_id_7992,অভিনন্দন অশ্বিন। তুমি পৃথিবীর গর্ব।,Positive
test_id_7993,অশ্বিনের জন্য শুভ কামনা রইলো!,Positive
test_id_7994,এখানে বোধহয় সাব্বির সাহেব কে ইঙ্গিত করা হয়েছে। দেখা যাক তিনি গরীবের টেন্ডুল্কার হন কিনা,Positive
test_id_7995,সাব্বির একদিন অনেক বড় প্লেয়ার হয়ে উঠবে।,Positive
test_id_7996,"আর একটা কথা, ফুল না ফুটলেও বসন্তের ঝন ঝনানি কাটান প্লিজ!",Positive
test_id_7997,এই আশায় নাকে তেল দিয়ে ঘুমাই থাকেন।,Positive
test_id_7998,ইনশাআল্লাহ সাব্বিরও একদিন ভালো ব্যাটসম্যান হবে।,Positive
test_id_7999,জয় সাব্বিরের শতকের জয় । ৫১তম ইনিংসে এসে ওয়ানডে সেঞ্চুরি পাওয়া সাব্বিরের জয় ।,Positive
test_id_8000,"একই নিউজের মধ্যে এক জায়গায় 'নিমরত' অন্য খানে 'নিমরাত', একবার 'কাউর' আরেকবার 'কৌর'!",Positive
test_id_8001,"মাশরাফি মাশরাফিই, তার তুলনা নিজেই।",Positive
test_id_8002,মিরস্লাভ ক্লোসে কিন্তু বিশ্বকাপ সহ অনেক আন্তর্জাতিক শিরোপার অধিকারী ।,Positive
test_id_8003,মিরোস্লাভ ক্লোসার মতো বয়স হলেও ফর্ম ধরে রাখা।,Positive
test_id_8004,ক্ষমতাসীন দলের এমপি ক্যারিয়ার সেরা বোলিং হবেনাতো কিহবে????,Positive
test_id_8005,মহেন্দ্র সিং ধোনি দশ হাজার রান করেছেন? আমার জানা মতে ধোনির রান +,Positive
test_id_8006,"কেউ কোহলিকে ভালো বলবে না? তামিম তাহলে 'কেউ' না, বলুন?",Positive
test_id_8007,আজ ইন্ডিয়ার হার কেউ আটকাতে পারবে না ।,Positive
test_id_8008,যতদিন যাচ্ছে কোহলি আরো ভয়ঙ্কর হয়ে উঠছে । সচীনকে ধরতে বেশি সময় লাগবে না,Positive
test_id_8009,অভিনন্দন লুঙ্গিকে জোকস বলে বিনোদন দেওয়ার জন্য।,Positive
test_id_8010,আল্লাহ আপনার হেদায়েত দান করুক।,Positive
test_id_8011,নিজের নিরেট মাথাটাকেও অভিনন্দন দিন প্লিজ ।,Positive
test_id_8012,"আটকে গেছে, সবসময় ভুল বকছো মাথাটা একটু দেখিও।",Positive
test_id_8013,তুমি সবার সেরা ক্রিকেটের ইতিহাসে তোমার মতো কেউ কখনো আসেনি,Positive
test_id_8014,বড়দের মত কিভাবে দাদা? যেমনটা ভারত খেলে?,Positive
test_id_8015,"সর্বকালের সর্বশ্রেষ্ঠ ফুটবলার ক্রিশ্চিয়ানো রোনালদোর জন্ন্যে প্রাণঢালা অভিনন্দন, শ্রদ্ধা ও ভালবাসা।",Positive
test_id_8016,তাহলে কে বিশ্বের সেরা খেলোয়ার ব্রো?,Positive
test_id_8017,রিয়াল এই টাইপ খেলা শেষ কবে খেলেছিল এটা আপনিও বিস্মৃত।ভালো খেললে অবশ্যই পত্রিকাই আসবে।,Positive
test_id_8018,"রিয়াল মাদ্রিদের এমন পার্ফর্মেন্স নিয়মিত দেখা যাবে, যদি ইসকোকে বাদ দিয়ে একাদশ সাজানো হয় !",Positive
test_id_8019,এত সুন্দর কমেন্টের জন্য ধন্যবাদ তোমাকে।,Positive
test_id_8020,রোনালদোর এক জীবন্ত ফুটবল শাসকের নাম সর্বকালের সর্বশ্রেষ্ঠ ফুটবল শাসককে অভিনন্দন,Positive
test_id_8021,এখন হেটার্সরা বলবে সেভিয়া ছোট দল,Positive
test_id_8022,পেলে ম্যারাডোনাকে আপনার কি মনে হয়?,Positive
test_id_8023,অবিশ্বাস্য! দুর্দান্ত অভাবনীয়সেরা খেলোয়ার+সেরা ক্লাব =৫তম ব্যালন ডি আর এর উৎযাপনে ৫টি গোল,Positive
test_id_8024,ইতিহাস যেমন রিয়ালের হয়ে কথা বলে তেমনি রোনালদোর হয়েও কথা বলে ।,Positive
test_id_8025,ইস্কোকে যেন আর দেখতে না হয় রিয়েলে।,Positive
test_id_8026,কিছু ক্রেজি মেসি সাপোর্টার্স ছাড়া সারা বিশ্ব মেনে নিয়েছে রোনালদোইই সর্বকালের সর্বশ্রেষ্ঠ ফুটবলার।,Positive
test_id_8027,"ভাল, এমন ঐতিহ্য যা স্বাচছন্দের পরিপন্থি তা বদলে নেওয়াই উত্তম।",Positive
test_id_8028,অনেক দিন পর জয়অনেক প্রতিক্ষার।,Positive
test_id_8029,"সে ম্যাকগ্রা হতে পারবে না বলে দিয়েছে, এখন আলী আসগর লবি হওয়ার লক্ষ্য ঠিক করেছে।",Positive
test_id_8030,রাজাকার পরাজিত হবে জয় বাংলায়,Positive
test_id_8031,আমিও নাই।,Positive
test_id_8032,"ভোট কেন্দ্রে ভোটারের উপস্থিতি, বদলে দেবে সব পরিস্থিতি",Positive
test_id_8033,৯৫% কোথায়?,Positive
test_id_8034,এজেন্ট সারাই ভোট হোক,Positive
test_id_8035,"নিশ্চিত ভাবে ভোটারের উপস্থিতি আবারো প্রমান করবে, জনগন মুক্তিযুদ্ধের পক্ষে।",Positive
test_id_8036,পৃথিবীর শ্রেষ্ঠ গণতন্ত্রের উদাহরণ এখন বাংলাদেশ,Positive
test_id_8037,"সাধারণ মানুষ ভোট দিতে যাবে, আওয়ামীলীগের মার খেতে নয়।",Positive
test_id_8038,পলাতক কেন? এরা কি অপরাধ করেছে?,Positive
test_id_8039,রাজনীতির এই অসুস্থ চর্চার খবর পড়া কবে বন্ধ হবে?,Positive
test_id_8040,"আসিফ নজরুল, আলী রিয়াজদের সাথে যোগাযোগ করুন। সমস্যার সমাধান হয়ে যাবে।",Positive
test_id_8041,গনতন্ত্রের রোল মডেল,Positive
test_id_8042,জীবন বাঁচাতে মুক্তিযুদ্ধের সময় অনেকেই ভারতে আশ্রয় নিয়েছিল ।,Positive
test_id_8043,যে রোগের যে ঔষধ।,Positive
test_id_8044,কাপুরুষ তারা যারা ভোটকে ভয় পায়।,Positive
test_id_8045,৯৫% সমর্থক যে দলের তাদের এজেন্ট পাওয়া একটু কঠিনই হবে।,Positive
test_id_8046,৭১ এবং ৭৫ এ পাকি দালাল আর খুনীদের কোন জায়গা জয় বাংলায় নাই,Positive
test_id_8047,একাত্তর পরবর্তী সময়ে কখনো কি এমন হয়েছে?,Positive
test_id_8048,এবং জিয়াউর রহমানরাই রুখে দাড়িয়ে ছিল ৭১ এ!,Positive
test_id_8049,"রাত যত গভীর হয়, ভোর তত কাছে আসে।",Positive
test_id_8050,সত্য বলার জন্য ধন্যবাদ,Positive
test_id_8051,ইসির একমাত্র হেডামওয়ালা ব্যক্তি। জাতি আপনাকে মনে রাখবে। স্যালুট।,Positive
test_id_8052,আপনার সততা ও সাহসিকতার পুরস্কার আপনি পাবেন। আশা করি জনগণ এর সুফল ভোগ করবে।,Positive
test_id_8053,বিদেশ কবে যাচ্ছেন ?,Positive
test_id_8054,দলবাজ নির্বাচন কমিশনে একজন মাহবুব তালুকদারই এখন আশার প্রতীক।,Positive
test_id_8055,আপনার কথায় যুক্তি আছে,Positive
test_id_8056,যাক একজন নির্বাচন কমিশনার পাওয়া গেলো যার মেরুদন্ড আছে। সেলুট।,Positive
test_id_8057,যা হোক বিএনপি অভিযোগ করে আসছিল । তা আজ নির্বাচন কমিশন স্বীকার করল,Positive
test_id_8058,এক যুগে এক জন সত্য বাদী মানুষ পেলাম,Positive
test_id_8059,স্যালুট স্যার। অন্তত একজন সৎ ও সাহসী লোক ইসিতে আছে।,Positive
test_id_8060,"মাহবুব, তাইলে ব্যার্থতায় দায়ভার নিয়ে পদত্যাগ করুন",Positive
test_id_8061,অধিক উপস্থিতির হারই এখন একমাত্র হাতিয়ার। সঠিক বলেছেন।,Positive
test_id_8062,"যাক অন্তত একজন প্রত্যক্ষদর্শীর স্বাক্ষ্য বাড়লো, ইতিহাসে থাকবে আপনার নাম ও অবস্থান, আশা করি",Positive
test_id_8063,ধন্যবাদ সত্য বলার জন্য।,Positive
test_id_8064,লেভেল প্লেইং ফিল্ড না থাকলে এখনো ইসিতে বসে আছেন কিভাবে?,Positive
test_id_8065,দেশে যদি চলে,Positive
test_id_8066,তবে ব্যাক লেবেল বলে আছে।,Positive
test_id_8067,অন্যায় সহ্য করার সীমা উনি অতিক্রম করেছেন । তাই এখন বোধ উদয় হয়েছে ।,Positive
test_id_8068,এবার নির্বাচনে বিশ্ব রেকর্ড হবে।,Positive
test_id_8069,সময়ের সাহসি কমিশনার,Positive
test_id_8070,সত্য প্রকাশের জন্য ধন্যবাদ।,Positive
test_id_8071,ধন্যবাদ স্যার সত্য তুলে ধরার জন্য।,Positive
test_id_8072,আমি শুধু আমার ভোট স্বাধীন ভাবে দিতে চাই।,Positive
test_id_8073,সত্য কথা বলার জন্য ধন্যবাদ স্যার,Positive
test_id_8074,এই মুহুর্তে একজন মানুষই এই দেশে সত্য কথা বলছেন।,Positive
test_id_8075,"যারা পরিবেশের সাথে খাপ খাইয়ে নিতে পারে না, তাদের পরিণতি কি",Positive
test_id_8076,শতভাগ সত্যি কথা। এমন সাহসী সত্যি কথা বলার জন্যে আপনাকে ধন্যবাদ,Positive
test_id_8077,বেশির ভাগই তো সরকারের এজেন্ডা বাস্তবায়নের দায়িত্ব নিয়েছে। তবে এর জন্যও জবাবদিহি করতে হবে।,Positive
test_id_8078,লেভেল প্লেয়িং ফিল্ড মানে সবার জন্য সমান মাঠ । সমান খেলোয়াড় নয়।,Positive
test_id_8079,আম্পয়ায়ারা উল্টা পাল্টা রায় দিলে আইসিসি ছেড়ে কথা বলবে ? ওই আম্পায়ারের ক্যারিয়ার শেষ,Positive
test_id_8080,তার মেয়েজামাই ধানের শীষের প্রার্থী। এইজন্য কি!,Positive
test_id_8081,ভোটকেন্দ্রে ভোটারদের উপস্থিতি বদলে দিবে পরিস্থিতি।,Positive
test_id_8082,সাপের বীজ জীবিত রাখতে নাই।,Positive
test_id_8083,"ঘরে একটা মোবাইল ফোন রেখে দিলেই পারত, ওইটা চুরির সুত্র ধরেই চোর ধরা যেত",Positive
test_id_8084,"আল্লাহ সব দেখেন, সব জানেন। বিচার একদিন হবেই।",Positive
test_id_8085,এরকম জঘন্য পাপ কাজের জন্য সঠিক বিচার হয়েছে। আদালত কে ধন্নবাদ।,Positive
test_id_8086,এত বড় জঘন্য একটা কাজ। তার সঠিক সাজা হতো মৃত্যুদন্ড,Positive
test_id_8087,একজন বদিকে গ্রেপ্তার করা মাদকবিরোধী কমিটি গঠনের আগে সর্বৈব জরুরি।,Positive
test_id_8088,দ্রুত আরোগ্যের জন্য দোয়া করি।,Positive
test_id_8089,দু:খজনক,Positive
test_id_8090,ওরা বাঁচতে চেয়ে মরে!,Positive
test_id_8091,বিএনপি নাম বদলাতে পারে। তাতে যদি লোকের কিছু আস্থা ফিরে আসে।,Positive
test_id_8092,আপনাকে পরিচয় দিতে কে বলেছে?,Positive
test_id_8093,“ঐক্যফ্রন্ট মানলেই কি আর না মানলেই বা কি “ ?,Positive
test_id_8094,আপনারা হলে মানতেন কি?,Positive
test_id_8095,তার কোন দরকার আছে কি?,Positive
test_id_8096,ঐক্যফ্রন্ট মেনে নেবে কিন্তু ভোটাধিকার হারানো মানুষ তাঁদের অধিকার হারানোর অপমান সহ্য করবে না।,Positive
test_id_8097,মায়ের বড় গলা।,Positive
test_id_8098,"দেশ শ্বাষন করবে দেশ-প্রেমিকেরা, রায় মেনে নেয়া উচিৎ ।",Positive
test_id_8099,জনগণ কি এই রায় মানে? তারা কি ভোট দিতে পেরেছে?,Positive
test_id_8100,এই আবেদন খুবই হাস্যকর,Positive
test_id_8101,বাংলার জনগণের পক্ষ থেকে অভিনন্দন ও শুভেচ্ছা,Positive
test_id_8102,শকুনের অভিশাপে গরু মরে না হে!,Positive
test_id_8103,আপনারা কি কখেনো বিএনপি অন্য দলের অধীনে কখেনো নির্বাচনে যাবেন?,Positive
test_id_8104,"চিৎকারে আকাশ ভারী হচ্ছে বটে, তবে সাধারণ মানুষ স্বস্তি পেয়েছে।",Positive
test_id_8105,বেগুনে অ্যালার্জি।,Positive
test_id_8106,রাখাল ও নেকড়ের গল্প,Positive
test_id_8107,আহা। বেগুন কৌতুক।বাস্তব রস।ইহা মধুর রস।,Positive
test_id_8108,বন্ধুত্ব এখান অবধি পৌঁছেছে,Positive
test_id_8109,সমাধান একটাই আরও অনেক গাছ লাগাতে হবে ঢাকায়।,Positive
test_id_8110,বন্ধুত্বের সেতুবন্ধনে আমরা ঢাকা দিল্লী এই পাড়ে আমি আর ঐ পাড়ে তুমি মাঝখানে বায়ু শুধু,Positive
test_id_8111,অথচ কি অবলীলায় আমরা সেই বায়ুতেই প্রাণভরে শ্বাস-প্রশ্বাস নিচ্ছি !,Positive
test_id_8112,একটু পরিকল্পনা করলেই ঢাকার সব ফুটপাত গাছে ভরে তোলা যায়।,Positive
test_id_8113,আস্তে বলুন কেউ শোনবে।,Positive
test_id_8114,জামিন পাবে বলে মনে হয় না,Positive
test_id_8115,"আলসেই লিগ করেন, না হলে এতো মিথ্যা কি ভাবে বলেন।",Positive
test_id_8116,এখন থেকে ৫০ ৬০ বছর পরে হয়তো সেখানে এলাকার মানুষেরা একটা মাজার বসিয়েও বসতে পারে।,Positive
test_id_8117,"অ্যাটর্নি জেনারেলের মতামত কই, ওনার মত বিজ্ঞ মানুষ থাকতে এই অনিয়ম হয় কেমনে",Positive
test_id_8118,"উনি যে বাকপ্রতিবন্ধি অর্থাৎ উনি যে বোবা, সেটাও হলফ নামায় উল্লেখ করেন নাই ।",Positive
test_id_8119,ধন্যবাদ প্রথম আলো আমাদের সাথে থাকবেন। তা নাহলে ক্ষমতাসীনরা সারাজীবন আমাদেরকে ভূগোল পড়াবে।,Positive
test_id_8120,বিচারের বানী নীরবে কান্দে,Positive
test_id_8121,তাতে কার কী,Positive
test_id_8122,ডাকাতদের ধরে না কেন?,Positive
test_id_8123,পুলিশ ও আ.লীগের বক্তব্য মিলছে,Positive
test_id_8124,"পাতানো নির্বাচনে জয়লাভ নিশ্চিত, তাই এই বেপরোয়া আচরন।",Positive
test_id_8125,"মিছিল শুরু হল, মৃত্যুর নাকি ভোটের বুঝতে পারছি না।",Positive
test_id_8126,পুলিশ গায়েব জানে হাল সম্পর্কে ওকিবহাল নয়,Positive
test_id_8127,"মগা পাইলাম ভাউ, জনগনরে ধইঞ্চা মনে হয়! মাদক ব্যাবসায়ী তো আওয়ামীগ ই।",Positive
test_id_8128,স্বাভাবিক মৃত্যুর গ্যারান্টি চাই।,Positive
test_id_8129,সালমান ফজলুর রহমান মনোনয়ন?,Positive
test_id_8130,আর ঋণ খেলাপিদের সম্রাটের কি অবস্থা,Positive
test_id_8131,বিএনপির সব প্রার্থীর মনোনয়ন বাতিল করে দিন।,Positive
test_id_8132,এরকম বিষয়গুলোর সাক্ষী হওয়ার জন্যই বিএনপিকে নির্বাচনের শেষ মিনিট পর্যন্ত থাকতে হবে।,Positive
test_id_8133,মনোনয়ন বাতিল  ফিরে আসছে ?,Positive
test_id_8134,মনে হয় ভুলে উনার মঙ্গা আমলের সমীক্ষাটি বর্ননা করে ফেলেছেন।,Positive
test_id_8135,সহমত।,Positive
test_id_8136,বিরোধী নেত্রীর ইংরেজি টুইটের মুল ভাব বা বক্তব্য আরো সুন্দর এবং নির্ভুল হওয়া উচিত।,Positive
test_id_8137,প্রমান ছাড়া কথা । কিসের সমীক্ষা ? নাম কি ? এত মিথ্যাচার ।,Positive
test_id_8138,বিএনপি'র নতুন ধান্ধাবাজি।,Positive
test_id_8139,দেশের জনগনের জন্য আপনার কি কোনই দরদ বা দায়িত্ব নেই?,Positive
test_id_8140,কথা সত্য ।,Positive
test_id_8141,হিংসার রাজনীতি বন্ধ করুন দয়া করে,Positive
test_id_8142,অত্যন্ত উন্নত এবং মহাপ্রসংশনীয় একটি পদক্ষেপ।,Positive
test_id_8143,আল্লাহ জালিমদের শাস্তি একদিন দিবেন ইনশাল্লাহ,Positive
test_id_8144,নির্বাচন বন্ধ করুন।,Positive
test_id_8145,"আমার ধারণা, আর মাত্র কয়েকটা দিন।",Positive
test_id_8146,বিভেদ নেই বলেই তো বিভেদ আছে বিষয়টি পরিষ্কার হয়েছে ।,Positive
test_id_8147,আল্লাহ আমাদের সবাইকে হেফাজত করুন।,Positive
test_id_8148,আপনি বলার কে ?,Positive
test_id_8149,"তফসিলের আগে খালেদা জিয়ার মুক্তি সম্ভব নয়, তফসিলের পরেও না- কখন সম্ভব?",Positive
test_id_8150,মুক্তি দিবে কে?,Positive
test_id_8151,সে বিগত তিন বার নির্বাচিত জনপ্রিয় সংসদ সদস্য ছিলেন। বুঝা যায় কেন এলাকা ছাড়া।,Positive
test_id_8152,"যাদর চিন্তা চেতনার মধ্য রয়েছে বাকশালের মনভাব, তারাতো বাকশাল কায়েমতো করব্",Positive
test_id_8153,আপনার নেতা এর সদস্য হয়েছিলেন আপনিও সদস্য হয়ে যান।,Positive
test_id_8154,"মতিউর রহমান বলেন, অর্থনীতি, শিক্ষাসহ নানা ক্ষেত্রে বাংলাদেশের অর্জন অভূতপূর্ব।",Positive
test_id_8155,প্রধানমন্ত্রীকে ব্যবস্থা নিতে হবে।,Positive
test_id_8156,স্বপ্ন পূরন হতে চলছে ।,Positive
test_id_8157,প্যানেল মেয়র গণি সাহেব নরম মানুষ। উত্তরের অন্য শক্ত ধাচের লোক দরকার।,Positive
test_id_8158,মাননীয় প্রধান প্রধানমন্ত্রী কি আরেক জন আনিসুল হক আমাদের উপহার দিবেন?,Positive
test_id_8159,কবে পাবো আমরা আরো একটা ২য় আনিসুল?,Positive
test_id_8160,শেখ হাসিনার দুই নয়নঘরে ঘরে উন্নয়ন,Positive
test_id_8161,এর শেষ কোথায়?,Positive
test_id_8162,৩০ এরপরে আরো অনেক বেশি হবে।,Positive
test_id_8163,এরকম চলতে থাকবে ২৯ শে ডিসেম্বর পর্যন্ত।,Positive
test_id_8164,দেশের এই ক্রান্তিকালে প্রথম আলোর সাহসী ভুমিকা সত্যিই প্রশংসনীয়।,Positive
test_id_8165,তত্বাবধায়ক ব্যবস্থা থাকলে নিশ্চয়ই এরকম হতোনা৷,Positive
test_id_8166,এই সব বলবেন না,Positive
test_id_8167,একদম জনগণের মনের কথা বলেছেন স্যার,Positive
test_id_8168,অন্যদেশ নিয়ে কথা কম বলাই শ্রেয় ।,Positive
test_id_8169,আপনারা তো ধিক্কার জানানোর সাহসও দেখাতে পারেননি !,Positive
test_id_8170,আপনাকে ধন্যবাদ।,Positive
test_id_8171,খুবই ভাল মানুষ । আপনাকে ধন্যবাদ।,Positive
test_id_8172,কবীর সুমন আপনি আমাদের কে আরো আরেক বার কৃতজ্ঞতা পাশে আবদধো করলেন !,Positive
test_id_8173,ধন্যবাদ কবীর সুমন । ছিটমহলের লোকজন কি পরিমান কষ্ট করতেছে তার উপলব্ধি হওয়ার জন্য ।,Positive
test_id_8174,কবির সুমনকে ধন্যবাদ।,Positive
test_id_8175,সুমন সাহেব আপনাকে ধন্যবাদ ছিটমহলের লোকজনের কষ্ট উপলব্ধি হওয়ার জন্য ।,Positive
test_id_8176,জনাব কবিরের কাছ থেকে তার দেশের মানুষের অনেক কিছু শেখার রয়েছে,Positive
test_id_8177,ধন্যবাদ জনাব কবীর সুমন ।,Positive
test_id_8178,ধন্যবাদ কবীর সুমন,Positive
test_id_8179,ভাবতে ভাল লাগচে যে ভারতে বাংলাদেশের েমন েকজন শুভাকানখি আচেে?,Positive
test_id_8180,কথটা কিন্তু সত্যি.,Positive
test_id_8181,ভারতের সাংসদ রা তাদের দেশকে কোন দিন বিকিয়ে দেন না।,Positive
test_id_8182,আল্লাহ আপনাকে উওম প্রতিদান দিক।,Positive
test_id_8183,জাতি আপনাকেই খুঁজছিল এতদিন কোথায় ছিলেন!,Positive
test_id_8184,ঘরে,Positive
test_id_8185,আগে ১০ টাকা সের চাঊল দেনখালি জোকারি জাতির সাথে।,Positive
test_id_8186,টাকা লাগবে কয় লাখ করে জন প্রতি ?,Positive
test_id_8187,হাছানি,Positive
test_id_8188,"প্লিজ কাগু, আই চাকরী চাইনা",Positive
test_id_8189,বাংলাদেশের সবচেয়ে বড় জোকার,Positive
test_id_8190,কাদের এর একেকটা কথা,Positive
test_id_8191,আবার ?,Positive
test_id_8192,এখন আর হাসিও আসেনা! সত্যিই।,Positive
test_id_8193,"আর যদি সরকার গঠন না করেন, একটা সাক্ষাতকারে বলেছিলেন, আবার আগের পেশায় সাংবাদিকতায় ফিরে যাবেন।",Positive
test_id_8194,গতবার,Positive
test_id_8195,যেটা এই দেশ সম্ভব না সেটা না বলাই কি ভালো নয় ?,Positive
test_id_8196,বেকারদেরই তো চাকরি দিতে হয়। কিন্তু,Positive
test_id_8197,এতদিন হয় নাই কেন?,Positive
test_id_8198,"ঘরে ঘরে চাকরি দেয়ার দরকার নাই, প্রতিটি ভোটার যেন ভোট দিতে পারে তাহলেই হবে।",Positive
test_id_8199,কথা কিন্তু ঠিক বলছেন ভাই।,Positive
test_id_8200,মজা পাইলাম।,Positive
test_id_8201,এইটা হলো এ বছরের সেরা কমেন্ট আমার চোখে।,Positive
test_id_8202,একমত,Positive
test_id_8203,তাহলে চলন্ত বোমায় ওঠার ইচ্ছা আছে আপনার? আমাদের কিন্তু নেই।,Positive
test_id_8204,ঢাকায় মিনিবাসের পরিবর্তে বড় বাস বিশেষ করে আর্টিকুলেটেড বাস বাড়ানো উচিত ।,Positive
test_id_8205,সঠিক সিদ্ধান্ত ।আশা করি প্রশাসন লেগুনা চলাচল বন্ধেও পদক্ষেপ নেবে।,Positive
test_id_8206,জনাব প্রথমআলো এইভাবে না বলে সরাসরি ঘোষনা বিএনপি করলে অনেক বেশী ভোট টানতে পারতেন।,Positive
test_id_8207,আমরা যথাযথ কর্তৃপক্ষের হস্তক্ষেপ কামনা করছি।,Positive
test_id_8208,আর এভাবেই শেষ হয়ে যায় একটা ইতিহাস।,Positive
test_id_8209,ডলার দিয়ে ক্ষমতা পাওয়া যায় না মশাই।,Positive
test_id_8210,কাল শুনবেন দুদকে আবদুস সাত্তার এর চিঠি!,Positive
test_id_8211,এতো টাকা কোথা হতে আসে?,Positive
test_id_8212,"জাতিসংঘে বিএনপি, বাংলাদেশের বাজনীতিতে কি কোন লাভ হবে?",Positive
test_id_8213,দুদকের তদন্তকারী টিম অত্যন্ত দুর্বল এবং পক্ষপাত দুষ্ট,Positive
test_id_8214,দায় যদি নাই নিবে তাহলে দুদক মাতব্বরি করতে গিয়েছিলো কেন?,Positive
test_id_8215,প্রকৃত আসামিরা বুক ফুলিয়ে ঘুরে বেড়ায় আর নিরীহ জাহালমরা বিনা দোষে জেল খাটে।,Positive
test_id_8216,হাস্যকর।,Positive
test_id_8217,হাড্ডা হাড্ডি হলেই ভাল। গায়েবি ভোট যাতে না পড়ে।,Positive
test_id_8218,রোহিঙ্গাদের অশহায়ত্বের সুযোগ নিতে অনেকে ততপর! এ কাজের মাষ্টার মাইন্ডদেরকে আইনের আওতায় আনুন।,Positive
test_id_8219,এই চালাকি গুলি মানুষ বোঝে।,Positive
test_id_8220,"দলীয় সরকারের অধীনে নিরপেক্ষ, সুষ্টু নির্বাচন হবে না। এভাবে পুলিশ হয়রানি করবে।",Positive
test_id_8221,হয়রানি পরিহার করে নাশকতা প্রতিরোধে তল্লাসী চালানো যেতে পারে।,Positive
test_id_8222,ভাল,Positive
test_id_8223,জ্বী জনগণও তাই বিশ্বাস করে। তাই তাদের বিশ্বাস করে একটা স্বচ্ছ নির্বাচন দিন।,Positive
test_id_8224,জ্বি চরম সত্য কথা। দয়া করে একটা সুষ্ঠ নির্বাচনের আয়োজন করুন।,Positive
test_id_8225,"খুলনার খবর জানিনা, তবে গাজীপুরে জাহাঙ্গীর আলম অত্যন্ত জনপ্রিয় নেতা।",Positive
test_id_8226,"চুপি চুপি বলো কেউ জেনে যাবে, জেনে যাবে কেউ জেনে যাবে",Positive
test_id_8227,ইসিকে সুষ্টু নির্বাচনের সর্বাত্মক সহযোগীতা করে তাদের নির্বাচন বানচালের ষড়যন্ত্র রুখে দিতে পারেন আপনারা।,Positive
test_id_8228,আর অন্যগুলি ছাপলে উনার খবর কেউ পড়বে না প্রথম আলোর পাঠক হ্রাস হবে,Positive
test_id_8229,"আমাদের গণতন্ত্র আর শ্বাস টানতে পারছে না, এইবার দয়া করে গণতন্ত্রকে তাকে মুক্তিদিন",Positive
test_id_8230,তোমার কাছে সবাই তুমি একলাই বুদ্ধিমান!,Positive
test_id_8231,"ভাইসাব, এখন নির্বাচনে মন দিলে ভাল হয়, বি এন পি'র অনেক উপদেশ আর উপকার করেছেন।",Positive
test_id_8232,"নাম প্রকাশে অনিচ্ছুক, সবগুলি আপনাদের ক্ষেত্রে প্রযোজ্য।",Positive
test_id_8233,ভয় পাচ্ছেন স্যার?,Positive
test_id_8234,কাদের সাহেবকে দেওয়ার জন্য অনুরোধ করছি।,Positive
test_id_8235,ওবায়দুল সাহেব একটু বলবেনই। এ নিয়ে শিহরিত হওয়ার কিছু নেই।,Positive
test_id_8236,কাদের পরাজিত হোওয়ার আতংকে আছেন। যার জন্য এসব বলে বেড়াচ্ছে।,Positive
test_id_8237,স্বপ্ন দেখে অভিযোগ!,Positive
test_id_8238,দলীয় সরকারের অধীনে নিরপেক্ষ নির্বাচন সম্ভব নয়তো নির্বাচন কেন করছেন?,Positive
test_id_8239,আজ মনে হয় আর অফিস করতে পারব না।,Positive
test_id_8240,ঈশ্বর উনাদের শোক সহ্য করার ক্ষমতা দাও।,Positive
test_id_8241,"কি বলব আমি জানি না, শুধু এটুকু বলতে পারি আমার চোখে জল এসে গেছে।",Positive
test_id_8242,তুমি একদিন আমাদের কাছে চুপটি করে এসো,Positive
test_id_8243,এখন দ্রুত ডিটিএইচ সেবা প্রদান করে রাস্তায় ঝোলানো ক্যাবল যুক্ত ডিশের লাইনকে যাদুঘরে পাঠান,Positive
test_id_8244,"বাংলাদেশের চ্যনেলগুলো বিএস-১ এর মাধ্যমে সম্প্রচার কবে করবে? অথবা, এর কার্যকারিতা কবে পাব?",Positive
test_id_8245,কতটা উপকার পাব- সেই টা আগে জানান।,Positive
test_id_8246,এই কাজ গুলো অনেক আগেই করা উচিত ছিল।যাক সরকারকে ধন্যবাদ তারা শেষ পর্যন্ত এটা করছে।,Positive
test_id_8247,সরকারকে ধন্যবাদ । প্রয়োজনে ফেসবুক বন্ধ করে দেয়া হোক ।,Positive
test_id_8248,ভাল খবর,Positive
test_id_8249,ডাকসুর দাবির মাধ্যমে নিজের জীবনকে হুমকির মধ্যে ফেলে দিয়েছেন।,Positive
test_id_8250,মেধাবীদের সুযোগ দিন ।,Positive
test_id_8251,সবাই যদি তার নাগরিক অধিকার ভোটটা দিতে পারে তাহলে সত্যিই রাজনৈতিক অপশক্তি হেরে যাবে।,Positive
test_id_8252,সুন্দর বড়ই সুন্দর,Positive
test_id_8253,তার মানে নির্বাচনের আগে থাকবে ।,Positive
test_id_8254,যথার্থ। জনগণই খুঁজে বের করবে কে অপশক্তি।,Positive
test_id_8255,"অপশক্তি বলে এদেশে কিছু নেই, যা আছে তা হলো অপরাজনীতি।",Positive
test_id_8256,এই রকম আশাকরি। এবার নির্বাচনের মাধ্যমে ৭৫-এর অপশক্তিকি চিরতরে ধ্বংস হবে।,Positive
test_id_8257,আহারে আমার সোনার ছেলে রা,Positive
test_id_8258,আমার বাবা একজন মুক্তিযোদ্ধা। উনি এই আন্দোলন সমর্থন করেন।,Positive
test_id_8259,নেতা বলছেন নেত্রী তাদের (ছাত্রলীগ) সম্বন্ধে কিছু বাড়াবাড়ির অভিযোগ পেয়েছেন।,Positive
test_id_8260,এদের পতন অনিবার্য কারণ তাদের কার্যকাপেই সেটা পাওয়া যাচ্ছে,Positive
test_id_8261,“কোটা নিয়ে আন্দোলনকারীদের মারধর ছাত্রলীগের”যৌবিক এই দাবিকে মারধর করে দমানো সম্ভব নয়।,Positive
test_id_8262,"বাংলাদেশ ছাত্রলীগের হে মুগ্ধ জননী, রেখেছ কুছাত্র করে মানুষ করোনি",Positive
test_id_8263,পুলিশ কই ?,Positive
test_id_8264,“বিজয় দিবসের শুভেচ্ছা”,Positive
test_id_8265,"আমার সোনার বাংলা, আমি তোমায় ভালবাসি।",Positive
test_id_8266,বিজয় দিবসে সবাইকে অভিনন্দন ও শুভেচ্ছা।,Positive
test_id_8267,স্বাধীনতা বিরোধী রাজাকার যুদ্ধ অপরাধী ও তাদের দোসরদের ভোটাধিকার রাখাটা অপরাধ ।,Positive
test_id_8268,মুক্ত নিঃশ্বাসের দিনের প্রতীক।,Positive
test_id_8269,জয় বাংলা। জয় বঙ্গবন্ধু।,Positive
test_id_8270,"তরুণ প্রজন্মের প্রথম ভোট হোক, নিজেদের অধিকার আদায় করে নেয়ার জন্য।",Positive
test_id_8271,এবারের বিজয় দিবস একটু বেশিই কাঙ্ক্ষিত। কারণ সামনে আরেকটি বিজয় হাতছানি দিচ্ছে বাংলাদেশকে।,Positive
test_id_8272,বিজয়ের দিনে আমাদেরকে শপথ নিতে হবে জুলুমবাজ কোন সরকারকে আমরা কখনও সমর্থন করব না ।,Positive
test_id_8273,অন্ধ বিশ্বাসের বলি!,Positive
test_id_8274,মৃতাদের ছবি দেয়া হলো। খুনির ছবি কই?,Positive
test_id_8275,রাত পোহাবার কত দেরী পাঞ্জেরি?,Positive
test_id_8276,জাতি মুক্ত হোক।,Positive
test_id_8277,হা হ আ,Positive
test_id_8278,"এইটা বাকশাল নয়, একটু পড়াশুনা করেন। এখন হচেছ আমেরিকান গনতনত্র - একটি পক্ষ, অন্যটি বিপক্ষ।",Positive
test_id_8279,কি অবস্থা,Positive
test_id_8280,তাইলে মনে হয় আপনে জানেন !,Positive
test_id_8281,সুষ্ঠু তদন্ত হোক। অভিযুক্ত দোষী প্রমাণিত হলে দৃষ্টান্তমূল্ক শাস্তি দাবী করছি।,Positive
test_id_8282,অপরাধী ধরতে গিয়ে আবার কোন নির্দোষ ব্যক্তিকে যেন হয়রানী করা না হয়।,Positive
test_id_8283,বিস্তারিত প্রতিবেদন হলে ভালো হত ।,Positive
test_id_8284,তার কাছ থেকে জানা উচিত এই কাজটা করে সে কি আনন্দ পেয়েছে,Positive
test_id_8285,বাহ!,Positive
test_id_8286,"বিকল্পধারা যদি সারাদেশে ৩০০ আসনেও প্রার্থী দেয়, শুধু ১ টা আসনে জিততে পারবে? মনেহয় না।",Positive
test_id_8287,আন্দালিব পার্থর জাতীয় পার্টিও (নাজিউর) যোগদান করতে পারে।,Positive
test_id_8288,কাল ঐক্যফ্রন্টে আরও ২০টি দল যোগ দিয়েছিল কই তাদের নিয়েতো এমন হাইলাইট শিরোনাম দেখা যায়নি!,Positive
test_id_8289,বিকল্পধরারা সরকারের হয়ে রিক্রুটিং এজেন্সীর কাজ করছে। সরকার যাতে বিএনপি ছাড়া আংশগ্রহণমূলক নির্বাচন দেখাতে পারে।,Positive
test_id_8290,শেষ পর্যন্ত আওয়ামীলীগকে যুক্তফ্রন্টে আানতে হবে৷ এছাড়া বিকল্পধারার আর কোন বিকল্প নেই৷,Positive
test_id_8291,"আগেও ছিল, এখনও আছে। ভবিষ্যতে হারিয়ে যাবে এবং তা খুব শীঘ্রই।",Positive
test_id_8292,মি. মওদুদ ও রিজভি ম্যাডামের চেয়ে অনেক বেশী অসুস্থ্য।,Positive
test_id_8293,রিজভী স্যার সবাত্তে বেশি বুজে।,Positive
test_id_8294,আজকের অবস্থাদৃষ্টে ওনার অভিযোগ দ্বিমত করার কারন নেই।,Positive
test_id_8295,শতভাগ হাছা কথা।,Positive
test_id_8296,ফ্রুটিকা খাইলেন নাকি?,Positive
test_id_8297,"যদি এটি সত্যি হয়, তবে তা নিতান্তই দুঃখজনক।",Positive
test_id_8298,বিএনপির নেতারা কি,Positive
test_id_8299,তবে অনেক দিন পর মা কে দেখে একটু শান্তি লাগতাছে,Positive
test_id_8300,এই ব্যক্তিটি একেবারে বিএনপির মত বিকারগ্রস্থ দলের উপযুক্ত মুখপাত্র।,Positive
test_id_8301,আওয়ামীলীগের নতুন কমিটিকে অভিনন্দন।,Positive
test_id_8302,এভাবে হবে না মাহমুদ সাহেব।,Positive
test_id_8303,"কথায় নয়, কাজে প্রমাণ করে দেখান¡!¡!¡!",Positive
test_id_8304,নির্দেশ কেন্দ্র পাহারা দেওয়ার হলেও এর ডাবল মিনিং আছে।,Positive
test_id_8305,"সঠিক সিদ্ধান্ত, তবে কারো আক্রমণে পিছু হটলে চলবে না",Positive
test_id_8306,"দুর্নীতিবাজ নিপাত যাক, উন্নয়ন চলতে থাকে।",Positive
test_id_8307,বিএনপি চলছে শান্তির পথে। আর আওয়ামী লীগ চলছে বিএনপির পরিত্যাগ করা পথে।,Positive
test_id_8308,পা তো দিতেই হবে। ব্যবস্থা আসতেছে,Positive
test_id_8309,সব দুর্নীতির বিচার হউক।,Positive
test_id_8310,হুম বলছে। আর সবাই এসেছে পলি+টিকস না করতে।,Positive
test_id_8311,"বেগম খালেদা জিয়াই একমাত্র নেত্রী, যিনি জীবনে কখনো অন্যায়ের সাথে আপস করেনি।",Positive
test_id_8312,শান্তিপূর্ণ আন্দোলন বিএনপি আন্দলনে বিজয়ের খুব কাছেগনতন্ত্র আসবে।,Positive
test_id_8313,গণতন্ত্রের মুক্তির জন্যে,Positive
test_id_8314,আমার কাছেও,Positive
test_id_8315,দলটিকে গুছিয়ে রাখুন সাফল্য আসবে। কোনো উসকানিতে পা না দেয়ার কৌশলটা দারুন!,Positive
test_id_8316,এতো দিনে বোধোদয়।,Positive
test_id_8317,দেশনেত্রীর মনোবল অত্যন্ত উঁচু।,Positive
test_id_8318,দারুন!,Positive
test_id_8319,আজকে আওয়ামী লীগ যা করল সে ব্যাপারে কিছু বলেন,Positive
test_id_8320,"আর্থ পক্ষ সমর্থন সবাই করবে ।আইন সবার জন্য সমান হব‌ে, তাই আশা করি ।",Positive
test_id_8321,এদেশেও একদিন গণতন্ত্র ফিরে আসবে।,Positive
test_id_8322,রাসতাঘাট বনধ না করলে আরো শান্তিপূরনো হবে বলে আমি মনে করি।,Positive
test_id_8323,"দেশ নেত্রী একদম ঠিক কথা বলেছেন, গনতন্ত্রের মুক্তি পাক",Positive
test_id_8324,জানি না এই দেশের কি হবে !,Positive
test_id_8325,এটা কি রুপম,Positive
test_id_8326,৩০ ডিসেম্বর জনগণের শক্তি দিয়ে সবকিছুকেই পরাজিত করা হবে।দলে দলে ভোট দেন।,Positive
test_id_8327,বাচ্চা লোক তালিয়া বাজাও।,Positive
test_id_8328,জাতিসংঘের কোনো প্রতিনিধিকে ঝটিকা সফরে পাঠান।নির্বাচনী পরিবেশই বদলে যাবে।,Positive
test_id_8329,দায়িত্ব শেষ? জাতিসংঘের কোনো প্রতিনিধিকে ঝটিকা সফরে পাঠান ।,Positive
test_id_8330,আহবান পর্যন্তই । আহবান শুনলে তো !,Positive
test_id_8331,ভিসা দেবে ?,Positive
test_id_8332,"বাংলাদেশের নির্বাচনে ভীতিহীন পরিবেশ নিশ্চিতের আহ্বান জাতিসংঘ মহাসচিবের, ওনাদের দায়িত্ব শেষ। বাকিটা আমাদের",Positive
test_id_8333,এক উদ্ভট ঊটের পিঠে চলছি আমরা।,Positive
test_id_8334,"ভাগ্য ভালো আমাদের হাতে ক্ষমতা নেই ওই পর্যন্ত যাওয়ার, থাকলে এখনই চাকরিটা খেয়ে নিতাম।",Positive
test_id_8335,ভোটের পরে ভীতিহীন পরিবেশ নিশ্চিত হবে৷,Positive
test_id_8336,এই কথা মিডিয়ায় না বলে দেয়ালের কাছে বললেও ফল একই হবে।,Positive
test_id_8337,আহ জীবন !,Positive
test_id_8338,যোগ্য পিতার যোগ্য কন্যা। আমরা ধন্য তোমায় পেয়ে। ভাল থেক হে আমাদের বঙ্গবন্ধু কন্যা।,Positive
test_id_8339,ভাল বলেছেন।,Positive
test_id_8340,মাননীয় প্রধানমন্ত্রী ধন্যবাদ।,Positive
test_id_8341,আন্দোলনতো শুরু হয়ে গেছে।,Positive
test_id_8342,নির্বাচনকালীন কেয়ারটেকার সরকার চাই কি করতে হবে বলুন ?,Positive
test_id_8343,ধন্যবাদ মাননীয় প্রধানমন্ত্রীকে সাংবাদিক সম্মেলন করে জনগনের কাছে জবাবদিহীতা নিশ্চিত করার জন্য।,Positive
test_id_8344,"কোটা চাই, মুক্তিযুদ্ধাদের কোটা চাই",Positive
test_id_8345,কোটা বাতিলের সিদ্ধান্তে অটল থাকতে হবে।,Positive
test_id_8346,"এদেশে আন্দোলন, রক্তপাত, ভাংচুর, জনগণের জানমালের ক্ষতি ছাড়া কি কিছুই অর্জন সম্ভবন নয়?",Positive
test_id_8347,ও পরিবহনে শৃঙ্খলা না ফিরলে মেগা প্রকল্পের উন্নয়ন ।,Neutral
test_id_8348,পরিবহনে শৃঙ্খলা না ফিরলে মেগা প্রকল্পের উন্নয়ন কাজে ।,Neutral
test_id_8349,শৃঙ্খলা না ফিরলে মেগা প্রকল্পের উন্নয়ন কাজে লাগবে ।,Neutral
test_id_8350,না ফিরলে মেগা প্রকল্পের উন্নয়ন কাজে লাগবে না ।,Neutral
test_id_8351,ফিরলে মেগা প্রকল্পের উন্নয়ন কাজে লাগবে না বলেও ।,Neutral
test_id_8352,মেগা প্রকল্পের উন্নয়ন কাজে লাগবে না বলেও মন্তব্য ।,Neutral
test_id_8353,প্রকল্পের উন্নয়ন কাজে লাগবে না বলেও মন্তব্য করেন ।,Neutral
test_id_8354,উন্নয়ন কাজে লাগবে না বলেও মন্তব্য করেন মন্ত্রী ।,Neutral
test_id_8355,আমাদের জন্য সবচেয়ে বড় চ্যালেঞ্জ হচ্ছে আজ ।,Neutral
test_id_8356,জন্য সবচেয়ে বড় চ্যালেঞ্জ হচ্ছে আজ সড়কে ।,Neutral
test_id_8357,সবচেয়ে বড় চ্যালেঞ্জ হচ্ছে আজ সড়কে শৃঙ্খলা ।,Neutral
test_id_8358,আমাদের জন্য সবচেয়ে বড় চ্যালেঞ্জ হচ্ছে আজ সড়কে ।,Neutral
test_id_8359,জন্য সবচেয়ে বড় চ্যালেঞ্জ হচ্ছে আজ সড়কে শৃঙ্খলা ।,Neutral
test_id_8360,পরিবহন আর সড়কে শৃঙ্খলা না থাকলে জনগণ ।,Neutral
test_id_8361,আর সড়কে শৃঙ্খলা না থাকলে জনগণ উন্নয়নের ।,Neutral
test_id_8362,সড়কে শৃঙ্খলা না থাকলে জনগণ উন্নয়নের সুফল ।,Neutral
test_id_8363,শৃঙ্খলা না থাকলে জনগণ উন্নয়নের সুফল পাবে ।,Neutral
test_id_8364,না থাকলে জনগণ উন্নয়নের সুফল পাবে না ।,Neutral
test_id_8365,পরিবহন আর সড়কে শৃঙ্খলা না থাকলে জনগণ উন্নয়নের ।,Neutral
test_id_8366,আর সড়কে শৃঙ্খলা না থাকলে জনগণ উন্নয়নের সুফল ।,Neutral
test_id_8367,সড়কে শৃঙ্খলা না থাকলে জনগণ উন্নয়নের সুফল পাবে ।,Neutral
test_id_8368,শৃঙ্খলা না থাকলে জনগণ উন্নয়নের সুফল পাবে না ।,Neutral
test_id_8369,আগামী বছর যে প্রকল্পগুলো আমরা উদ্বোধন করতে ।,Neutral
test_id_8370,বছর যে প্রকল্পগুলো আমরা উদ্বোধন করতে যাচ্ছি ।,Neutral
test_id_8371,আগামী বছর যে প্রকল্পগুলো আমরা উদ্বোধন করতে যাচ্ছি ।,Neutral
test_id_8372,রাজনীতি বিমুখ না হয়ে শিক্ষার্থীসহ সবাইকে সচেতন ।,Neutral
test_id_8373,বিমুখ না হয়ে শিক্ষার্থীসহ সবাইকে সচেতন হওয়ার ।,Neutral
test_id_8374,না হয়ে শিক্ষার্থীসহ সবাইকে সচেতন হওয়ার আহ্বান ।,Neutral
test_id_8375,হয়ে শিক্ষার্থীসহ সবাইকে সচেতন হওয়ার আহ্বান শিক্ষামন্ত্রীর ।,Neutral
test_id_8376,শিক্ষার্থীসহ সবাইকে সচেতন হওয়ার আহ্বান শিক্ষামন্ত্রীর রাজনীতি ।,Neutral
test_id_8377,সবাইকে সচেতন হওয়ার আহ্বান শিক্ষামন্ত্রীর রাজনীতি বিমুখ ।,Neutral
test_id_8378,সচেতন হওয়ার আহ্বান শিক্ষামন্ত্রীর রাজনীতি বিমুখ না ।,Neutral
test_id_8379,হওয়ার আহ্বান শিক্ষামন্ত্রীর রাজনীতি বিমুখ না হয়ে ।,Neutral
test_id_8380,আহ্বান শিক্ষামন্ত্রীর রাজনীতি বিমুখ না হয়ে শিক্ষার্থীসহ ।,Neutral
test_id_8381,শিক্ষামন্ত্রীর রাজনীতি বিমুখ না হয়ে শিক্ষার্থীসহ সবাইকে ।,Neutral
test_id_8382,রাজনীতি বিমুখ না হয়ে শিক্ষার্থীসহ সবাইকে রাজনীতি ।,Neutral
test_id_8383,বিমুখ না হয়ে শিক্ষার্থীসহ সবাইকে রাজনীতি সচেতন ।,Neutral
test_id_8384,না হয়ে শিক্ষার্থীসহ সবাইকে রাজনীতি সচেতন হওয়ার ।,Neutral
test_id_8385,হয়ে শিক্ষার্থীসহ সবাইকে রাজনীতি সচেতন হওয়ার আহ্বান ।,Neutral
test_id_8386,শিক্ষার্থীসহ সবাইকে রাজনীতি সচেতন হওয়ার আহ্বান জানিয়ে ।,Neutral
test_id_8387,সবাইকে রাজনীতি সচেতন হওয়ার আহ্বান জানিয়ে শিক্ষামন্ত্রী ।,Neutral
test_id_8388,রাজনীতি সচেতন হওয়ার আহ্বান জানিয়ে শিক্ষামন্ত্রী ডা. ।,Neutral
test_id_8389,রাজনীতি বিমুখ না হয়ে শিক্ষার্থীসহ সবাইকে সচেতন হওয়ার ।,Neutral
test_id_8390,বিমুখ না হয়ে শিক্ষার্থীসহ সবাইকে সচেতন হওয়ার আহ্বান ।,Neutral
test_id_8391,না হয়ে শিক্ষার্থীসহ সবাইকে সচেতন হওয়ার আহ্বান শিক্ষামন্ত্রীর ।,Neutral
test_id_8392,হয়ে শিক্ষার্থীসহ সবাইকে সচেতন হওয়ার আহ্বান শিক্ষামন্ত্রীর রাজনীতি ।,Neutral
test_id_8393,শিক্ষার্থীসহ সবাইকে সচেতন হওয়ার আহ্বান শিক্ষামন্ত্রীর রাজনীতি বিমুখ ।,Neutral
test_id_8394,সবাইকে সচেতন হওয়ার আহ্বান শিক্ষামন্ত্রীর রাজনীতি বিমুখ না ।,Neutral
test_id_8395,সচেতন হওয়ার আহ্বান শিক্ষামন্ত্রীর রাজনীতি বিমুখ না হয়ে ।,Neutral
test_id_8396,হওয়ার আহ্বান শিক্ষামন্ত্রীর রাজনীতি বিমুখ না হয়ে শিক্ষার্থীসহ ।,Neutral
test_id_8397,আহ্বান শিক্ষামন্ত্রীর রাজনীতি বিমুখ না হয়ে শিক্ষার্থীসহ সবাইকে ।,Neutral
test_id_8398,শিক্ষামন্ত্রীর রাজনীতি বিমুখ না হয়ে শিক্ষার্থীসহ সবাইকে রাজনীতি ।,Neutral
test_id_8399,রাজনীতি বিমুখ না হয়ে শিক্ষার্থীসহ সবাইকে রাজনীতি সচেতন ।,Neutral
test_id_8400,বিমুখ না হয়ে শিক্ষার্থীসহ সবাইকে রাজনীতি সচেতন হওয়ার ।,Neutral
test_id_8401,না হয়ে শিক্ষার্থীসহ সবাইকে রাজনীতি সচেতন হওয়ার আহ্বান ।,Neutral
test_id_8402,হয়ে শিক্ষার্থীসহ সবাইকে রাজনীতি সচেতন হওয়ার আহ্বান জানিয়ে ।,Neutral
test_id_8403,শিক্ষার্থীসহ সবাইকে রাজনীতি সচেতন হওয়ার আহ্বান জানিয়ে শিক্ষামন্ত্রী ।,Neutral
test_id_8404,সবাইকে রাজনীতি সচেতন হওয়ার আহ্বান জানিয়ে শিক্ষামন্ত্রী ডা. ।,Neutral
test_id_8405,রাজনীতি হলো সেই জায়গা যেখানে জীবনের প্রায় ।,Neutral
test_id_8406,হলো সেই জায়গা যেখানে জীবনের প্রায় সব ।,Neutral
test_id_8407,সেই জায়গা যেখানে জীবনের প্রায় সব সিদ্ধান্ত ।,Neutral
test_id_8408,জায়গা যেখানে জীবনের প্রায় সব সিদ্ধান্ত গৃহীত ।,Neutral
test_id_8409,যেখানে জীবনের প্রায় সব সিদ্ধান্ত গৃহীত হয় ।,Neutral
test_id_8410,রাজনীতি হলো সেই জায়গা যেখানে জীবনের প্রায় সব ।,Neutral
test_id_8411,হলো সেই জায়গা যেখানে জীবনের প্রায় সব সিদ্ধান্ত ।,Neutral
test_id_8412,সেই জায়গা যেখানে জীবনের প্রায় সব সিদ্ধান্ত গৃহীত ।,Neutral
test_id_8413,জায়গা যেখানে জীবনের প্রায় সব সিদ্ধান্ত গৃহীত হয় ।,Neutral
test_id_8414,রবিবার দুপুরে বিজয়ের সুবর্ণজয়ন্তী ও মুজিব শতবর্ষ ।,Neutral
test_id_8415,দুপুরে বিজয়ের সুবর্ণজয়ন্তী ও মুজিব শতবর্ষ উপলক্ষে ।,Neutral
test_id_8416,বিজয়ের সুবর্ণজয়ন্তী ও মুজিব শতবর্ষ উপলক্ষে রাজধানীর ।,Neutral
test_id_8417,সুবর্ণজয়ন্তী ও মুজিব শতবর্ষ উপলক্ষে রাজধানীর দনিয়া ।,Neutral
test_id_8418,ও মুজিব শতবর্ষ উপলক্ষে রাজধানীর দনিয়া বিশ্ববিদ্যালয় ।,Neutral
test_id_8419,মুজিব শতবর্ষ উপলক্ষে রাজধানীর দনিয়া বিশ্ববিদ্যালয় কলেজে ।,Neutral
test_id_8420,শতবর্ষ উপলক্ষে রাজধানীর দনিয়া বিশ্ববিদ্যালয় কলেজে আয়োজিত ।,Neutral
test_id_8421,উপলক্ষে রাজধানীর দনিয়া বিশ্ববিদ্যালয় কলেজে আয়োজিত আলোচনা ।,Neutral
test_id_8422,রাজধানীর দনিয়া বিশ্ববিদ্যালয় কলেজে আয়োজিত আলোচনা সভা ।,Neutral
test_id_8423,দনিয়া বিশ্ববিদ্যালয় কলেজে আয়োজিত আলোচনা সভা ও ।,Neutral
test_id_8424,বিশ্ববিদ্যালয় কলেজে আয়োজিত আলোচনা সভা ও সাংস্কৃতিক ।,Neutral
test_id_8425,কলেজে আয়োজিত আলোচনা সভা ও সাংস্কৃতিক অনুষ্ঠানে ।,Neutral
test_id_8426,আয়োজিত আলোচনা সভা ও সাংস্কৃতিক অনুষ্ঠানে তিনি ।,Neutral
test_id_8427,আলোচনা সভা ও সাংস্কৃতিক অনুষ্ঠানে তিনি এ ।,Neutral
test_id_8428,সভা ও সাংস্কৃতিক অনুষ্ঠানে তিনি এ আহ্বান ।,Neutral
test_id_8429,ও সাংস্কৃতিক অনুষ্ঠানে তিনি এ আহ্বান জানান ।,Neutral
test_id_8430,রবিবার দুপুরে বিজয়ের সুবর্ণজয়ন্তী ও মুজিব শতবর্ষ উপলক্ষে ।,Neutral
test_id_8431,দুপুরে বিজয়ের সুবর্ণজয়ন্তী ও মুজিব শতবর্ষ উপলক্ষে রাজধানীর ।,Neutral
test_id_8432,বিজয়ের সুবর্ণজয়ন্তী ও মুজিব শতবর্ষ উপলক্ষে রাজধানীর দনিয়া ।,Neutral
test_id_8433,সুবর্ণজয়ন্তী ও মুজিব শতবর্ষ উপলক্ষে রাজধানীর দনিয়া বিশ্ববিদ্যালয় ।,Neutral
test_id_8434,ও মুজিব শতবর্ষ উপলক্ষে রাজধানীর দনিয়া বিশ্ববিদ্যালয় কলেজে ।,Neutral
test_id_8435,মুজিব শতবর্ষ উপলক্ষে রাজধানীর দনিয়া বিশ্ববিদ্যালয় কলেজে আয়োজিত ।,Neutral
test_id_8436,শতবর্ষ উপলক্ষে রাজধানীর দনিয়া বিশ্ববিদ্যালয় কলেজে আয়োজিত আলোচনা ।,Neutral
test_id_8437,উপলক্ষে রাজধানীর দনিয়া বিশ্ববিদ্যালয় কলেজে আয়োজিত আলোচনা সভা ।,Neutral
test_id_8438,রাজধানীর দনিয়া বিশ্ববিদ্যালয় কলেজে আয়োজিত আলোচনা সভা ও ।,Neutral
test_id_8439,দনিয়া বিশ্ববিদ্যালয় কলেজে আয়োজিত আলোচনা সভা ও সাংস্কৃতিক ।,Neutral
test_id_8440,বিশ্ববিদ্যালয় কলেজে আয়োজিত আলোচনা সভা ও সাংস্কৃতিক অনুষ্ঠানে ।,Neutral
test_id_8441,কলেজে আয়োজিত আলোচনা সভা ও সাংস্কৃতিক অনুষ্ঠানে তিনি ।,Neutral
test_id_8442,আয়োজিত আলোচনা সভা ও সাংস্কৃতিক অনুষ্ঠানে তিনি এ ।,Neutral
test_id_8443,আলোচনা সভা ও সাংস্কৃতিক অনুষ্ঠানে তিনি এ আহ্বান ।,Neutral
test_id_8444,সভা ও সাংস্কৃতিক অনুষ্ঠানে তিনি এ আহ্বান জানান ।,Neutral
test_id_8445,একটা জায়গায় গিয়ে তো আমি ভয়ই পেয়ে ।,Neutral
test_id_8446,জায়গায় গিয়ে তো আমি ভয়ই পেয়ে গেলাম ।,Neutral
test_id_8447,একটা জায়গায় গিয়ে তো আমি ভয়ই পেয়ে গেলাম ।,Neutral
test_id_8448,এই রকম একটা মেসেজ সেই প্রতিষ্ঠান দেবার ।,Neutral
test_id_8449,রকম একটা মেসেজ সেই প্রতিষ্ঠান দেবার চেষ্টা ।,Neutral
test_id_8450,একটা মেসেজ সেই প্রতিষ্ঠান দেবার চেষ্টা করছে ।,Neutral
test_id_8451,এই রকম একটা মেসেজ সেই প্রতিষ্ঠান দেবার চেষ্টা ।,Neutral
test_id_8452,রকম একটা মেসেজ সেই প্রতিষ্ঠান দেবার চেষ্টা করছে ।,Neutral
test_id_8453,আমি সেখানে আমার মতামত তুলে ধরার চেষ্টা ।,Neutral
test_id_8454,সেখানে আমার মতামত তুলে ধরার চেষ্টা করেছি ।,Neutral
test_id_8455,আমি সেখানে আমার মতামত তুলে ধরার চেষ্টা করেছি ।,Neutral
test_id_8456,স্বাস্থ্যবিধি মানার প্রয়োজনেই বই উৎসব হচ্ছে না ।,Neutral
test_id_8457,করোনার কারণে গত বছর বই উৎসব না ।,Neutral
test_id_8458,কারণে গত বছর বই উৎসব না হলেও ।,Neutral
test_id_8459,গত বছর বই উৎসব না হলেও বই ।,Neutral
test_id_8460,বছর বই উৎসব না হলেও বই বিতরণ ।,Neutral
test_id_8461,বই উৎসব না হলেও বই বিতরণ হয়েছে ।,Neutral
test_id_8462,করোনার কারণে গত বছর বই উৎসব না হলেও ।,Neutral
test_id_8463,কারণে গত বছর বই উৎসব না হলেও বই ।,Neutral
test_id_8464,গত বছর বই উৎসব না হলেও বই বিতরণ ।,Neutral
test_id_8465,বছর বই উৎসব না হলেও বই বিতরণ হয়েছে ।,Neutral
test_id_8466,এবছরও করোনায় স্বাস্থ্যবিধি মানার প্রয়োজনেই বই উৎসব ।,Neutral
test_id_8467,করোনায় স্বাস্থ্যবিধি মানার প্রয়োজনেই বই উৎসব হচ্ছে ।,Neutral
test_id_8468,এবছরও করোনায় স্বাস্থ্যবিধি মানার প্রয়োজনেই বই উৎসব হচ্ছে ।,Neutral
test_id_8469,করোনায় স্বাস্থ্যবিধি মানার প্রয়োজনেই বই উৎসব হচ্ছে না ।,Neutral
test_id_8470,তবে প্রত্যেকটি বিদ্যালয়ে বছরের প্রথম দিন থেকে ।,Neutral
test_id_8471,প্রত্যেকটি বিদ্যালয়ে বছরের প্রথম দিন থেকে তারা ।,Neutral
test_id_8472,বিদ্যালয়ে বছরের প্রথম দিন থেকে তারা তাদের ।,Neutral
test_id_8473,বছরের প্রথম দিন থেকে তারা তাদের সিডিউল ।,Neutral
test_id_8474,প্রথম দিন থেকে তারা তাদের সিডিউল ঠিক ।,Neutral
test_id_8475,দিন থেকে তারা তাদের সিডিউল ঠিক করবে ।,Neutral
test_id_8476,তবে প্রত্যেকটি বিদ্যালয়ে বছরের প্রথম দিন থেকে তারা ।,Neutral
test_id_8477,প্রত্যেকটি বিদ্যালয়ে বছরের প্রথম দিন থেকে তারা তাদের ।,Neutral
test_id_8478,বিদ্যালয়ে বছরের প্রথম দিন থেকে তারা তাদের সিডিউল ।,Neutral
test_id_8479,বছরের প্রথম দিন থেকে তারা তাদের সিডিউল ঠিক ।,Neutral
test_id_8480,প্রথম দিন থেকে তারা তাদের সিডিউল ঠিক করবে ।,Neutral
test_id_8481,কবে কোন ক্লাসের বই বিতরণ করা হবে ।,Neutral
test_id_8482,আজ শনিবার সন্ধ্যায় শহরের কদমতলায় মন্ত্রীর নিজ ।,Neutral
test_id_8483,শনিবার সন্ধ্যায় শহরের কদমতলায় মন্ত্রীর নিজ বাসভবনে ।,Neutral
test_id_8484,সন্ধ্যায় শহরের কদমতলায় মন্ত্রীর নিজ বাসভবনে শীতার্তদের ।,Neutral
test_id_8485,শহরের কদমতলায় মন্ত্রীর নিজ বাসভবনে শীতার্তদের জন্য ।,Neutral
test_id_8486,কদমতলায় মন্ত্রীর নিজ বাসভবনে শীতার্তদের জন্য জনপ্রতিনিধি ।,Neutral
test_id_8487,মন্ত্রীর নিজ বাসভবনে শীতার্তদের জন্য জনপ্রতিনিধি ও ।,Neutral
test_id_8488,নিজ বাসভবনে শীতার্তদের জন্য জনপ্রতিনিধি ও দলীয় ।,Neutral
test_id_8489,বাসভবনে শীতার্তদের জন্য জনপ্রতিনিধি ও দলীয় নেতাদের ।,Neutral
test_id_8490,শীতার্তদের জন্য জনপ্রতিনিধি ও দলীয় নেতাদের মাঝে ।,Neutral
test_id_8491,জন্য জনপ্রতিনিধি ও দলীয় নেতাদের মাঝে শীতবস্ত্র ।,Neutral
test_id_8492,আজ শনিবার সন্ধ্যায় শহরের কদমতলায় মন্ত্রীর নিজ বাসভবনে ।,Neutral
test_id_8493,শনিবার সন্ধ্যায় শহরের কদমতলায় মন্ত্রীর নিজ বাসভবনে শীতার্তদের ।,Neutral
test_id_8494,সন্ধ্যায় শহরের কদমতলায় মন্ত্রীর নিজ বাসভবনে শীতার্তদের জন্য ।,Neutral
test_id_8495,শহরের কদমতলায় মন্ত্রীর নিজ বাসভবনে শীতার্তদের জন্য জনপ্রতিনিধি ।,Neutral
test_id_8496,কদমতলায় মন্ত্রীর নিজ বাসভবনে শীতার্তদের জন্য জনপ্রতিনিধি ও ।,Neutral
test_id_8497,মন্ত্রীর নিজ বাসভবনে শীতার্তদের জন্য জনপ্রতিনিধি ও দলীয় ।,Neutral
test_id_8498,নিজ বাসভবনে শীতার্তদের জন্য জনপ্রতিনিধি ও দলীয় নেতাদের ।,Neutral
test_id_8499,বাসভবনে শীতার্তদের জন্য জনপ্রতিনিধি ও দলীয় নেতাদের মাঝে ।,Neutral
test_id_8500,শীতার্তদের জন্য জনপ্রতিনিধি ও দলীয় নেতাদের মাঝে শীতবস্ত্র ।,Neutral
test_id_8501,বিতরণ শেষে সাংবাদিকদের প্রশ্নের জবাবে তিনি একথা ।,Neutral
test_id_8502,শেষে সাংবাদিকদের প্রশ্নের জবাবে তিনি একথা বলেন ।,Neutral
test_id_8503,বিতরণ শেষে সাংবাদিকদের প্রশ্নের জবাবে তিনি একথা বলেন ।,Neutral
test_id_8504,বিতরণের জন্য প্রস্তুত বইগুলোতে ভুলত্রুটি সম্পর্কে জানতে ।,Neutral
test_id_8505,জন্য প্রস্তুত বইগুলোতে ভুলত্রুটি সম্পর্কে জানতে চাইলে ।,Neutral
test_id_8506,প্রস্তুত বইগুলোতে ভুলত্রুটি সম্পর্কে জানতে চাইলে মন্ত্রী ।,Neutral
test_id_8507,বইগুলোতে ভুলত্রুটি সম্পর্কে জানতে চাইলে মন্ত্রী বলেন ।,Neutral
test_id_8508,বিতরণের জন্য প্রস্তুত বইগুলোতে ভুলত্রুটি সম্পর্কে জানতে চাইলে ।,Neutral
test_id_8509,জন্য প্রস্তুত বইগুলোতে ভুলত্রুটি সম্পর্কে জানতে চাইলে মন্ত্রী ।,Neutral
test_id_8510,প্রস্তুত বইগুলোতে ভুলত্রুটি সম্পর্কে জানতে চাইলে মন্ত্রী বলেন ।,Neutral
test_id_8511,আমরা চেষ্টা করেছি কোন ভুল যেন না ।,Neutral
test_id_8512,চেষ্টা করেছি কোন ভুল যেন না থাকে ।,Neutral
test_id_8513,আমরা চেষ্টা করেছি কোন ভুল যেন না থাকে ।,Neutral
test_id_8514,সেগুলো আমরা সংশোনের জন্য ব্যবস্থা গ্রহণ করবো ।,Neutral
test_id_8515,পাশ্চাত্যের দেশগুলোতে করোনা শীতকালে বাড়লেও আমাদের দেশে ।,Neutral
test_id_8516,দেশগুলোতে করোনা শীতকালে বাড়লেও আমাদের দেশে প্রতিবছর ।,Neutral
test_id_8517,করোনা শীতকালে বাড়লেও আমাদের দেশে প্রতিবছর মার্চ ।,Neutral
test_id_8518,শীতকালে বাড়লেও আমাদের দেশে প্রতিবছর মার্চ মাসেই ।,Neutral
test_id_8519,বাড়লেও আমাদের দেশে প্রতিবছর মার্চ মাসেই প্রাদুর্ভাব ।,Neutral
test_id_8520,আমাদের দেশে প্রতিবছর মার্চ মাসেই প্রাদুর্ভাব বৃদ্ধি ।,Neutral
test_id_8521,দেশে প্রতিবছর মার্চ মাসেই প্রাদুর্ভাব বৃদ্ধি পায় ।,Neutral
test_id_8522,পাশ্চাত্যের দেশগুলোতে করোনা শীতকালে বাড়লেও আমাদের দেশে প্রতিবছর ।,Neutral
test_id_8523,দেশগুলোতে করোনা শীতকালে বাড়লেও আমাদের দেশে প্রতিবছর মার্চ ।,Neutral
test_id_8524,করোনা শীতকালে বাড়লেও আমাদের দেশে প্রতিবছর মার্চ মাসেই ।,Neutral
test_id_8525,শীতকালে বাড়লেও আমাদের দেশে প্রতিবছর মার্চ মাসেই প্রাদুর্ভাব ।,Neutral
test_id_8526,বাড়লেও আমাদের দেশে প্রতিবছর মার্চ মাসেই প্রাদুর্ভাব বৃদ্ধি ।,Neutral
test_id_8527,আমাদের দেশে প্রতিবছর মার্চ মাসেই প্রাদুর্ভাব বৃদ্ধি পায় ।,Neutral
test_id_8528,সে জন্য মার্চ মাস পর্যন্ত আমরা দেখব ।,Neutral
test_id_8529,জন্য মার্চ মাস পর্যন্ত আমরা দেখব করোনা ।,Neutral
test_id_8530,মার্চ মাস পর্যন্ত আমরা দেখব করোনা বাড়ে ।,Neutral
test_id_8531,মাস পর্যন্ত আমরা দেখব করোনা বাড়ে না ।,Neutral
test_id_8532,পর্যন্ত আমরা দেখব করোনা বাড়ে না কমে ।,Neutral
test_id_8533,সে জন্য মার্চ মাস পর্যন্ত আমরা দেখব করোনা ।,Neutral
test_id_8534,জন্য মার্চ মাস পর্যন্ত আমরা দেখব করোনা বাড়ে ।,Neutral
test_id_8535,মার্চ মাস পর্যন্ত আমরা দেখব করোনা বাড়ে না ।,Neutral
test_id_8536,মাস পর্যন্ত আমরা দেখব করোনা বাড়ে না কমে ।,Neutral
test_id_8537,এরপর আমরা ক্লাস বৃদ্ধির বিষয়ে সিদ্ধান্ত নিব ।,Neutral
test_id_8538,এছাড়াও শিক্ষার্থীরা কতটুকু পিছিয়ে আছে এবং কোন ।,Neutral
test_id_8539,শিক্ষার্থীরা কতটুকু পিছিয়ে আছে এবং কোন কোন ।,Neutral
test_id_8540,কতটুকু পিছিয়ে আছে এবং কোন কোন দিকগুলোতে ।,Neutral
test_id_8541,পিছিয়ে আছে এবং কোন কোন দিকগুলোতে ঘাটতি ।,Neutral
test_id_8542,আছে এবং কোন কোন দিকগুলোতে ঘাটতি রয়েছে ।,Neutral
test_id_8543,এবং কোন কোন দিকগুলোতে ঘাটতি রয়েছে সেগুলোর ।,Neutral
test_id_8544,কোন কোন দিকগুলোতে ঘাটতি রয়েছে সেগুলোর তথ্য ।,Neutral
test_id_8545,কোন দিকগুলোতে ঘাটতি রয়েছে সেগুলোর তথ্য আমরা ।,Neutral
test_id_8546,দিকগুলোতে ঘাটতি রয়েছে সেগুলোর তথ্য আমরা নিচ্ছি ।,Neutral
test_id_8547,এছাড়াও শিক্ষার্থীরা কতটুকু পিছিয়ে আছে এবং কোন কোন ।,Neutral
test_id_8548,শিক্ষার্থীরা কতটুকু পিছিয়ে আছে এবং কোন কোন দিকগুলোতে ।,Neutral
test_id_8549,কতটুকু পিছিয়ে আছে এবং কোন কোন দিকগুলোতে ঘাটতি ।,Neutral
test_id_8550,পিছিয়ে আছে এবং কোন কোন দিকগুলোতে ঘাটতি রয়েছে ।,Neutral
test_id_8551,আছে এবং কোন কোন দিকগুলোতে ঘাটতি রয়েছে সেগুলোর ।,Neutral
test_id_8552,এবং কোন কোন দিকগুলোতে ঘাটতি রয়েছে সেগুলোর তথ্য ।,Neutral
test_id_8553,কোন কোন দিকগুলোতে ঘাটতি রয়েছে সেগুলোর তথ্য আমরা ।,Neutral
test_id_8554,কোন দিকগুলোতে ঘাটতি রয়েছে সেগুলোর তথ্য আমরা নিচ্ছি ।,Neutral
test_id_8555,এরপর আমরা নতুন বছরে এসব বিষয়ে প্রদক্ষেপ ।,Neutral
test_id_8556,আমরা নতুন বছরে এসব বিষয়ে প্রদক্ষেপ নিব ।,Neutral
test_id_8557,এরপর আমরা নতুন বছরে এসব বিষয়ে প্রদক্ষেপ নিব ।,Neutral
test_id_8558,এ সময় চাঁদপুর জেলা আওয়ামী লীগের সহ-সভাপতি ।,Neutral
test_id_8559,সময় চাঁদপুর জেলা আওয়ামী লীগের সহ-সভাপতি ডা. ।,Neutral
test_id_8560,এ সময় চাঁদপুর জেলা আওয়ামী লীগের সহ-সভাপতি ডা. ।,Neutral
test_id_8561,উপজেলা আওয়ামী লীগ সভাপতি নুরুল ইসলাম নাজিম ।,Neutral
test_id_8562,আওয়ামী লীগ সভাপতি নুরুল ইসলাম নাজিম দেওয়ান ।,Neutral
test_id_8563,উপজেলা আওয়ামী লীগ সভাপতি নুরুল ইসলাম নাজিম দেওয়ান ।,Neutral
test_id_8564,পৌর আওয়ামী লীগের ভারপ্রাপ্ত সাধারণ সম্পাদক আমিনুর ।,Neutral
test_id_8565,আওয়ামী লীগের ভারপ্রাপ্ত সাধারণ সম্পাদক আমিনুর রহমান ।,Neutral
test_id_8566,লীগের ভারপ্রাপ্ত সাধারণ সম্পাদক আমিনুর রহমান বাবুল ।,Neutral
test_id_8567,ভারপ্রাপ্ত সাধারণ সম্পাদক আমিনুর রহমান বাবুল ও ।,Neutral
test_id_8568,সাধারণ সম্পাদক আমিনুর রহমান বাবুল ও জেলা ।,Neutral
test_id_8569,সম্পাদক আমিনুর রহমান বাবুল ও জেলা মহিলা ।,Neutral
test_id_8570,আমিনুর রহমান বাবুল ও জেলা মহিলা আওয়ামী ।,Neutral
test_id_8571,রহমান বাবুল ও জেলা মহিলা আওয়ামী লীগ ।,Neutral
test_id_8572,বাবুল ও জেলা মহিলা আওয়ামী লীগ সভাপতি ।,Neutral
test_id_8573,ও জেলা মহিলা আওয়ামী লীগ সভাপতি অধ্যাপিকা ।,Neutral
test_id_8574,জেলা মহিলা আওয়ামী লীগ সভাপতি অধ্যাপিকা মাসুদা ।,Neutral
test_id_8575,মহিলা আওয়ামী লীগ সভাপতি অধ্যাপিকা মাসুদা নুর ।,Neutral
test_id_8576,আওয়ামী লীগ সভাপতি অধ্যাপিকা মাসুদা নুর খান ।,Neutral
test_id_8577,পৌর আওয়ামী লীগের ভারপ্রাপ্ত সাধারণ সম্পাদক আমিনুর রহমান ।,Neutral
test_id_8578,আওয়ামী লীগের ভারপ্রাপ্ত সাধারণ সম্পাদক আমিনুর রহমান বাবুল ।,Neutral
test_id_8579,লীগের ভারপ্রাপ্ত সাধারণ সম্পাদক আমিনুর রহমান বাবুল ও ।,Neutral
test_id_8580,ভারপ্রাপ্ত সাধারণ সম্পাদক আমিনুর রহমান বাবুল ও জেলা ।,Neutral
test_id_8581,সাধারণ সম্পাদক আমিনুর রহমান বাবুল ও জেলা মহিলা ।,Neutral
test_id_8582,সম্পাদক আমিনুর রহমান বাবুল ও জেলা মহিলা আওয়ামী ।,Neutral
test_id_8583,আমিনুর রহমান বাবুল ও জেলা মহিলা আওয়ামী লীগ ।,Neutral
test_id_8584,রহমান বাবুল ও জেলা মহিলা আওয়ামী লীগ সভাপতি ।,Neutral
test_id_8585,বাবুল ও জেলা মহিলা আওয়ামী লীগ সভাপতি অধ্যাপিকা ।,Neutral
test_id_8586,ও জেলা মহিলা আওয়ামী লীগ সভাপতি অধ্যাপিকা মাসুদা ।,Neutral
test_id_8587,জেলা মহিলা আওয়ামী লীগ সভাপতি অধ্যাপিকা মাসুদা নুর ।,Neutral
test_id_8588,মহিলা আওয়ামী লীগ সভাপতি অধ্যাপিকা মাসুদা নুর খান ।,Neutral
test_id_8589,আমরা বর্তমানে যে সভ্যতায় বসবাস করছি শত ।,Neutral
test_id_8590,বর্তমানে যে সভ্যতায় বসবাস করছি শত বছর ।,Neutral
test_id_8591,যে সভ্যতায় বসবাস করছি শত বছর আগে ।,Neutral
test_id_8592,আমরা বর্তমানে যে সভ্যতায় বসবাস করছি শত বছর ।,Neutral
test_id_8593,বর্তমানে যে সভ্যতায় বসবাস করছি শত বছর আগে ।,Neutral
test_id_8594,হাজার বছর আগে সভ্যতার রূপ এ রকম ।,Neutral
test_id_8595,বছর আগে সভ্যতার রূপ এ রকম ছিল ।,Neutral
test_id_8596,আগে সভ্যতার রূপ এ রকম ছিল না ।,Neutral
test_id_8597,হাজার বছর আগে সভ্যতার রূপ এ রকম ছিল ।,Neutral
test_id_8598,বছর আগে সভ্যতার রূপ এ রকম ছিল না ।,Neutral
test_id_8599,যে সভ্যতায় বসবাস করছি শত বছর পর ।,Neutral
test_id_8600,বর্তমানে যে সভ্যতায় বসবাস করছি শত বছর পর ।,Neutral
test_id_8601,হাজার বছর পর সভ্যতার রূপ এ রকম ।,Neutral
test_id_8602,বছর পর সভ্যতার রূপ এ রকম থাকবে ।,Neutral
test_id_8603,পর সভ্যতার রূপ এ রকম থাকবে না ।,Neutral
test_id_8604,হাজার বছর পর সভ্যতার রূপ এ রকম থাকবে ।,Neutral
test_id_8605,বছর পর সভ্যতার রূপ এ রকম থাকবে না ।,Neutral
test_id_8606,বর্তমানে যেভাবে সভ্যতার উন্নয়ন হচ্ছে তার মূল ।,Neutral
test_id_8607,যেভাবে সভ্যতার উন্নয়ন হচ্ছে তার মূল বাহন ।,Neutral
test_id_8608,সভ্যতার উন্নয়ন হচ্ছে তার মূল বাহন হলো ।,Neutral
test_id_8609,উন্নয়ন হচ্ছে তার মূল বাহন হলো শক্তি ।,Neutral
test_id_8610,বর্তমানে যেভাবে সভ্যতার উন্নয়ন হচ্ছে তার মূল বাহন ।,Neutral
test_id_8611,যেভাবে সভ্যতার উন্নয়ন হচ্ছে তার মূল বাহন হলো ।,Neutral
test_id_8612,সভ্যতার উন্নয়ন হচ্ছে তার মূল বাহন হলো শক্তি ।,Neutral
test_id_8613,যে জাতি যত বেশি শক্তি ব্যবহার করতে ।,Neutral
test_id_8614,জাতি যত বেশি শক্তি ব্যবহার করতে পারে ।,Neutral
test_id_8615,যে জাতি যত বেশি শক্তি ব্যবহার করতে পারে ।,Neutral
test_id_8616,শক্তিকে ব্যবহারের জন্য মানুষ উদ্ভাবন করেছে নানা ।,Neutral
test_id_8617,ব্যবহারের জন্য মানুষ উদ্ভাবন করেছে নানা ধরনের ।,Neutral
test_id_8618,জন্য মানুষ উদ্ভাবন করেছে নানা ধরনের ব্যবস্থা ।,Neutral
test_id_8619,শক্তিকে ব্যবহারের জন্য মানুষ উদ্ভাবন করেছে নানা ধরনের ।,Neutral
test_id_8620,ব্যবহারের জন্য মানুষ উদ্ভাবন করেছে নানা ধরনের ব্যবস্থা ।,Neutral
test_id_8621,তা দিয়ে পৃথিবীর সব মানুষের সব ধরনের ।,Neutral
test_id_8622,দিয়ে পৃথিবীর সব মানুষের সব ধরনের চাহিদা ।,Neutral
test_id_8623,পৃথিবীর সব মানুষের সব ধরনের চাহিদা পূরণ ।,Neutral
test_id_8624,সব মানুষের সব ধরনের চাহিদা পূরণ হবে ।,Neutral
test_id_8625,মানুষের সব ধরনের চাহিদা পূরণ হবে না ।,Neutral
test_id_8626,তা দিয়ে পৃথিবীর সব মানুষের সব ধরনের চাহিদা ।,Neutral
test_id_8627,দিয়ে পৃথিবীর সব মানুষের সব ধরনের চাহিদা পূরণ ।,Neutral
test_id_8628,পৃথিবীর সব মানুষের সব ধরনের চাহিদা পূরণ হবে ।,Neutral
test_id_8629,সব মানুষের সব ধরনের চাহিদা পূরণ হবে না ।,Neutral
test_id_8630,তার ওপর পৃথিবীর শক্তি বৃদ্ধি পাচ্ছে না ।,Neutral
test_id_8631,এর সঙ্গে পাল্লা দিয়ে বাড়ছে মানুষের চাহিদাও ।,Neutral
test_id_8632,মানুষ উন্নত প্রযুক্তির উন্নত সভ্যতার উন্নত জীবনযাপনে ।,Neutral
test_id_8633,উন্নত প্রযুক্তির উন্নত সভ্যতার উন্নত জীবনযাপনে আগ্রহী ।,Neutral
test_id_8634,মানুষ উন্নত প্রযুক্তির উন্নত সভ্যতার উন্নত জীবনযাপনে আগ্রহী ।,Neutral
test_id_8635,কেউই কিছুটা পেছনে গিয়ে শক্তির দিক থেকে ।,Neutral
test_id_8636,কিছুটা পেছনে গিয়ে শক্তির দিক থেকে ‘অনুন্নত’ ।,Neutral
test_id_8637,পেছনে গিয়ে শক্তির দিক থেকে ‘অনুন্নত’ জীবন ।,Neutral
test_id_8638,গিয়ে শক্তির দিক থেকে ‘অনুন্নত’ জীবন যাপনে ।,Neutral
test_id_8639,শক্তির দিক থেকে ‘অনুন্নত’ জীবন যাপনে আগ্রহী ।,Neutral
test_id_8640,দিক থেকে ‘অনুন্নত’ জীবন যাপনে আগ্রহী নয় ।,Neutral
test_id_8641,কেউই কিছুটা পেছনে গিয়ে শক্তির দিক থেকে ‘অনুন্নত’ ।,Neutral
test_id_8642,কিছুটা পেছনে গিয়ে শক্তির দিক থেকে ‘অনুন্নত’ জীবন ।,Neutral
test_id_8643,পেছনে গিয়ে শক্তির দিক থেকে ‘অনুন্নত’ জীবন যাপনে ।,Neutral
test_id_8644,গিয়ে শক্তির দিক থেকে ‘অনুন্নত’ জীবন যাপনে আগ্রহী ।,Neutral
test_id_8645,শক্তির দিক থেকে ‘অনুন্নত’ জীবন যাপনে আগ্রহী নয় ।,Neutral
test_id_8646,কেউই কাঠ-কয়লা পুড়িয়ে হাড়ির তলা কালি করে ।,Neutral
test_id_8647,কাঠ-কয়লা পুড়িয়ে হাড়ির তলা কালি করে রান্নায় ।,Neutral
test_id_8648,পুড়িয়ে হাড়ির তলা কালি করে রান্নায় আগ্রহী ।,Neutral
test_id_8649,হাড়ির তলা কালি করে রান্নায় আগ্রহী নয় ।,Neutral
test_id_8650,কেউই কাঠ-কয়লা পুড়িয়ে হাড়ির তলা কালি করে রান্নায় ।,Neutral
test_id_8651,কাঠ-কয়লা পুড়িয়ে হাড়ির তলা কালি করে রান্নায় আগ্রহী ।,Neutral
test_id_8652,পুড়িয়ে হাড়ির তলা কালি করে রান্নায় আগ্রহী নয় ।,Neutral
test_id_8653,সুযোগ পাওয়ামাত্রই সবাই গ্যাসের চুলা কিংবা বৈদ্যুতিক ।,Neutral
test_id_8654,পাওয়ামাত্রই সবাই গ্যাসের চুলা কিংবা বৈদ্যুতিক চুলায় ।,Neutral
test_id_8655,সবাই গ্যাসের চুলা কিংবা বৈদ্যুতিক চুলায় রান্না ।,Neutral
test_id_8656,গ্যাসের চুলা কিংবা বৈদ্যুতিক চুলায় রান্না করতে ।,Neutral
test_id_8657,চুলা কিংবা বৈদ্যুতিক চুলায় রান্না করতে চায় ।,Neutral
test_id_8658,সুযোগ পাওয়ামাত্রই সবাই গ্যাসের চুলা কিংবা বৈদ্যুতিক চুলায় ।,Neutral
test_id_8659,পাওয়ামাত্রই সবাই গ্যাসের চুলা কিংবা বৈদ্যুতিক চুলায় রান্না ।,Neutral
test_id_8660,সবাই গ্যাসের চুলা কিংবা বৈদ্যুতিক চুলায় রান্না করতে ।,Neutral
test_id_8661,গ্যাসের চুলা কিংবা বৈদ্যুতিক চুলায় রান্না করতে চায় ।,Neutral
test_id_8662,আবার কেউই হেঁটে হেঁটে ২০ কিলোমিটার পথ ।,Neutral
test_id_8663,কেউই হেঁটে হেঁটে ২০ কিলোমিটার পথ পেরিয়ে ।,Neutral
test_id_8664,হেঁটে হেঁটে ২০ কিলোমিটার পথ পেরিয়ে মামার ।,Neutral
test_id_8665,হেঁটে ২০ কিলোমিটার পথ পেরিয়ে মামার বাড়ি ।,Neutral
test_id_8666,২০ কিলোমিটার পথ পেরিয়ে মামার বাড়ি যেতে ।,Neutral
test_id_8667,কিলোমিটার পথ পেরিয়ে মামার বাড়ি যেতে চায় ।,Neutral
test_id_8668,পথ পেরিয়ে মামার বাড়ি যেতে চায় না ।,Neutral
test_id_8669,আবার কেউই হেঁটে হেঁটে ২০ কিলোমিটার পথ পেরিয়ে ।,Neutral
test_id_8670,কেউই হেঁটে হেঁটে ২০ কিলোমিটার পথ পেরিয়ে মামার ।,Neutral
test_id_8671,হেঁটে হেঁটে ২০ কিলোমিটার পথ পেরিয়ে মামার বাড়ি ।,Neutral
test_id_8672,হেঁটে ২০ কিলোমিটার পথ পেরিয়ে মামার বাড়ি যেতে ।,Neutral
test_id_8673,২০ কিলোমিটার পথ পেরিয়ে মামার বাড়ি যেতে চায় ।,Neutral
test_id_8674,কিলোমিটার পথ পেরিয়ে মামার বাড়ি যেতে চায় না ।,Neutral
test_id_8675,সবাই ট্রেন কিংবা বাস চড়ে এই রাস্তা ।,Neutral
test_id_8676,ট্রেন কিংবা বাস চড়ে এই রাস্তা পেরোতে ।,Neutral
test_id_8677,কিংবা বাস চড়ে এই রাস্তা পেরোতে আগ্রহী ।,Neutral
test_id_8678,সবাই ট্রেন কিংবা বাস চড়ে এই রাস্তা পেরোতে ।,Neutral
test_id_8679,ট্রেন কিংবা বাস চড়ে এই রাস্তা পেরোতে আগ্রহী ।,Neutral
test_id_8680,এছাড়া কেউই খড় দিয়ে পাতা দিয়ে বানানো ।,Neutral
test_id_8681,কেউই খড় দিয়ে পাতা দিয়ে বানানো ঘরে ।,Neutral
test_id_8682,খড় দিয়ে পাতা দিয়ে বানানো ঘরে থাকতে ।,Neutral
test_id_8683,দিয়ে পাতা দিয়ে বানানো ঘরে থাকতে আগ্রহী ।,Neutral
test_id_8684,পাতা দিয়ে বানানো ঘরে থাকতে আগ্রহী নয় ।,Neutral
test_id_8685,এছাড়া কেউই খড় দিয়ে পাতা দিয়ে বানানো ঘরে ।,Neutral
test_id_8686,কেউই খড় দিয়ে পাতা দিয়ে বানানো ঘরে থাকতে ।,Neutral
test_id_8687,খড় দিয়ে পাতা দিয়ে বানানো ঘরে থাকতে আগ্রহী ।,Neutral
test_id_8688,দিয়ে পাতা দিয়ে বানানো ঘরে থাকতে আগ্রহী নয় ।,Neutral
test_id_8689,সবাই দালান কোঠা কিংবা টিনশেডের ঘরে থাকতে ।,Neutral
test_id_8690,দালান কোঠা কিংবা টিনশেডের ঘরে থাকতে চায় ।,Neutral
test_id_8691,সবাই দালান কোঠা কিংবা টিনশেডের ঘরে থাকতে চায় ।,Neutral
test_id_8692,কেউই লাইনের পর লাইন চিঠি লিখে পোস্ট ।,Neutral
test_id_8693,লাইনের পর লাইন চিঠি লিখে পোস্ট অফিসে ।,Neutral
test_id_8694,পর লাইন চিঠি লিখে পোস্ট অফিসে পাঠিয়ে ।,Neutral
test_id_8695,লাইন চিঠি লিখে পোস্ট অফিসে পাঠিয়ে শঙ্কায় ।,Neutral
test_id_8696,চিঠি লিখে পোস্ট অফিসে পাঠিয়ে শঙ্কায় থাকতে ।,Neutral
test_id_8697,লিখে পোস্ট অফিসে পাঠিয়ে শঙ্কায় থাকতে চায় ।,Neutral
test_id_8698,পোস্ট অফিসে পাঠিয়ে শঙ্কায় থাকতে চায় না ।,Neutral
test_id_8699,অফিসে পাঠিয়ে শঙ্কায় থাকতে চায় না যে ।,Neutral
test_id_8700,পাঠিয়ে শঙ্কায় থাকতে চায় না যে চিঠিটি ।,Neutral
test_id_8701,শঙ্কায় থাকতে চায় না যে চিঠিটি পৌঁছাল ।,Neutral
test_id_8702,থাকতে চায় না যে চিঠিটি পৌঁছাল কিনা ।,Neutral
test_id_8703,কেউই লাইনের পর লাইন চিঠি লিখে পোস্ট অফিসে ।,Neutral
test_id_8704,লাইনের পর লাইন চিঠি লিখে পোস্ট অফিসে পাঠিয়ে ।,Neutral
test_id_8705,পর লাইন চিঠি লিখে পোস্ট অফিসে পাঠিয়ে শঙ্কায় ।,Neutral
test_id_8706,লাইন চিঠি লিখে পোস্ট অফিসে পাঠিয়ে শঙ্কায় থাকতে ।,Neutral
test_id_8707,চিঠি লিখে পোস্ট অফিসে পাঠিয়ে শঙ্কায় থাকতে চায় ।,Neutral
test_id_8708,লিখে পোস্ট অফিসে পাঠিয়ে শঙ্কায় থাকতে চায় না ।,Neutral
test_id_8709,পোস্ট অফিসে পাঠিয়ে শঙ্কায় থাকতে চায় না যে ।,Neutral
test_id_8710,অফিসে পাঠিয়ে শঙ্কায় থাকতে চায় না যে চিঠিটি ।,Neutral
test_id_8711,পাঠিয়ে শঙ্কায় থাকতে চায় না যে চিঠিটি পৌঁছাল ।,Neutral
test_id_8712,শঙ্কায় থাকতে চায় না যে চিঠিটি পৌঁছাল কিনা ।,Neutral
test_id_8713,সবাই চায় অতি সহজে মুঠো ফোনের মাধ্যমে ।,Neutral
test_id_8714,চায় অতি সহজে মুঠো ফোনের মাধ্যমে কথা ।,Neutral
test_id_8715,অতি সহজে মুঠো ফোনের মাধ্যমে কথা বলে ।,Neutral
test_id_8716,সহজে মুঠো ফোনের মাধ্যমে কথা বলে ফেলতে ।,Neutral
test_id_8717,মুঠো ফোনের মাধ্যমে কথা বলে ফেলতে কিংবা ।,Neutral
test_id_8718,ফোনের মাধ্যমে কথা বলে ফেলতে কিংবা মেসেঞ্জার ।,Neutral
test_id_8719,সবাই চায় অতি সহজে মুঠো ফোনের মাধ্যমে কথা ।,Neutral
test_id_8720,চায় অতি সহজে মুঠো ফোনের মাধ্যমে কথা বলে ।,Neutral
test_id_8721,অতি সহজে মুঠো ফোনের মাধ্যমে কথা বলে ফেলতে ।,Neutral
test_id_8722,সহজে মুঠো ফোনের মাধ্যমে কথা বলে ফেলতে কিংবা ।,Neutral
test_id_8723,মুঠো ফোনের মাধ্যমে কথা বলে ফেলতে কিংবা মেসেঞ্জার ।,Neutral
test_id_8724,হোয়াটস অ্যাপ কিংবা অন্য কোন অ্যাপের মাধ্যমে ।,Neutral
test_id_8725,অ্যাপ কিংবা অন্য কোন অ্যাপের মাধ্যমে কোনো ।,Neutral
test_id_8726,কিংবা অন্য কোন অ্যাপের মাধ্যমে কোনো তথ্য ।,Neutral
test_id_8727,অন্য কোন অ্যাপের মাধ্যমে কোনো তথ্য শিগগিরই ।,Neutral
test_id_8728,কোন অ্যাপের মাধ্যমে কোনো তথ্য শিগগিরই জানিয়ে ।,Neutral
test_id_8729,অ্যাপের মাধ্যমে কোনো তথ্য শিগগিরই জানিয়ে দিতে ।,Neutral
test_id_8730,হোয়াটস অ্যাপ কিংবা অন্য কোন অ্যাপের মাধ্যমে কোনো ।,Neutral
test_id_8731,অ্যাপ কিংবা অন্য কোন অ্যাপের মাধ্যমে কোনো তথ্য ।,Neutral
test_id_8732,কিংবা অন্য কোন অ্যাপের মাধ্যমে কোনো তথ্য শিগগিরই ।,Neutral
test_id_8733,অন্য কোন অ্যাপের মাধ্যমে কোনো তথ্য শিগগিরই জানিয়ে ।,Neutral
test_id_8734,কোন অ্যাপের মাধ্যমে কোনো তথ্য শিগগিরই জানিয়ে দিতে ।,Neutral
test_id_8735,এই যে মানুষ সাধারণ কোনো কিছুতে আগ্রহী ।,Neutral
test_id_8736,যে মানুষ সাধারণ কোনো কিছুতে আগ্রহী নয় ।,Neutral
test_id_8737,এই যে মানুষ সাধারণ কোনো কিছুতে আগ্রহী নয় ।,Neutral
test_id_8738,উন্নত প্রযুক্তিতে আগ্রহী তার সবগুলোর পেছনেই দরকার ।,Neutral
test_id_8739,প্রযুক্তিতে আগ্রহী তার সবগুলোর পেছনেই দরকার শক্তি ।,Neutral
test_id_8740,উন্নত প্রযুক্তিতে আগ্রহী তার সবগুলোর পেছনেই দরকার শক্তি ।,Neutral
test_id_8741,এই শক্তি আসে পৃথিবীতে সঞ্চিত শক্তির মাধ্যমে ।,Neutral
test_id_8742,অল্প কিছু শক্তি আসে সূর্যের তাপ ও ।,Neutral
test_id_8743,কিছু শক্তি আসে সূর্যের তাপ ও আলোকশক্তি ।,Neutral
test_id_8744,শক্তি আসে সূর্যের তাপ ও আলোকশক্তি থেকে ।,Neutral
test_id_8745,অল্প কিছু শক্তি আসে সূর্যের তাপ ও আলোকশক্তি ।,Neutral
test_id_8746,কিছু শক্তি আসে সূর্যের তাপ ও আলোকশক্তি থেকে ।,Neutral
test_id_8747,সোলার প্যানেলের মাধ্যমে এ শক্তি আহরণ করা ।,Neutral
test_id_8748,প্যানেলের মাধ্যমে এ শক্তি আহরণ করা হয় ।,Neutral
test_id_8749,সোলার প্যানেলের মাধ্যমে এ শক্তি আহরণ করা হয় ।,Neutral
test_id_8750,পৃথিবীর এত মানুষের চাহিদার প্রেক্ষাপটে পৃথিবীতে সঞ্চিত ।,Neutral
test_id_8751,এত মানুষের চাহিদার প্রেক্ষাপটে পৃথিবীতে সঞ্চিত শক্তি ।,Neutral
test_id_8752,মানুষের চাহিদার প্রেক্ষাপটে পৃথিবীতে সঞ্চিত শক্তি পর্যাপ্ত ।,Neutral
test_id_8753,চাহিদার প্রেক্ষাপটে পৃথিবীতে সঞ্চিত শক্তি পর্যাপ্ত নয় ।,Neutral
test_id_8754,পৃথিবীর এত মানুষের চাহিদার প্রেক্ষাপটে পৃথিবীতে সঞ্চিত শক্তি ।,Neutral
test_id_8755,এত মানুষের চাহিদার প্রেক্ষাপটে পৃথিবীতে সঞ্চিত শক্তি পর্যাপ্ত ।,Neutral
test_id_8756,মানুষের চাহিদার প্রেক্ষাপটে পৃথিবীতে সঞ্চিত শক্তি পর্যাপ্ত নয় ।,Neutral
test_id_8757,সভ্যতা যে অবস্থায় আছে তাকে আরো উন্নত ।,Neutral
test_id_8758,যে অবস্থায় আছে তাকে আরো উন্নত পর্যায়ে ।,Neutral
test_id_8759,অবস্থায় আছে তাকে আরো উন্নত পর্যায়ে নিয়ে ।,Neutral
test_id_8760,আছে তাকে আরো উন্নত পর্যায়ে নিয়ে যেতে ।,Neutral
test_id_8761,তাকে আরো উন্নত পর্যায়ে নিয়ে যেতে দরকার ।,Neutral
test_id_8762,আরো উন্নত পর্যায়ে নিয়ে যেতে দরকার আরও ।,Neutral
test_id_8763,উন্নত পর্যায়ে নিয়ে যেতে দরকার আরও আরও ।,Neutral
test_id_8764,পর্যায়ে নিয়ে যেতে দরকার আরও আরও শক্তি ।,Neutral
test_id_8765,সভ্যতা যে অবস্থায় আছে তাকে আরো উন্নত পর্যায়ে ।,Neutral
test_id_8766,যে অবস্থায় আছে তাকে আরো উন্নত পর্যায়ে নিয়ে ।,Neutral
test_id_8767,অবস্থায় আছে তাকে আরো উন্নত পর্যায়ে নিয়ে যেতে ।,Neutral
test_id_8768,আছে তাকে আরো উন্নত পর্যায়ে নিয়ে যেতে দরকার ।,Neutral
test_id_8769,তাকে আরো উন্নত পর্যায়ে নিয়ে যেতে দরকার আরও ।,Neutral
test_id_8770,আরো উন্নত পর্যায়ে নিয়ে যেতে দরকার আরও আরও ।,Neutral
test_id_8771,উন্নত পর্যায়ে নিয়ে যেতে দরকার আরও আরও শক্তি ।,Neutral
test_id_8772,সূর্য থেকে প্রতি মুহূর্তে অকল্পনীয় পরিমাণ শক্তি ।,Neutral
test_id_8773,থেকে প্রতি মুহূর্তে অকল্পনীয় পরিমাণ শক্তি মুক্ত ।,Neutral
test_id_8774,প্রতি মুহূর্তে অকল্পনীয় পরিমাণ শক্তি মুক্ত হচ্ছে ।,Neutral
test_id_8775,সূর্য থেকে প্রতি মুহূর্তে অকল্পনীয় পরিমাণ শক্তি মুক্ত ।,Neutral
test_id_8776,থেকে প্রতি মুহূর্তে অকল্পনীয় পরিমাণ শক্তি মুক্ত হচ্ছে ।,Neutral
test_id_8777,তার অতি সামান্য পরিমাণ শক্তি আমরা ধরতে ।,Neutral
test_id_8778,অতি সামান্য পরিমাণ শক্তি আমরা ধরতে পারছি ।,Neutral
test_id_8779,তার অতি সামান্য পরিমাণ শক্তি আমরা ধরতে পারছি ।,Neutral
test_id_8780,এমন কোনো ব্যবস্থা যদি তৈরি করা যায় ।,Neutral
test_id_8781,কোনো ব্যবস্থা যদি তৈরি করা যায় যার ।,Neutral
test_id_8782,ব্যবস্থা যদি তৈরি করা যায় যার মাধ্যমে ।,Neutral
test_id_8783,যদি তৈরি করা যায় যার মাধ্যমে সূর্যের ।,Neutral
test_id_8784,তৈরি করা যায় যার মাধ্যমে সূর্যের অধিকাংশ ।,Neutral
test_id_8785,করা যায় যার মাধ্যমে সূর্যের অধিকাংশ শক্তিকে ।,Neutral
test_id_8786,যায় যার মাধ্যমে সূর্যের অধিকাংশ শক্তিকে আহরণ ।,Neutral
test_id_8787,যার মাধ্যমে সূর্যের অধিকাংশ শক্তিকে আহরণ করা ।,Neutral
test_id_8788,মাধ্যমে সূর্যের অধিকাংশ শক্তিকে আহরণ করা সম্ভব ।,Neutral
test_id_8789,সূর্যের অধিকাংশ শক্তিকে আহরণ করা সম্ভব হবে ।,Neutral
test_id_8790,এমন কোনো ব্যবস্থা যদি তৈরি করা যায় যার ।,Neutral
test_id_8791,কোনো ব্যবস্থা যদি তৈরি করা যায় যার মাধ্যমে ।,Neutral
test_id_8792,ব্যবস্থা যদি তৈরি করা যায় যার মাধ্যমে সূর্যের ।,Neutral
test_id_8793,যদি তৈরি করা যায় যার মাধ্যমে সূর্যের অধিকাংশ ।,Neutral
test_id_8794,তৈরি করা যায় যার মাধ্যমে সূর্যের অধিকাংশ শক্তিকে ।,Neutral
test_id_8795,করা যায় যার মাধ্যমে সূর্যের অধিকাংশ শক্তিকে আহরণ ।,Neutral
test_id_8796,যায় যার মাধ্যমে সূর্যের অধিকাংশ শক্তিকে আহরণ করা ।,Neutral
test_id_8797,যার মাধ্যমে সূর্যের অধিকাংশ শক্তিকে আহরণ করা সম্ভব ।,Neutral
test_id_8798,মাধ্যমে সূর্যের অধিকাংশ শক্তিকে আহরণ করা সম্ভব হবে ।,Neutral
test_id_8799,তাহলে সেটা খুব চমৎকার কিছু হবে তাতে ।,Neutral
test_id_8800,সেটা খুব চমৎকার কিছু হবে তাতে কোনো ।,Neutral
test_id_8801,খুব চমৎকার কিছু হবে তাতে কোনো সন্দেহ ।,Neutral
test_id_8802,চমৎকার কিছু হবে তাতে কোনো সন্দেহ নেই ।,Neutral
test_id_8803,তাহলে সেটা খুব চমৎকার কিছু হবে তাতে কোনো ।,Neutral
test_id_8804,সেটা খুব চমৎকার কিছু হবে তাতে কোনো সন্দেহ ।,Neutral
test_id_8805,খুব চমৎকার কিছু হবে তাতে কোনো সন্দেহ নেই ।,Neutral
test_id_8806,দূর ভবিষ্যতের কোনো কাজ যদি আজকে শুরু ।,Neutral
test_id_8807,ভবিষ্যতের কোনো কাজ যদি আজকে শুরু না ।,Neutral
test_id_8808,কোনো কাজ যদি আজকে শুরু না করি ।,Neutral
test_id_8809,কাজ যদি আজকে শুরু না করি তাহলে ।,Neutral
test_id_8810,যদি আজকে শুরু না করি তাহলে দূরেরটা ।,Neutral
test_id_8811,আজকে শুরু না করি তাহলে দূরেরটা আরও ।,Neutral
test_id_8812,শুরু না করি তাহলে দূরেরটা আরও দূরে ।,Neutral
test_id_8813,না করি তাহলে দূরেরটা আরও দূরে সরে ।,Neutral
test_id_8814,করি তাহলে দূরেরটা আরও দূরে সরে যাবে ।,Neutral
test_id_8815,দূর ভবিষ্যতের কোনো কাজ যদি আজকে শুরু না ।,Neutral
test_id_8816,ভবিষ্যতের কোনো কাজ যদি আজকে শুরু না করি ।,Neutral
test_id_8817,কোনো কাজ যদি আজকে শুরু না করি তাহলে ।,Neutral
test_id_8818,কাজ যদি আজকে শুরু না করি তাহলে দূরেরটা ।,Neutral
test_id_8819,যদি আজকে শুরু না করি তাহলে দূরেরটা আরও ।,Neutral
test_id_8820,আজকে শুরু না করি তাহলে দূরেরটা আরও দূরে ।,Neutral
test_id_8821,শুরু না করি তাহলে দূরেরটা আরও দূরে সরে ।,Neutral
test_id_8822,না করি তাহলে দূরেরটা আরও দূরে সরে যাবে ।,Neutral
test_id_8823,আজকে পদক্ষেপ নিলেই না তবে ভবিষ্যৎটা এগিয়ে ।,Neutral
test_id_8824,পদক্ষেপ নিলেই না তবে ভবিষ্যৎটা এগিয়ে আসবে ।,Neutral
test_id_8825,নিলেই না তবে ভবিষ্যৎটা এগিয়ে আসবে আমাদের ।,Neutral
test_id_8826,না তবে ভবিষ্যৎটা এগিয়ে আসবে আমাদের দিকে ।,Neutral
test_id_8827,আজকে পদক্ষেপ নিলেই না তবে ভবিষ্যৎটা এগিয়ে আসবে ।,Neutral
test_id_8828,পদক্ষেপ নিলেই না তবে ভবিষ্যৎটা এগিয়ে আসবে আমাদের ।,Neutral
test_id_8829,নিলেই না তবে ভবিষ্যৎটা এগিয়ে আসবে আমাদের দিকে ।,Neutral
test_id_8830,এই বলে বসে থাকলেই তো হবে না ।,Neutral
test_id_8831,কীভাবে সর্বোচ্চ পরিমাণ শক্তি আহরণ করা যাবে ।,Neutral
test_id_8832,কীভাবে সভ্যতার উন্নয়নে এদের ব্যবহার করা যাবে ।,Neutral
test_id_8833,সভ্যতার উন্নয়নে এদের ব্যবহার করা যাবে তার ।,Neutral
test_id_8834,উন্নয়নে এদের ব্যবহার করা যাবে তার জন্য ।,Neutral
test_id_8835,এদের ব্যবহার করা যাবে তার জন্য দরকার ।,Neutral
test_id_8836,ব্যবহার করা যাবে তার জন্য দরকার গবেষণা ।,Neutral
test_id_8837,কীভাবে সভ্যতার উন্নয়নে এদের ব্যবহার করা যাবে তার ।,Neutral
test_id_8838,সভ্যতার উন্নয়নে এদের ব্যবহার করা যাবে তার জন্য ।,Neutral
test_id_8839,উন্নয়নে এদের ব্যবহার করা যাবে তার জন্য দরকার ।,Neutral
test_id_8840,এদের ব্যবহার করা যাবে তার জন্য দরকার গবেষণা ।,Neutral
test_id_8841,শক্তির প্রধান উৎস যেহেতু সূর্য তাই সূর্যকে ।,Neutral
test_id_8842,প্রধান উৎস যেহেতু সূর্য তাই সূর্যকে নিয়ে ।,Neutral
test_id_8843,উৎস যেহেতু সূর্য তাই সূর্যকে নিয়ে গবেষণার ।,Neutral
test_id_8844,যেহেতু সূর্য তাই সূর্যকে নিয়ে গবেষণার বিকল্প ।,Neutral
test_id_8845,সূর্য তাই সূর্যকে নিয়ে গবেষণার বিকল্প নেই ।,Neutral
test_id_8846,শক্তির প্রধান উৎস যেহেতু সূর্য তাই সূর্যকে নিয়ে ।,Neutral
test_id_8847,প্রধান উৎস যেহেতু সূর্য তাই সূর্যকে নিয়ে গবেষণার ।,Neutral
test_id_8848,উৎস যেহেতু সূর্য তাই সূর্যকে নিয়ে গবেষণার বিকল্প ।,Neutral
test_id_8849,যেহেতু সূর্য তাই সূর্যকে নিয়ে গবেষণার বিকল্প নেই ।,Neutral
test_id_8850,সে ধরন ও বৈশিষ্ট্য অনুসারে কেমন ব্যবস্থা ।,Neutral
test_id_8851,ধরন ও বৈশিষ্ট্য অনুসারে কেমন ব্যবস্থা নিলে ।,Neutral
test_id_8852,ও বৈশিষ্ট্য অনুসারে কেমন ব্যবস্থা নিলে সূর্য ।,Neutral
test_id_8853,বৈশিষ্ট্য অনুসারে কেমন ব্যবস্থা নিলে সূর্য থেকে ।,Neutral
test_id_8854,অনুসারে কেমন ব্যবস্থা নিলে সূর্য থেকে সর্বোচ্চটা ।,Neutral
test_id_8855,কেমন ব্যবস্থা নিলে সূর্য থেকে সর্বোচ্চটা নিংড়ে ।,Neutral
test_id_8856,ব্যবস্থা নিলে সূর্য থেকে সর্বোচ্চটা নিংড়ে আনা ।,Neutral
test_id_8857,নিলে সূর্য থেকে সর্বোচ্চটা নিংড়ে আনা যাবে ।,Neutral
test_id_8858,সে ধরন ও বৈশিষ্ট্য অনুসারে কেমন ব্যবস্থা নিলে ।,Neutral
test_id_8859,ধরন ও বৈশিষ্ট্য অনুসারে কেমন ব্যবস্থা নিলে সূর্য ।,Neutral
test_id_8860,ও বৈশিষ্ট্য অনুসারে কেমন ব্যবস্থা নিলে সূর্য থেকে ।,Neutral
test_id_8861,বৈশিষ্ট্য অনুসারে কেমন ব্যবস্থা নিলে সূর্য থেকে সর্বোচ্চটা ।,Neutral
test_id_8862,অনুসারে কেমন ব্যবস্থা নিলে সূর্য থেকে সর্বোচ্চটা নিংড়ে ।,Neutral
test_id_8863,কেমন ব্যবস্থা নিলে সূর্য থেকে সর্বোচ্চটা নিংড়ে আনা ।,Neutral
test_id_8864,ব্যবস্থা নিলে সূর্য থেকে সর্বোচ্চটা নিংড়ে আনা যাবে ।,Neutral
test_id_8865,সূর্যকে যদি চারপাশ থেকে বিশেষ কোনো সোলার ।,Neutral
test_id_8866,যদি চারপাশ থেকে বিশেষ কোনো সোলার প্যানেলে ।,Neutral
test_id_8867,চারপাশ থেকে বিশেষ কোনো সোলার প্যানেলে ঘিরে ।,Neutral
test_id_8868,থেকে বিশেষ কোনো সোলার প্যানেলে ঘিরে নেওয়া ।,Neutral
test_id_8869,বিশেষ কোনো সোলার প্যানেলে ঘিরে নেওয়া হয় ।,Neutral
test_id_8870,কোনো সোলার প্যানেলে ঘিরে নেওয়া হয় এবং ।,Neutral
test_id_8871,সোলার প্যানেলে ঘিরে নেওয়া হয় এবং তাপ ।,Neutral
test_id_8872,প্যানেলে ঘিরে নেওয়া হয় এবং তাপ ও ।,Neutral
test_id_8873,ঘিরে নেওয়া হয় এবং তাপ ও আলোকশক্তিকে ।,Neutral
test_id_8874,নেওয়া হয় এবং তাপ ও আলোকশক্তিকে এর ।,Neutral
test_id_8875,হয় এবং তাপ ও আলোকশক্তিকে এর মাধ্যমে ।,Neutral
test_id_8876,এবং তাপ ও আলোকশক্তিকে এর মাধ্যমে আহরণ ।,Neutral
test_id_8877,তাপ ও আলোকশক্তিকে এর মাধ্যমে আহরণ করা ।,Neutral
test_id_8878,ও আলোকশক্তিকে এর মাধ্যমে আহরণ করা হয় ।,Neutral
test_id_8879,আলোকশক্তিকে এর মাধ্যমে আহরণ করা হয় তাহলে ।,Neutral
test_id_8880,এর মাধ্যমে আহরণ করা হয় তাহলে ব্যাপক ।,Neutral
test_id_8881,মাধ্যমে আহরণ করা হয় তাহলে ব্যাপক শক্তির ।,Neutral
test_id_8882,আহরণ করা হয় তাহলে ব্যাপক শক্তির জোগান ।,Neutral
test_id_8883,করা হয় তাহলে ব্যাপক শক্তির জোগান পাবে ।,Neutral
test_id_8884,হয় তাহলে ব্যাপক শক্তির জোগান পাবে মানবজাতি ।,Neutral
test_id_8885,সূর্যকে যদি চারপাশ থেকে বিশেষ কোনো সোলার প্যানেলে ।,Neutral
test_id_8886,যদি চারপাশ থেকে বিশেষ কোনো সোলার প্যানেলে ঘিরে ।,Neutral
test_id_8887,চারপাশ থেকে বিশেষ কোনো সোলার প্যানেলে ঘিরে নেওয়া ।,Neutral
test_id_8888,থেকে বিশেষ কোনো সোলার প্যানেলে ঘিরে নেওয়া হয় ।,Neutral
test_id_8889,বিশেষ কোনো সোলার প্যানেলে ঘিরে নেওয়া হয় এবং ।,Neutral
test_id_8890,কোনো সোলার প্যানেলে ঘিরে নেওয়া হয় এবং তাপ ।,Neutral
test_id_8891,সোলার প্যানেলে ঘিরে নেওয়া হয় এবং তাপ ও ।,Neutral
test_id_8892,প্যানেলে ঘিরে নেওয়া হয় এবং তাপ ও আলোকশক্তিকে ।,Neutral
test_id_8893,ঘিরে নেওয়া হয় এবং তাপ ও আলোকশক্তিকে এর ।,Neutral
test_id_8894,নেওয়া হয় এবং তাপ ও আলোকশক্তিকে এর মাধ্যমে ।,Neutral
test_id_8895,হয় এবং তাপ ও আলোকশক্তিকে এর মাধ্যমে আহরণ ।,Neutral
test_id_8896,এবং তাপ ও আলোকশক্তিকে এর মাধ্যমে আহরণ করা ।,Neutral
test_id_8897,তাপ ও আলোকশক্তিকে এর মাধ্যমে আহরণ করা হয় ।,Neutral
test_id_8898,ও আলোকশক্তিকে এর মাধ্যমে আহরণ করা হয় তাহলে ।,Neutral
test_id_8899,আলোকশক্তিকে এর মাধ্যমে আহরণ করা হয় তাহলে ব্যাপক ।,Neutral
test_id_8900,এর মাধ্যমে আহরণ করা হয় তাহলে ব্যাপক শক্তির ।,Neutral
test_id_8901,মাধ্যমে আহরণ করা হয় তাহলে ব্যাপক শক্তির জোগান ।,Neutral
test_id_8902,আহরণ করা হয় তাহলে ব্যাপক শক্তির জোগান পাবে ।,Neutral
test_id_8903,করা হয় তাহলে ব্যাপক শক্তির জোগান পাবে মানবজাতি ।,Neutral
test_id_8904,সৌরজগতের বিভিন্ন স্থানে এক বা একাধিক শক্তি ।,Neutral
test_id_8905,বিভিন্ন স্থানে এক বা একাধিক শক্তি স্টেশন ।,Neutral
test_id_8906,স্থানে এক বা একাধিক শক্তি স্টেশন থাকবে ।,Neutral
test_id_8907,সৌরজগতের বিভিন্ন স্থানে এক বা একাধিক শক্তি স্টেশন ।,Neutral
test_id_8908,বিভিন্ন স্থানে এক বা একাধিক শক্তি স্টেশন থাকবে ।,Neutral
test_id_8909,যেখান থেকে মানুষের চাহিদামতো পৃথিবীতে কিংবা চাঁদে ।,Neutral
test_id_8910,থেকে মানুষের চাহিদামতো পৃথিবীতে কিংবা চাঁদে কিংবা ।,Neutral
test_id_8911,মানুষের চাহিদামতো পৃথিবীতে কিংবা চাঁদে কিংবা মঙ্গল ।,Neutral
test_id_8912,চাহিদামতো পৃথিবীতে কিংবা চাঁদে কিংবা মঙ্গল গ্রহে ।,Neutral
test_id_8913,পৃথিবীতে কিংবা চাঁদে কিংবা মঙ্গল গ্রহে শক্তি ।,Neutral
test_id_8914,কিংবা চাঁদে কিংবা মঙ্গল গ্রহে শক্তি স্থানান্তর ।,Neutral
test_id_8915,চাঁদে কিংবা মঙ্গল গ্রহে শক্তি স্থানান্তর করা ।,Neutral
test_id_8916,কিংবা মঙ্গল গ্রহে শক্তি স্থানান্তর করা সম্ভব ।,Neutral
test_id_8917,মঙ্গল গ্রহে শক্তি স্থানান্তর করা সম্ভব হবে ।,Neutral
test_id_8918,যেখান থেকে মানুষের চাহিদামতো পৃথিবীতে কিংবা চাঁদে কিংবা ।,Neutral
test_id_8919,থেকে মানুষের চাহিদামতো পৃথিবীতে কিংবা চাঁদে কিংবা মঙ্গল ।,Neutral
test_id_8920,মানুষের চাহিদামতো পৃথিবীতে কিংবা চাঁদে কিংবা মঙ্গল গ্রহে ।,Neutral
test_id_8921,চাহিদামতো পৃথিবীতে কিংবা চাঁদে কিংবা মঙ্গল গ্রহে শক্তি ।,Neutral
test_id_8922,পৃথিবীতে কিংবা চাঁদে কিংবা মঙ্গল গ্রহে শক্তি স্থানান্তর ।,Neutral
test_id_8923,কিংবা চাঁদে কিংবা মঙ্গল গ্রহে শক্তি স্থানান্তর করা ।,Neutral
test_id_8924,চাঁদে কিংবা মঙ্গল গ্রহে শক্তি স্থানান্তর করা সম্ভব ।,Neutral
test_id_8925,কিংবা মঙ্গল গ্রহে শক্তি স্থানান্তর করা সম্ভব হবে ।,Neutral
test_id_8926,যখন মঙ্গল গ্রহে কিংবা সৌরজগতের যেকোনো স্থানে ।,Neutral
test_id_8927,মঙ্গল গ্রহে কিংবা সৌরজগতের যেকোনো স্থানে কিংবা ।,Neutral
test_id_8928,গ্রহে কিংবা সৌরজগতের যেকোনো স্থানে কিংবা সৌরজগতের ।,Neutral
test_id_8929,কিংবা সৌরজগতের যেকোনো স্থানে কিংবা সৌরজগতের বাইরে ।,Neutral
test_id_8930,সৌরজগতের যেকোনো স্থানে কিংবা সৌরজগতের বাইরে কোনো ।,Neutral
test_id_8931,যেকোনো স্থানে কিংবা সৌরজগতের বাইরে কোনো আন্তনাক্ষত্রিক ।,Neutral
test_id_8932,স্থানে কিংবা সৌরজগতের বাইরে কোনো আন্তনাক্ষত্রিক স্থানে ।,Neutral
test_id_8933,কিংবা সৌরজগতের বাইরে কোনো আন্তনাক্ষত্রিক স্থানে ভ্রমণ ।,Neutral
test_id_8934,সৌরজগতের বাইরে কোনো আন্তনাক্ষত্রিক স্থানে ভ্রমণ ও ।,Neutral
test_id_8935,বাইরে কোনো আন্তনাক্ষত্রিক স্থানে ভ্রমণ ও বসবাস ।,Neutral
test_id_8936,কোনো আন্তনাক্ষত্রিক স্থানে ভ্রমণ ও বসবাস হবে ।,Neutral
test_id_8937,আন্তনাক্ষত্রিক স্থানে ভ্রমণ ও বসবাস হবে দিনের ।,Neutral
test_id_8938,স্থানে ভ্রমণ ও বসবাস হবে দিনের আলোর ।,Neutral
test_id_8939,ভ্রমণ ও বসবাস হবে দিনের আলোর মতো ।,Neutral
test_id_8940,ও বসবাস হবে দিনের আলোর মতো বাস্তব ।,Neutral
test_id_8941,বসবাস হবে দিনের আলোর মতো বাস্তব ব্যাপার ।,Neutral
test_id_8942,যখন মঙ্গল গ্রহে কিংবা সৌরজগতের যেকোনো স্থানে কিংবা ।,Neutral
test_id_8943,মঙ্গল গ্রহে কিংবা সৌরজগতের যেকোনো স্থানে কিংবা সৌরজগতের ।,Neutral
test_id_8944,গ্রহে কিংবা সৌরজগতের যেকোনো স্থানে কিংবা সৌরজগতের বাইরে ।,Neutral
test_id_8945,কিংবা সৌরজগতের যেকোনো স্থানে কিংবা সৌরজগতের বাইরে কোনো ।,Neutral
test_id_8946,সৌরজগতের যেকোনো স্থানে কিংবা সৌরজগতের বাইরে কোনো আন্তনাক্ষত্রিক ।,Neutral
test_id_8947,যেকোনো স্থানে কিংবা সৌরজগতের বাইরে কোনো আন্তনাক্ষত্রিক স্থানে ।,Neutral
test_id_8948,স্থানে কিংবা সৌরজগতের বাইরে কোনো আন্তনাক্ষত্রিক স্থানে ভ্রমণ ।,Neutral
test_id_8949,কিংবা সৌরজগতের বাইরে কোনো আন্তনাক্ষত্রিক স্থানে ভ্রমণ ও ।,Neutral
test_id_8950,সৌরজগতের বাইরে কোনো আন্তনাক্ষত্রিক স্থানে ভ্রমণ ও বসবাস ।,Neutral
test_id_8951,বাইরে কোনো আন্তনাক্ষত্রিক স্থানে ভ্রমণ ও বসবাস হবে ।,Neutral
test_id_8952,কোনো আন্তনাক্ষত্রিক স্থানে ভ্রমণ ও বসবাস হবে দিনের ।,Neutral
test_id_8953,আন্তনাক্ষত্রিক স্থানে ভ্রমণ ও বসবাস হবে দিনের আলোর ।,Neutral
test_id_8954,স্থানে ভ্রমণ ও বসবাস হবে দিনের আলোর মতো ।,Neutral
test_id_8955,ভ্রমণ ও বসবাস হবে দিনের আলোর মতো বাস্তব ।,Neutral
test_id_8956,ও বসবাস হবে দিনের আলোর মতো বাস্তব ব্যাপার ।,Neutral
test_id_8957,সেসব কাজের জন্য বিপুল পরিমাণ শক্তি দরকার ।,Neutral
test_id_8958,পৃথিবীতে যত সহজে আমরা শক্তি ব্যবহার করতে ।,Neutral
test_id_8959,যত সহজে আমরা শক্তি ব্যবহার করতে পারি ।,Neutral
test_id_8960,সহজে আমরা শক্তি ব্যবহার করতে পারি সেসব ।,Neutral
test_id_8961,আমরা শক্তি ব্যবহার করতে পারি সেসব স্থানে ।,Neutral
test_id_8962,শক্তি ব্যবহার করতে পারি সেসব স্থানে তত ।,Neutral
test_id_8963,ব্যবহার করতে পারি সেসব স্থানে তত সহজে ।,Neutral
test_id_8964,করতে পারি সেসব স্থানে তত সহজে শক্তির ।,Neutral
test_id_8965,পারি সেসব স্থানে তত সহজে শক্তির জোগান ।,Neutral
test_id_8966,সেসব স্থানে তত সহজে শক্তির জোগান পাওয়া ।,Neutral
test_id_8967,স্থানে তত সহজে শক্তির জোগান পাওয়া না-ও ।,Neutral
test_id_8968,তত সহজে শক্তির জোগান পাওয়া না-ও যেতে ।,Neutral
test_id_8969,সহজে শক্তির জোগান পাওয়া না-ও যেতে পারে ।,Neutral
test_id_8970,পৃথিবীতে যত সহজে আমরা শক্তি ব্যবহার করতে পারি ।,Neutral
test_id_8971,যত সহজে আমরা শক্তি ব্যবহার করতে পারি সেসব ।,Neutral
test_id_8972,সহজে আমরা শক্তি ব্যবহার করতে পারি সেসব স্থানে ।,Neutral
test_id_8973,আমরা শক্তি ব্যবহার করতে পারি সেসব স্থানে তত ।,Neutral
test_id_8974,শক্তি ব্যবহার করতে পারি সেসব স্থানে তত সহজে ।,Neutral
test_id_8975,ব্যবহার করতে পারি সেসব স্থানে তত সহজে শক্তির ।,Neutral
test_id_8976,করতে পারি সেসব স্থানে তত সহজে শক্তির জোগান ।,Neutral
test_id_8977,পারি সেসব স্থানে তত সহজে শক্তির জোগান পাওয়া ।,Neutral
test_id_8978,সেসব স্থানে তত সহজে শক্তির জোগান পাওয়া না-ও ।,Neutral
test_id_8979,স্থানে তত সহজে শক্তির জোগান পাওয়া না-ও যেতে ।,Neutral
test_id_8980,তত সহজে শক্তির জোগান পাওয়া না-ও যেতে পারে ।,Neutral
test_id_8981,দরকার শুধু উপযুক্ত উপায়ে সেগুলোকে আহরণ করা ।,Neutral
test_id_8982,ক্ষতি থেকে বেঁচে থাকতে হলে সূর্যের এদিক-ওদিক ।,Neutral
test_id_8983,থেকে বেঁচে থাকতে হলে সূর্যের এদিক-ওদিক সম্বন্ধে ।,Neutral
test_id_8984,বেঁচে থাকতে হলে সূর্যের এদিক-ওদিক সম্বন্ধে জানতে ।,Neutral
test_id_8985,থাকতে হলে সূর্যের এদিক-ওদিক সম্বন্ধে জানতে হবে ।,Neutral
test_id_8986,ক্ষতি থেকে বেঁচে থাকতে হলে সূর্যের এদিক-ওদিক সম্বন্ধে ।,Neutral
test_id_8987,থেকে বেঁচে থাকতে হলে সূর্যের এদিক-ওদিক সম্বন্ধে জানতে ।,Neutral
test_id_8988,বেঁচে থাকতে হলে সূর্যের এদিক-ওদিক সম্বন্ধে জানতে হবে ।,Neutral
test_id_8989,কোনো রোগ যখন মানুষকে আক্রমণ করে তখন ।,Neutral
test_id_8990,রোগ যখন মানুষকে আক্রমণ করে তখন বিজ্ঞানীরা ।,Neutral
test_id_8991,যখন মানুষকে আক্রমণ করে তখন বিজ্ঞানীরা লেগে ।,Neutral
test_id_8992,মানুষকে আক্রমণ করে তখন বিজ্ঞানীরা লেগে যান ।,Neutral
test_id_8993,আক্রমণ করে তখন বিজ্ঞানীরা লেগে যান রোগের ।,Neutral
test_id_8994,করে তখন বিজ্ঞানীরা লেগে যান রোগের জীবাণু ।,Neutral
test_id_8995,তখন বিজ্ঞানীরা লেগে যান রোগের জীবাণু কিংবা ।,Neutral
test_id_8996,বিজ্ঞানীরা লেগে যান রোগের জীবাণু কিংবা রোগের ।,Neutral
test_id_8997,লেগে যান রোগের জীবাণু কিংবা রোগের উপাদান ।,Neutral
test_id_8998,যান রোগের জীবাণু কিংবা রোগের উপাদান নিয়ে ।,Neutral
test_id_8999,কোনো রোগ যখন মানুষকে আক্রমণ করে তখন বিজ্ঞানীরা ।,Neutral
test_id_9000,রোগ যখন মানুষকে আক্রমণ করে তখন বিজ্ঞানীরা লেগে ।,Neutral
test_id_9001,যখন মানুষকে আক্রমণ করে তখন বিজ্ঞানীরা লেগে যান ।,Neutral
test_id_9002,মানুষকে আক্রমণ করে তখন বিজ্ঞানীরা লেগে যান রোগের ।,Neutral
test_id_9003,আক্রমণ করে তখন বিজ্ঞানীরা লেগে যান রোগের জীবাণু ।,Neutral
test_id_9004,করে তখন বিজ্ঞানীরা লেগে যান রোগের জীবাণু কিংবা ।,Neutral
test_id_9005,তখন বিজ্ঞানীরা লেগে যান রোগের জীবাণু কিংবা রোগের ।,Neutral
test_id_9006,বিজ্ঞানীরা লেগে যান রোগের জীবাণু কিংবা রোগের উপাদান ।,Neutral
test_id_9007,লেগে যান রোগের জীবাণু কিংবা রোগের উপাদান নিয়ে ।,Neutral
test_id_9008,আগে জীবাণুর নাড়ি-নক্ষত্র বের করে তারপর সে ।,Neutral
test_id_9009,জীবাণুর নাড়ি-নক্ষত্র বের করে তারপর সে অনুযায়ী ।,Neutral
test_id_9010,নাড়ি-নক্ষত্র বের করে তারপর সে অনুযায়ী ওষুধ ।,Neutral
test_id_9011,আগে জীবাণুর নাড়ি-নক্ষত্র বের করে তারপর সে অনুযায়ী ।,Neutral
test_id_9012,জীবাণুর নাড়ি-নক্ষত্র বের করে তারপর সে অনুযায়ী ওষুধ ।,Neutral
test_id_9013,জীবাণু সম্বন্ধে আগে ভালোভাবে না জেনে ওষুধ ।,Neutral
test_id_9014,সম্বন্ধে আগে ভালোভাবে না জেনে ওষুধ দিলে ।,Neutral
test_id_9015,আগে ভালোভাবে না জেনে ওষুধ দিলে সেটি ।,Neutral
test_id_9016,ভালোভাবে না জেনে ওষুধ দিলে সেটি হবে ।,Neutral
test_id_9017,না জেনে ওষুধ দিলে সেটি হবে অন্ধকারে ।,Neutral
test_id_9018,জেনে ওষুধ দিলে সেটি হবে অন্ধকারে ঢিল ।,Neutral
test_id_9019,ওষুধ দিলে সেটি হবে অন্ধকারে ঢিল ছোড়ার ।,Neutral
test_id_9020,দিলে সেটি হবে অন্ধকারে ঢিল ছোড়ার মতো ।,Neutral
test_id_9021,জীবাণু সম্বন্ধে আগে ভালোভাবে না জেনে ওষুধ দিলে ।,Neutral
test_id_9022,সম্বন্ধে আগে ভালোভাবে না জেনে ওষুধ দিলে সেটি ।,Neutral
test_id_9023,আগে ভালোভাবে না জেনে ওষুধ দিলে সেটি হবে ।,Neutral
test_id_9024,ভালোভাবে না জেনে ওষুধ দিলে সেটি হবে অন্ধকারে ।,Neutral
test_id_9025,না জেনে ওষুধ দিলে সেটি হবে অন্ধকারে ঢিল ।,Neutral
test_id_9026,জেনে ওষুধ দিলে সেটি হবে অন্ধকারে ঢিল ছোড়ার ।,Neutral
test_id_9027,ওষুধ দিলে সেটি হবে অন্ধকারে ঢিল ছোড়ার মতো ।,Neutral
test_id_9028,তাই সূর্যের ক্ষতিকর দিক থেকে বাঁচতে হলে ।,Neutral
test_id_9029,সূর্যের ক্ষতিকর দিক থেকে বাঁচতে হলে কিংবা ।,Neutral
test_id_9030,ক্ষতিকর দিক থেকে বাঁচতে হলে কিংবা সূর্যের ।,Neutral
test_id_9031,দিক থেকে বাঁচতে হলে কিংবা সূর্যের শক্তিকে ।,Neutral
test_id_9032,থেকে বাঁচতে হলে কিংবা সূর্যের শক্তিকে আরো ।,Neutral
test_id_9033,বাঁচতে হলে কিংবা সূর্যের শক্তিকে আরো বেশি ।,Neutral
test_id_9034,হলে কিংবা সূর্যের শক্তিকে আরো বেশি করে ।,Neutral
test_id_9035,কিংবা সূর্যের শক্তিকে আরো বেশি করে কাজে ।,Neutral
test_id_9036,সূর্যের শক্তিকে আরো বেশি করে কাজে লাগাতে ।,Neutral
test_id_9037,শক্তিকে আরো বেশি করে কাজে লাগাতে হলে ।,Neutral
test_id_9038,আরো বেশি করে কাজে লাগাতে হলে দরকার ।,Neutral
test_id_9039,বেশি করে কাজে লাগাতে হলে দরকার সূর্য ।,Neutral
test_id_9040,করে কাজে লাগাতে হলে দরকার সূর্য সম্বন্ধে ।,Neutral
test_id_9041,কাজে লাগাতে হলে দরকার সূর্য সম্বন্ধে বিস্তারিত ।,Neutral
test_id_9042,লাগাতে হলে দরকার সূর্য সম্বন্ধে বিস্তারিত তথ্য ।,Neutral
test_id_9043,তাই সূর্যের ক্ষতিকর দিক থেকে বাঁচতে হলে কিংবা ।,Neutral
test_id_9044,সূর্যের ক্ষতিকর দিক থেকে বাঁচতে হলে কিংবা সূর্যের ।,Neutral
test_id_9045,ক্ষতিকর দিক থেকে বাঁচতে হলে কিংবা সূর্যের শক্তিকে ।,Neutral
test_id_9046,দিক থেকে বাঁচতে হলে কিংবা সূর্যের শক্তিকে আরো ।,Neutral
test_id_9047,থেকে বাঁচতে হলে কিংবা সূর্যের শক্তিকে আরো বেশি ।,Neutral
test_id_9048,বাঁচতে হলে কিংবা সূর্যের শক্তিকে আরো বেশি করে ।,Neutral
test_id_9049,হলে কিংবা সূর্যের শক্তিকে আরো বেশি করে কাজে ।,Neutral
test_id_9050,কিংবা সূর্যের শক্তিকে আরো বেশি করে কাজে লাগাতে ।,Neutral
test_id_9051,সূর্যের শক্তিকে আরো বেশি করে কাজে লাগাতে হলে ।,Neutral
test_id_9052,শক্তিকে আরো বেশি করে কাজে লাগাতে হলে দরকার ।,Neutral
test_id_9053,আরো বেশি করে কাজে লাগাতে হলে দরকার সূর্য ।,Neutral
test_id_9054,বেশি করে কাজে লাগাতে হলে দরকার সূর্য সম্বন্ধে ।,Neutral
test_id_9055,করে কাজে লাগাতে হলে দরকার সূর্য সম্বন্ধে বিস্তারিত ।,Neutral
test_id_9056,কাজে লাগাতে হলে দরকার সূর্য সম্বন্ধে বিস্তারিত তথ্য ।,Neutral
test_id_9057,মানুষের দেহে এগুলো পড়লে নানা রকম স্বাস্থ্যঝুঁকি ।,Neutral
test_id_9058,দেহে এগুলো পড়লে নানা রকম স্বাস্থ্যঝুঁকি দেখা ।,Neutral
test_id_9059,এগুলো পড়লে নানা রকম স্বাস্থ্যঝুঁকি দেখা দেয় ।,Neutral
test_id_9060,মানুষের দেহে এগুলো পড়লে নানা রকম স্বাস্থ্যঝুঁকি দেখা ।,Neutral
test_id_9061,দেহে এগুলো পড়লে নানা রকম স্বাস্থ্যঝুঁকি দেখা দেয় ।,Neutral
test_id_9062,পৃথিবীর বায়ুমণ্ডল সেসব রশ্মি শোষণ করে নিয়ে ।,Neutral
test_id_9063,বায়ুমণ্ডল সেসব রশ্মি শোষণ করে নিয়ে প্রাথমিকভাবে ।,Neutral
test_id_9064,সেসব রশ্মি শোষণ করে নিয়ে প্রাথমিকভাবে আমাদের ।,Neutral
test_id_9065,রশ্মি শোষণ করে নিয়ে প্রাথমিকভাবে আমাদের বাঁচায় ।,Neutral
test_id_9066,পৃথিবীর বায়ুমণ্ডল সেসব রশ্মি শোষণ করে নিয়ে প্রাথমিকভাবে ।,Neutral
test_id_9067,বায়ুমণ্ডল সেসব রশ্মি শোষণ করে নিয়ে প্রাথমিকভাবে আমাদের ।,Neutral
test_id_9068,সেসব রশ্মি শোষণ করে নিয়ে প্রাথমিকভাবে আমাদের বাঁচায় ।,Neutral
test_id_9069,মানুষ যেভাবে প্রকৃতির বিরুদ্ধে গিয়ে কাজ করছে ।,Neutral
test_id_9070,যেভাবে প্রকৃতির বিরুদ্ধে গিয়ে কাজ করছে তাতে ।,Neutral
test_id_9071,প্রকৃতির বিরুদ্ধে গিয়ে কাজ করছে তাতে জোর ।,Neutral
test_id_9072,বিরুদ্ধে গিয়ে কাজ করছে তাতে জোর সম্ভাবনা ।,Neutral
test_id_9073,গিয়ে কাজ করছে তাতে জোর সম্ভাবনা যে ।,Neutral
test_id_9074,কাজ করছে তাতে জোর সম্ভাবনা যে বায়ুমণ্ডলে ।,Neutral
test_id_9075,করছে তাতে জোর সম্ভাবনা যে বায়ুমণ্ডলে সেই ।,Neutral
test_id_9076,তাতে জোর সম্ভাবনা যে বায়ুমণ্ডলে সেই সুরক্ষাকারী ।,Neutral
test_id_9077,জোর সম্ভাবনা যে বায়ুমণ্ডলে সেই সুরক্ষাকারী স্তরটি ।,Neutral
test_id_9078,সম্ভাবনা যে বায়ুমণ্ডলে সেই সুরক্ষাকারী স্তরটি নষ্ট ।,Neutral
test_id_9079,যে বায়ুমণ্ডলে সেই সুরক্ষাকারী স্তরটি নষ্ট হয়ে ।,Neutral
test_id_9080,বায়ুমণ্ডলে সেই সুরক্ষাকারী স্তরটি নষ্ট হয়ে যাবে ।,Neutral
test_id_9081,মানুষ যেভাবে প্রকৃতির বিরুদ্ধে গিয়ে কাজ করছে তাতে ।,Neutral
test_id_9082,যেভাবে প্রকৃতির বিরুদ্ধে গিয়ে কাজ করছে তাতে জোর ।,Neutral
test_id_9083,প্রকৃতির বিরুদ্ধে গিয়ে কাজ করছে তাতে জোর সম্ভাবনা ।,Neutral
test_id_9084,বিরুদ্ধে গিয়ে কাজ করছে তাতে জোর সম্ভাবনা যে ।,Neutral
test_id_9085,গিয়ে কাজ করছে তাতে জোর সম্ভাবনা যে বায়ুমণ্ডলে ।,Neutral
test_id_9086,কাজ করছে তাতে জোর সম্ভাবনা যে বায়ুমণ্ডলে সেই ।,Neutral
test_id_9087,করছে তাতে জোর সম্ভাবনা যে বায়ুমণ্ডলে সেই সুরক্ষাকারী ।,Neutral
test_id_9088,তাতে জোর সম্ভাবনা যে বায়ুমণ্ডলে সেই সুরক্ষাকারী স্তরটি ।,Neutral
test_id_9089,জোর সম্ভাবনা যে বায়ুমণ্ডলে সেই সুরক্ষাকারী স্তরটি নষ্ট ।,Neutral
test_id_9090,সম্ভাবনা যে বায়ুমণ্ডলে সেই সুরক্ষাকারী স্তরটি নষ্ট হয়ে ।,Neutral
test_id_9091,যে বায়ুমণ্ডলে সেই সুরক্ষাকারী স্তরটি নষ্ট হয়ে যাবে ।,Neutral
test_id_9092,এরকম পরিস্থিতিতে কীভাবে নিজেদের মানিয়ে নিতে হবে ।,Neutral
test_id_9093,পরিস্থিতিতে কীভাবে নিজেদের মানিয়ে নিতে হবে কিংবা ।,Neutral
test_id_9094,কীভাবে নিজেদের মানিয়ে নিতে হবে কিংবা টিকিয়ে ।,Neutral
test_id_9095,নিজেদের মানিয়ে নিতে হবে কিংবা টিকিয়ে রাখতে ।,Neutral
test_id_9096,মানিয়ে নিতে হবে কিংবা টিকিয়ে রাখতে হবে ।,Neutral
test_id_9097,নিতে হবে কিংবা টিকিয়ে রাখতে হবে তার ।,Neutral
test_id_9098,হবে কিংবা টিকিয়ে রাখতে হবে তার জন্য ।,Neutral
test_id_9099,কিংবা টিকিয়ে রাখতে হবে তার জন্য দরকার ।,Neutral
test_id_9100,টিকিয়ে রাখতে হবে তার জন্য দরকার সূর্য ।,Neutral
test_id_9101,রাখতে হবে তার জন্য দরকার সূর্য ও ।,Neutral
test_id_9102,হবে তার জন্য দরকার সূর্য ও সূর্য ।,Neutral
test_id_9103,তার জন্য দরকার সূর্য ও সূর্য থেকে ।,Neutral
test_id_9104,জন্য দরকার সূর্য ও সূর্য থেকে বিকিরিত ।,Neutral
test_id_9105,দরকার সূর্য ও সূর্য থেকে বিকিরিত রশ্মি ।,Neutral
test_id_9106,সূর্য ও সূর্য থেকে বিকিরিত রশ্মি নিয়ে ।,Neutral
test_id_9107,ও সূর্য থেকে বিকিরিত রশ্মি নিয়ে ব্যাপক ।,Neutral
test_id_9108,সূর্য থেকে বিকিরিত রশ্মি নিয়ে ব্যাপক গবেষণা ।,Neutral
test_id_9109,এরকম পরিস্থিতিতে কীভাবে নিজেদের মানিয়ে নিতে হবে কিংবা ।,Neutral
test_id_9110,পরিস্থিতিতে কীভাবে নিজেদের মানিয়ে নিতে হবে কিংবা টিকিয়ে ।,Neutral
test_id_9111,কীভাবে নিজেদের মানিয়ে নিতে হবে কিংবা টিকিয়ে রাখতে ।,Neutral
test_id_9112,নিজেদের মানিয়ে নিতে হবে কিংবা টিকিয়ে রাখতে হবে ।,Neutral
test_id_9113,মানিয়ে নিতে হবে কিংবা টিকিয়ে রাখতে হবে তার ।,Neutral
test_id_9114,নিতে হবে কিংবা টিকিয়ে রাখতে হবে তার জন্য ।,Neutral
test_id_9115,হবে কিংবা টিকিয়ে রাখতে হবে তার জন্য দরকার ।,Neutral
test_id_9116,কিংবা টিকিয়ে রাখতে হবে তার জন্য দরকার সূর্য ।,Neutral
test_id_9117,টিকিয়ে রাখতে হবে তার জন্য দরকার সূর্য ও ।,Neutral
test_id_9118,রাখতে হবে তার জন্য দরকার সূর্য ও সূর্য ।,Neutral
test_id_9119,হবে তার জন্য দরকার সূর্য ও সূর্য থেকে ।,Neutral
test_id_9120,তার জন্য দরকার সূর্য ও সূর্য থেকে বিকিরিত ।,Neutral
test_id_9121,জন্য দরকার সূর্য ও সূর্য থেকে বিকিরিত রশ্মি ।,Neutral
test_id_9122,দরকার সূর্য ও সূর্য থেকে বিকিরিত রশ্মি নিয়ে ।,Neutral
test_id_9123,সূর্য ও সূর্য থেকে বিকিরিত রশ্মি নিয়ে ব্যাপক ।,Neutral
test_id_9124,ও সূর্য থেকে বিকিরিত রশ্মি নিয়ে ব্যাপক গবেষণা ।,Neutral
test_id_9125,তা ছাড়া মানুষ নিজের উদ্যোগেও তো পৃথিবীর ।,Neutral
test_id_9126,ছাড়া মানুষ নিজের উদ্যোগেও তো পৃথিবীর সুরক্ষা ।,Neutral
test_id_9127,মানুষ নিজের উদ্যোগেও তো পৃথিবীর সুরক্ষা আবরণের ।,Neutral
test_id_9128,নিজের উদ্যোগেও তো পৃথিবীর সুরক্ষা আবরণের বাইরে ।,Neutral
test_id_9129,উদ্যোগেও তো পৃথিবীর সুরক্ষা আবরণের বাইরে যায় ।,Neutral
test_id_9130,তা ছাড়া মানুষ নিজের উদ্যোগেও তো পৃথিবীর সুরক্ষা ।,Neutral
test_id_9131,ছাড়া মানুষ নিজের উদ্যোগেও তো পৃথিবীর সুরক্ষা আবরণের ।,Neutral
test_id_9132,মানুষ নিজের উদ্যোগেও তো পৃথিবীর সুরক্ষা আবরণের বাইরে ।,Neutral
test_id_9133,নিজের উদ্যোগেও তো পৃথিবীর সুরক্ষা আবরণের বাইরে যায় ।,Neutral
test_id_9134,এক গ্রহ থেকে আরেক গ্রহে যাওয়া ভবিষ্যতে ।,Neutral
test_id_9135,গ্রহ থেকে আরেক গ্রহে যাওয়া ভবিষ্যতে হয়ত ।,Neutral
test_id_9136,থেকে আরেক গ্রহে যাওয়া ভবিষ্যতে হয়ত স্বাভাবিক ।,Neutral
test_id_9137,আরেক গ্রহে যাওয়া ভবিষ্যতে হয়ত স্বাভাবিক বাস্তবতা ।,Neutral
test_id_9138,গ্রহে যাওয়া ভবিষ্যতে হয়ত স্বাভাবিক বাস্তবতা হয়ে ।,Neutral
test_id_9139,যাওয়া ভবিষ্যতে হয়ত স্বাভাবিক বাস্তবতা হয়ে যাবে ।,Neutral
test_id_9140,এক গ্রহ থেকে আরেক গ্রহে যাওয়া ভবিষ্যতে হয়ত ।,Neutral
test_id_9141,গ্রহ থেকে আরেক গ্রহে যাওয়া ভবিষ্যতে হয়ত স্বাভাবিক ।,Neutral
test_id_9142,থেকে আরেক গ্রহে যাওয়া ভবিষ্যতে হয়ত স্বাভাবিক বাস্তবতা ।,Neutral
test_id_9143,আরেক গ্রহে যাওয়া ভবিষ্যতে হয়ত স্বাভাবিক বাস্তবতা হয়ে ।,Neutral
test_id_9144,গ্রহে যাওয়া ভবিষ্যতে হয়ত স্বাভাবিক বাস্তবতা হয়ে যাবে ।,Neutral
test_id_9145,তখন সূর্যের ক্ষতিকর দিক থেকে নিজেদের সুরক্ষিত ।,Neutral
test_id_9146,সূর্যের ক্ষতিকর দিক থেকে নিজেদের সুরক্ষিত রাখতে ।,Neutral
test_id_9147,ক্ষতিকর দিক থেকে নিজেদের সুরক্ষিত রাখতে দরকার ।,Neutral
test_id_9148,দিক থেকে নিজেদের সুরক্ষিত রাখতে দরকার সূর্য ।,Neutral
test_id_9149,থেকে নিজেদের সুরক্ষিত রাখতে দরকার সূর্য সম্বন্ধে ।,Neutral
test_id_9150,নিজেদের সুরক্ষিত রাখতে দরকার সূর্য সম্বন্ধে ব্যাপক ।,Neutral
test_id_9151,সুরক্ষিত রাখতে দরকার সূর্য সম্বন্ধে ব্যাপক গবেষণা ।,Neutral
test_id_9152,তখন সূর্যের ক্ষতিকর দিক থেকে নিজেদের সুরক্ষিত রাখতে ।,Neutral
test_id_9153,সূর্যের ক্ষতিকর দিক থেকে নিজেদের সুরক্ষিত রাখতে দরকার ।,Neutral
test_id_9154,ক্ষতিকর দিক থেকে নিজেদের সুরক্ষিত রাখতে দরকার সূর্য ।,Neutral
test_id_9155,দিক থেকে নিজেদের সুরক্ষিত রাখতে দরকার সূর্য সম্বন্ধে ।,Neutral
test_id_9156,থেকে নিজেদের সুরক্ষিত রাখতে দরকার সূর্য সম্বন্ধে ব্যাপক ।,Neutral
test_id_9157,নিজেদের সুরক্ষিত রাখতে দরকার সূর্য সম্বন্ধে ব্যাপক গবেষণা ।,Neutral
test_id_9158,সে গবেষণার অংশ হিসেবে মানুষ নানা সময়ে ।,Neutral
test_id_9159,গবেষণার অংশ হিসেবে মানুষ নানা সময়ে নানা ।,Neutral
test_id_9160,অংশ হিসেবে মানুষ নানা সময়ে নানা উদ্যোগ ।,Neutral
test_id_9161,হিসেবে মানুষ নানা সময়ে নানা উদ্যোগ নিয়েছে ।,Neutral
test_id_9162,সে গবেষণার অংশ হিসেবে মানুষ নানা সময়ে নানা ।,Neutral
test_id_9163,গবেষণার অংশ হিসেবে মানুষ নানা সময়ে নানা উদ্যোগ ।,Neutral
test_id_9164,অংশ হিসেবে মানুষ নানা সময়ে নানা উদ্যোগ নিয়েছে ।,Neutral
test_id_9165,পৃথিবীতে বসে টেলিস্কোপ তাক করে কিংবা ডিটেকটর ।,Neutral
test_id_9166,বসে টেলিস্কোপ তাক করে কিংবা ডিটেকটর বসিয়ে ।,Neutral
test_id_9167,টেলিস্কোপ তাক করে কিংবা ডিটেকটর বসিয়ে সূর্যকে ।,Neutral
test_id_9168,তাক করে কিংবা ডিটেকটর বসিয়ে সূর্যকে বোঝার ।,Neutral
test_id_9169,করে কিংবা ডিটেকটর বসিয়ে সূর্যকে বোঝার চেষ্টা ।,Neutral
test_id_9170,কিংবা ডিটেকটর বসিয়ে সূর্যকে বোঝার চেষ্টা করেছে ।,Neutral
test_id_9171,পৃথিবীতে বসে টেলিস্কোপ তাক করে কিংবা ডিটেকটর বসিয়ে ।,Neutral
test_id_9172,বসে টেলিস্কোপ তাক করে কিংবা ডিটেকটর বসিয়ে সূর্যকে ।,Neutral
test_id_9173,টেলিস্কোপ তাক করে কিংবা ডিটেকটর বসিয়ে সূর্যকে বোঝার ।,Neutral
test_id_9174,তাক করে কিংবা ডিটেকটর বসিয়ে সূর্যকে বোঝার চেষ্টা ।,Neutral
test_id_9175,করে কিংবা ডিটেকটর বসিয়ে সূর্যকে বোঝার চেষ্টা করেছে ।,Neutral
test_id_9176,পৃথিবীর বায়ুমণ্ডলের বাইরে গিয়ে দূর থেকে সূর্যকে ।,Neutral
test_id_9177,বায়ুমণ্ডলের বাইরে গিয়ে দূর থেকে সূর্যকে বোঝার ।,Neutral
test_id_9178,বাইরে গিয়ে দূর থেকে সূর্যকে বোঝার চেষ্টা ।,Neutral
test_id_9179,গিয়ে দূর থেকে সূর্যকে বোঝার চেষ্টা করেছে ।,Neutral
test_id_9180,পৃথিবীর বায়ুমণ্ডলের বাইরে গিয়ে দূর থেকে সূর্যকে বোঝার ।,Neutral
test_id_9181,বায়ুমণ্ডলের বাইরে গিয়ে দূর থেকে সূর্যকে বোঝার চেষ্টা ।,Neutral
test_id_9182,বাইরে গিয়ে দূর থেকে সূর্যকে বোঝার চেষ্টা করেছে ।,Neutral
test_id_9183,সম্প্রতি সূর্যের কাছে গিয়ে সূর্যকে বোঝার জন্য ।,Neutral
test_id_9184,সূর্যের কাছে গিয়ে সূর্যকে বোঝার জন্য পাঠিয়েছে ।,Neutral
test_id_9185,কাছে গিয়ে সূর্যকে বোঝার জন্য পাঠিয়েছে পার্কার ।,Neutral
test_id_9186,গিয়ে সূর্যকে বোঝার জন্য পাঠিয়েছে পার্কার সোলার ।,Neutral
test_id_9187,সূর্যকে বোঝার জন্য পাঠিয়েছে পার্কার সোলার প্রোব ।,Neutral
test_id_9188,সম্প্রতি সূর্যের কাছে গিয়ে সূর্যকে বোঝার জন্য পাঠিয়েছে ।,Neutral
test_id_9189,সূর্যের কাছে গিয়ে সূর্যকে বোঝার জন্য পাঠিয়েছে পার্কার ।,Neutral
test_id_9190,কাছে গিয়ে সূর্যকে বোঝার জন্য পাঠিয়েছে পার্কার সোলার ।,Neutral
test_id_9191,গিয়ে সূর্যকে বোঝার জন্য পাঠিয়েছে পার্কার সোলার প্রোব ।,Neutral
test_id_9192,একটু একটু করে উন্মোচিত হবে সূর্যের রহস্য ।,Neutral
test_id_9193,আর সূর্যের অধিকাংশ শক্তি আহরণের জন্য মানবজাতি ।,Neutral
test_id_9194,সূর্যের অধিকাংশ শক্তি আহরণের জন্য মানবজাতি এগিয়ে ।,Neutral
test_id_9195,অধিকাংশ শক্তি আহরণের জন্য মানবজাতি এগিয়ে যাবে ।,Neutral
test_id_9196,শক্তি আহরণের জন্য মানবজাতি এগিয়ে যাবে ধীরে ।,Neutral
test_id_9197,আহরণের জন্য মানবজাতি এগিয়ে যাবে ধীরে ধীরে ।,Neutral
test_id_9198,আর সূর্যের অধিকাংশ শক্তি আহরণের জন্য মানবজাতি এগিয়ে ।,Neutral
test_id_9199,সূর্যের অধিকাংশ শক্তি আহরণের জন্য মানবজাতি এগিয়ে যাবে ।,Neutral
test_id_9200,অধিকাংশ শক্তি আহরণের জন্য মানবজাতি এগিয়ে যাবে ধীরে ।,Neutral
test_id_9201,শক্তি আহরণের জন্য মানবজাতি এগিয়ে যাবে ধীরে ধীরে ।,Neutral
test_id_9202,নোনা স্বপ্নে গড়া তোমার স্মৃতি শত রঙে ।,Neutral
test_id_9203,স্বপ্নে গড়া তোমার স্মৃতি শত রঙে রাঙিয়ে ।,Neutral
test_id_9204,গড়া তোমার স্মৃতি শত রঙে রাঙিয়ে মিথ্যে ।,Neutral
test_id_9205,তোমার স্মৃতি শত রঙে রাঙিয়ে মিথ্যে কোন ।,Neutral
test_id_9206,স্মৃতি শত রঙে রাঙিয়ে মিথ্যে কোন স্পন্দন ।,Neutral
test_id_9207,নোনা স্বপ্নে গড়া তোমার স্মৃতি শত রঙে রাঙিয়ে ।,Neutral
test_id_9208,স্বপ্নে গড়া তোমার স্মৃতি শত রঙে রাঙিয়ে মিথ্যে ।,Neutral
test_id_9209,গড়া তোমার স্মৃতি শত রঙে রাঙিয়ে মিথ্যে কোন ।,Neutral
test_id_9210,তোমার স্মৃতি শত রঙে রাঙিয়ে মিথ্যে কোন স্পন্দন ।,Neutral
test_id_9211,আলোর নিচে যে আঁধার খেলা করে সে ।,Neutral
test_id_9212,নিচে যে আঁধার খেলা করে সে আঁধারে ।,Neutral
test_id_9213,যে আঁধার খেলা করে সে আঁধারে শরীর ।,Neutral
test_id_9214,আঁধার খেলা করে সে আঁধারে শরীর মেশালে ।,Neutral
test_id_9215,আলোর নিচে যে আঁধার খেলা করে সে আঁধারে ।,Neutral
test_id_9216,নিচে যে আঁধার খেলা করে সে আঁধারে শরীর ।,Neutral
test_id_9217,যে আঁধার খেলা করে সে আঁধারে শরীর মেশালে ।,Neutral
test_id_9218,আজ আমি ধূসর কি রঙিন সময়ে পথ ।,Neutral
test_id_9219,আমি ধূসর কি রঙিন সময়ে পথ হারাই ।,Neutral
test_id_9220,ধূসর কি রঙিন সময়ে পথ হারাই তোমাতে ।,Neutral
test_id_9221,আজ আমি ধূসর কি রঙিন সময়ে পথ হারাই ।,Neutral
test_id_9222,আমি ধূসর কি রঙিন সময়ে পথ হারাই তোমাতে ।,Neutral
test_id_9223,জীবনের কাঁটাতারে তুমি অন্তমিলের অপূর্ণতায় বেওয়ারিশ ঘুড়ি ।,Neutral
test_id_9224,কাঁটাতারে তুমি অন্তমিলের অপূর্ণতায় বেওয়ারিশ ঘুড়ি উড়ে ।,Neutral
test_id_9225,তুমি অন্তমিলের অপূর্ণতায় বেওয়ারিশ ঘুড়ি উড়ে যাও ।,Neutral
test_id_9226,অন্তমিলের অপূর্ণতায় বেওয়ারিশ ঘুড়ি উড়ে যাও অনাবিল ।,Neutral
test_id_9227,অপূর্ণতায় বেওয়ারিশ ঘুড়ি উড়ে যাও অনাবিল আকাশের ।,Neutral
test_id_9228,বেওয়ারিশ ঘুড়ি উড়ে যাও অনাবিল আকাশের শূন্যতায় ।,Neutral
test_id_9229,জীবনের কাঁটাতারে তুমি অন্তমিলের অপূর্ণতায় বেওয়ারিশ ঘুড়ি উড়ে ।,Neutral
test_id_9230,কাঁটাতারে তুমি অন্তমিলের অপূর্ণতায় বেওয়ারিশ ঘুড়ি উড়ে যাও ।,Neutral
test_id_9231,তুমি অন্তমিলের অপূর্ণতায় বেওয়ারিশ ঘুড়ি উড়ে যাও অনাবিল ।,Neutral
test_id_9232,অন্তমিলের অপূর্ণতায় বেওয়ারিশ ঘুড়ি উড়ে যাও অনাবিল আকাশের ।,Neutral
test_id_9233,অপূর্ণতায় বেওয়ারিশ ঘুড়ি উড়ে যাও অনাবিল আকাশের শূন্যতায় ।,Neutral
test_id_9234,তবু আমি কি খুঁজি মানুষের বিষাদের চোখে ।,Neutral
test_id_9235,একা একা আমি থাকি দাঁড়ায়ে স্মৃতির ঝড়ো ।,Neutral
test_id_9236,একা আমি থাকি দাঁড়ায়ে স্মৃতির ঝড়ো বাতাসে ।,Neutral
test_id_9237,আমি থাকি দাঁড়ায়ে স্মৃতির ঝড়ো বাতাসে দুজনার ।,Neutral
test_id_9238,থাকি দাঁড়ায়ে স্মৃতির ঝড়ো বাতাসে দুজনার শরীর ।,Neutral
test_id_9239,দাঁড়ায়ে স্মৃতির ঝড়ো বাতাসে দুজনার শরীর মেশাই ।,Neutral
test_id_9240,একা একা আমি থাকি দাঁড়ায়ে স্মৃতির ঝড়ো বাতাসে ।,Neutral
test_id_9241,একা আমি থাকি দাঁড়ায়ে স্মৃতির ঝড়ো বাতাসে দুজনার ।,Neutral
test_id_9242,আমি থাকি দাঁড়ায়ে স্মৃতির ঝড়ো বাতাসে দুজনার শরীর ।,Neutral
test_id_9243,থাকি দাঁড়ায়ে স্মৃতির ঝড়ো বাতাসে দুজনার শরীর মেশাই ।,Neutral
test_id_9244,শুধু শুধুই ভাবনা যেতে চাইলে যাও চলে ।,Neutral
test_id_9245,শুধুই ভাবনা যেতে চাইলে যাও চলে যাও ।,Neutral
test_id_9246,শুধু শুধুই ভাবনা যেতে চাইলে যাও চলে যাও ।,Neutral
test_id_9247,জানি ভাল থাকতে শুধু বোলোনা চলতে চাই ।,Neutral
test_id_9248,ভাল থাকতে শুধু বোলোনা চলতে চাই না ।,Neutral
test_id_9249,থাকতে শুধু বোলোনা চলতে চাই না বাঁচার ।,Neutral
test_id_9250,শুধু বোলোনা চলতে চাই না বাঁচার উপদেশ ।,Neutral
test_id_9251,জানি ভাল থাকতে শুধু বোলোনা চলতে চাই না ।,Neutral
test_id_9252,ভাল থাকতে শুধু বোলোনা চলতে চাই না বাঁচার ।,Neutral
test_id_9253,থাকতে শুধু বোলোনা চলতে চাই না বাঁচার উপদেশ ।,Neutral
test_id_9254,তোমাকে মনে পড়বে যখনই আকাশ ভেঙে বর্ষা ।,Neutral
test_id_9255,মনে পড়বে যখনই আকাশ ভেঙে বর্ষা কাঁদে ।,Neutral
test_id_9256,তোমাকে মনে পড়বে যখনই আকাশ ভেঙে বর্ষা কাঁদে ।,Neutral
test_id_9257,যে মোহের বন্যায় ভেসে যাওয়ায় ধন্য হলে ।,Neutral
test_id_9258,ভুলেও তাই বোলোনা চলতে স্থবিরতা সঙ্গী হলে ।,Neutral
test_id_9259,যে যায় তার যাওয়ার পথে দেয়াল হবার ।,Neutral
test_id_9260,যায় তার যাওয়ার পথে দেয়াল হবার কোন ।,Neutral
test_id_9261,তার যাওয়ার পথে দেয়াল হবার কোন স্বপ্ন ।,Neutral
test_id_9262,যাওয়ার পথে দেয়াল হবার কোন স্বপ্ন নাই ।,Neutral
test_id_9263,যে যায় তার যাওয়ার পথে দেয়াল হবার কোন ।,Neutral
test_id_9264,যায় তার যাওয়ার পথে দেয়াল হবার কোন স্বপ্ন ।,Neutral
test_id_9265,তার যাওয়ার পথে দেয়াল হবার কোন স্বপ্ন নাই ।,Neutral
test_id_9266,তোমাকে মনে পড়বে যখনই জোছনা হাসে তোমাকে ।,Neutral
test_id_9267,মনে পড়বে যখনই জোছনা হাসে তোমাকে মনে ।,Neutral
test_id_9268,পড়বে যখনই জোছনা হাসে তোমাকে মনে পড়বে ।,Neutral
test_id_9269,যখনই জোছনা হাসে তোমাকে মনে পড়বে যখনই ।,Neutral
test_id_9270,জোছনা হাসে তোমাকে মনে পড়বে যখনই বর্ষা ।,Neutral
test_id_9271,হাসে তোমাকে মনে পড়বে যখনই বর্ষা কাঁদে ।,Neutral
test_id_9272,তোমাকে মনে পড়বে যখনই জোছনা হাসে তোমাকে মনে ।,Neutral
test_id_9273,মনে পড়বে যখনই জোছনা হাসে তোমাকে মনে পড়বে ।,Neutral
test_id_9274,পড়বে যখনই জোছনা হাসে তোমাকে মনে পড়বে যখনই ।,Neutral
test_id_9275,যখনই জোছনা হাসে তোমাকে মনে পড়বে যখনই বর্ষা ।,Neutral
test_id_9276,জোছনা হাসে তোমাকে মনে পড়বে যখনই বর্ষা কাঁদে ।,Neutral
test_id_9277,যেদিন খুশির কান্না ভেজাবে এই চিবুক তোমায় ।,Neutral
test_id_9278,খুশির কান্না ভেজাবে এই চিবুক তোমায় নিমন্ত্রণ ।,Neutral
test_id_9279,যেদিন খুশির কান্না ভেজাবে এই চিবুক তোমায় নিমন্ত্রণ ।,Neutral
test_id_9280,যেদিন হাসির ছটায় ভরবে আমার বুক বাঁধনহারা ।,Neutral
test_id_9281,হাসির ছটায় ভরবে আমার বুক বাঁধনহারা সুখ ।,Neutral
test_id_9282,যেদিন হাসির ছটায় ভরবে আমার বুক বাঁধনহারা সুখ ।,Neutral
test_id_9283,বাঁধার অরণ্যে স্থবিরতায় কতকাল কেটে যায় তবু ।,Neutral
test_id_9284,অরণ্যে স্থবিরতায় কতকাল কেটে যায় তবু যে ।,Neutral
test_id_9285,স্থবিরতায় কতকাল কেটে যায় তবু যে স্বপ্নে ।,Neutral
test_id_9286,কতকাল কেটে যায় তবু যে স্বপ্নে ছবি ।,Neutral
test_id_9287,কেটে যায় তবু যে স্বপ্নে ছবি আঁকা ।,Neutral
test_id_9288,বাঁধার অরণ্যে স্থবিরতায় কতকাল কেটে যায় তবু যে ।,Neutral
test_id_9289,অরণ্যে স্থবিরতায় কতকাল কেটে যায় তবু যে স্বপ্নে ।,Neutral
test_id_9290,স্থবিরতায় কতকাল কেটে যায় তবু যে স্বপ্নে ছবি ।,Neutral
test_id_9291,কতকাল কেটে যায় তবু যে স্বপ্নে ছবি আঁকা ।,Neutral
test_id_9292,এখন মনে আমার অন্তত করুণ সুর থেকো ।,Neutral
test_id_9293,মনে আমার অন্তত করুণ সুর থেকো বহুদূর ।,Neutral
test_id_9294,এখন মনে আমার অন্তত করুণ সুর থেকো বহুদূর ।,Neutral
test_id_9295,এখন ঝড়ে কাঁপছে আমার ঘর আপন কি ।,Neutral
test_id_9296,ঝড়ে কাঁপছে আমার ঘর আপন কি পর- ।,Neutral
test_id_9297,কাঁপছে আমার ঘর আপন কি পর- হাসলে ।,Neutral
test_id_9298,আমার ঘর আপন কি পর- হাসলে সকাল ।,Neutral
test_id_9299,ঘর আপন কি পর- হাসলে সকাল আবার ।,Neutral
test_id_9300,আপন কি পর- হাসলে সকাল আবার হবে ।,Neutral
test_id_9301,কি পর- হাসলে সকাল আবার হবে দেখা ।,Neutral
test_id_9302,এখন ঝড়ে কাঁপছে আমার ঘর আপন কি পর- ।,Neutral
test_id_9303,ঝড়ে কাঁপছে আমার ঘর আপন কি পর- হাসলে ।,Neutral
test_id_9304,কাঁপছে আমার ঘর আপন কি পর- হাসলে সকাল ।,Neutral
test_id_9305,আমার ঘর আপন কি পর- হাসলে সকাল আবার ।,Neutral
test_id_9306,ঘর আপন কি পর- হাসলে সকাল আবার হবে ।,Neutral
test_id_9307,আপন কি পর- হাসলে সকাল আবার হবে দেখা ।,Neutral
test_id_9308,যেদিন স্রোতস্বিনীর অকাল স্বর্গবাস আর বদ্বীপের উপবাস ।,Neutral
test_id_9309,স্রোতস্বিনীর অকাল স্বর্গবাস আর বদ্বীপের উপবাস লজ্জায় ।,Neutral
test_id_9310,অকাল স্বর্গবাস আর বদ্বীপের উপবাস লজ্জায় আমি ।,Neutral
test_id_9311,স্বর্গবাস আর বদ্বীপের উপবাস লজ্জায় আমি রবো ।,Neutral
test_id_9312,আর বদ্বীপের উপবাস লজ্জায় আমি রবো অন্তপুরে ।,Neutral
test_id_9313,যেদিন স্রোতস্বিনীর অকাল স্বর্গবাস আর বদ্বীপের উপবাস লজ্জায় ।,Neutral
test_id_9314,স্রোতস্বিনীর অকাল স্বর্গবাস আর বদ্বীপের উপবাস লজ্জায় আমি ।,Neutral
test_id_9315,অকাল স্বর্গবাস আর বদ্বীপের উপবাস লজ্জায় আমি রবো ।,Neutral
test_id_9316,স্বর্গবাস আর বদ্বীপের উপবাস লজ্জায় আমি রবো অন্তপুরে ।,Neutral
test_id_9317,যেদিন বর্ষা ঘাটে বিলীন পঙ্কিলতার গ্লানি যদিও ।,Neutral
test_id_9318,বর্ষা ঘাটে বিলীন পঙ্কিলতার গ্লানি যদিও মন ।,Neutral
test_id_9319,ঘাটে বিলীন পঙ্কিলতার গ্লানি যদিও মন অভিমানী ।,Neutral
test_id_9320,বিলীন পঙ্কিলতার গ্লানি যদিও মন অভিমানী ভিজবো ।,Neutral
test_id_9321,পঙ্কিলতার গ্লানি যদিও মন অভিমানী ভিজবো তোমার ।,Neutral
test_id_9322,গ্লানি যদিও মন অভিমানী ভিজবো তোমার সাথে ।,Neutral
test_id_9323,যদিও মন অভিমানী ভিজবো তোমার সাথে উদ্দীপনায় ।,Neutral
test_id_9324,মন অভিমানী ভিজবো তোমার সাথে উদ্দীপনায় পুড়ে ।,Neutral
test_id_9325,যেদিন বর্ষা ঘাটে বিলীন পঙ্কিলতার গ্লানি যদিও মন ।,Neutral
test_id_9326,বর্ষা ঘাটে বিলীন পঙ্কিলতার গ্লানি যদিও মন অভিমানী ।,Neutral
test_id_9327,ঘাটে বিলীন পঙ্কিলতার গ্লানি যদিও মন অভিমানী ভিজবো ।,Neutral
test_id_9328,বিলীন পঙ্কিলতার গ্লানি যদিও মন অভিমানী ভিজবো তোমার ।,Neutral
test_id_9329,পঙ্কিলতার গ্লানি যদিও মন অভিমানী ভিজবো তোমার সাথে ।,Neutral
test_id_9330,গ্লানি যদিও মন অভিমানী ভিজবো তোমার সাথে উদ্দীপনায় ।,Neutral
test_id_9331,যদিও মন অভিমানী ভিজবো তোমার সাথে উদ্দীপনায় পুড়ে ।,Neutral
test_id_9332,যেদিন বিজয় গর্বে ভাসবে আমার দেশ মাতাল ।,Neutral
test_id_9333,বিজয় গর্বে ভাসবে আমার দেশ মাতাল পরিবেশ ।,Neutral
test_id_9334,যেদিন বিজয় গর্বে ভাসবে আমার দেশ মাতাল পরিবেশ ।,Neutral
test_id_9335,যেদিন বিজয়ের মিছিল ছুটবে ধেয়ে বেগে থাকবো ।,Neutral
test_id_9336,বিজয়ের মিছিল ছুটবে ধেয়ে বেগে থাকবো সবার ।,Neutral
test_id_9337,মিছিল ছুটবে ধেয়ে বেগে থাকবো সবার আগে ।,Neutral
test_id_9338,যেদিন বিজয়ের মিছিল ছুটবে ধেয়ে বেগে থাকবো সবার ।,Neutral
test_id_9339,বিজয়ের মিছিল ছুটবে ধেয়ে বেগে থাকবো সবার আগে ।,Neutral
test_id_9340,কি আশা নিয়ে জেগেছি সকালে আঁকলাম সূর্য ।,Neutral
test_id_9341,আশা নিয়ে জেগেছি সকালে আঁকলাম সূর্য তোমার ।,Neutral
test_id_9342,নিয়ে জেগেছি সকালে আঁকলাম সূর্য তোমার কপালে ।,Neutral
test_id_9343,জেগেছি সকালে আঁকলাম সূর্য তোমার কপালে অথচ ।,Neutral
test_id_9344,সকালে আঁকলাম সূর্য তোমার কপালে অথচ সারা ।,Neutral
test_id_9345,আঁকলাম সূর্য তোমার কপালে অথচ সারা আকাশ ।,Neutral
test_id_9346,সূর্য তোমার কপালে অথচ সারা আকাশ জলে ।,Neutral
test_id_9347,তোমার কপালে অথচ সারা আকাশ জলে বিম্বিত ।,Neutral
test_id_9348,কপালে অথচ সারা আকাশ জলে বিম্বিত দৃষ্টি ।,Neutral
test_id_9349,অথচ সারা আকাশ জলে বিম্বিত দৃষ্টি বিভ্রম ।,Neutral
test_id_9350,সারা আকাশ জলে বিম্বিত দৃষ্টি বিভ্রম কল্পনা ।,Neutral
test_id_9351,আকাশ জলে বিম্বিত দৃষ্টি বিভ্রম কল্পনা প্রসূত ।,Neutral
test_id_9352,কি আশা নিয়ে জেগেছি সকালে আঁকলাম সূর্য তোমার ।,Neutral
test_id_9353,আশা নিয়ে জেগেছি সকালে আঁকলাম সূর্য তোমার কপালে ।,Neutral
test_id_9354,নিয়ে জেগেছি সকালে আঁকলাম সূর্য তোমার কপালে অথচ ।,Neutral
test_id_9355,জেগেছি সকালে আঁকলাম সূর্য তোমার কপালে অথচ সারা ।,Neutral
test_id_9356,সকালে আঁকলাম সূর্য তোমার কপালে অথচ সারা আকাশ ।,Neutral
test_id_9357,আঁকলাম সূর্য তোমার কপালে অথচ সারা আকাশ জলে ।,Neutral
test_id_9358,সূর্য তোমার কপালে অথচ সারা আকাশ জলে বিম্বিত ।,Neutral
test_id_9359,তোমার কপালে অথচ সারা আকাশ জলে বিম্বিত দৃষ্টি ।,Neutral
test_id_9360,কপালে অথচ সারা আকাশ জলে বিম্বিত দৃষ্টি বিভ্রম ।,Neutral
test_id_9361,অথচ সারা আকাশ জলে বিম্বিত দৃষ্টি বিভ্রম কল্পনা ।,Neutral
test_id_9362,সারা আকাশ জলে বিম্বিত দৃষ্টি বিভ্রম কল্পনা প্রসূত ।,Neutral
test_id_9363,মুক্তিযোদ্ধা-সন্তান কমান্ড নামের সংগঠন মুক্তিযোদ্ধাদের ৩০% কোটার দাবিতে শাহবাগে অবস্থান নিয়েছে,Positive
test_id_9364,হক কথা।১০০ ভাগ লোক বা.আ.লী কে সমর্থন করে। এনার তত্ত্বাবধায়ক ব্যাবস্থার অধীনে নির্বাচন দেন।,Positive
test_id_9365,অামন্ত্রন জানানোর নীতিমালা কি?,Positive
test_id_9366,আমাদের প্রত্যাশা- কেউ যেন অপরাধীকে বাচাঁনোর চেষ্টা না করে।,Positive
test_id_9367,নিয়ামুলও ভারতে চলে গেছে কিনা কে জানে!,Positive
test_id_9368,"ভাই, আপনার এত জ্ঞান!",Positive
test_id_9369,হায়রে রুপম,Positive
test_id_9370,"জেলা পুলিশ সুপার জানিয়েছেন, অস্ত্রধারী নিয়াজুলকে তাঁরা খুঁজছেন। পেলেই আইনের আওতায় আনা হবে।",Positive
test_id_9371,আসামীকে হাতের মুঠোয় পেয়েও অস্ত্রধারী নিয়াজুলকে তাঁরা খুঁজছেন!,Positive
test_id_9372,"অনিচ্ছুক, মনগড়া মন্তব্য করবেন না, আইনসম্মত কথা বলুন।",Positive
test_id_9373,আপনার চোখ পৃথিবীর কোন ডাক্তারই ভালো করতে পারবেনা।,Positive
test_id_9374,হাহাহা ব্যাপক বিনোদন।,Positive
test_id_9375,নিয়াজুল আমাদের গর্ব আমাদের অহংকার!,Positive
test_id_9376,"ফুটেজ দেখে বুঝলাম, নিয়াজুল হামলা করেনি বরং নিয়াজুলের উপর হামলা করা হয়েছে।",Positive
test_id_9377,চমৎকার!,Positive
test_id_9378,অস্ত্রধারী নিয়াজুল তো বিএনপি করে না যে গ্রেপ্তার হবে।,Positive
test_id_9379,অস্ত্র ব্যবহারের নীতিমালা লংঘনের জন্য তার অস্ত্রের লাইসেন্স এখনও বাতিল না করার কারন কি?,Positive
test_id_9380,নিয়াজুলকে বীর ঘোষণা করা হোক।,Positive
test_id_9381,একাধিক ভিডিওতে এটা স্পষ্ট যে নিয়াজুল লোকটি নিজেই আক্রমনের শিকার।,Positive
test_id_9382,সম্পূর্ন ভিডিও দেখে তো মনে হল যে প্রথমে তার উপর হামলা করা হয়।,Positive
test_id_9383,সুন্দর,Positive
test_id_9384,রাবিশ।বাংলাদেশে বেশি ভাল জিনিস বেশি দিন টিকেনা।কাজেই কম আশা করা ভাল হবে।,Positive
test_id_9385,ছাত্রলীগের আচরণ মোটেই গণতান্তিক ছিল না .,Positive
test_id_9386,এই বুড়া বুড়াগুলা ছাত্র নাকি হেতেগোতো ২ ৩ বাচ্চার বাপ হইছে লাগে,Positive
test_id_9387,যাদের উপরে ‘মধু’ ভিতরে কিন্তু ‘পুলিশ’ বাচাধনেরা ছাত্রলীগ থেকে সাবধান !,Positive
test_id_9388,-লীগ টাইপ যা কিছু আছে তাদের কারোরই আচরন গণতান্ত্রিক না,Positive
test_id_9389,নয় বছর পরে এসেছ কেন ?,Positive
test_id_9390,শত,Positive
test_id_9391,স্বপ্ন দেখতে ভালই লাগে।,Positive
test_id_9392,ইয়াবা মুক্ত দেশ চাই।,Positive
test_id_9393,প্লিজ ইনুকে বাদ দেন।,Positive
test_id_9394,কত নম্বর এপিসোড?,Positive
test_id_9395,"এই দিন নয় আরো দিন আছে, এই দিনেরে নিয়ে যাবে সেই দিনের কাছে।",Positive
test_id_9396,"ওরা যদি হেরে যায়, তবে লজ্জায় ঐ পদ থেকে পদত্যাগ করা উচিৎ হবে ।",Positive
test_id_9397,"যারা পদত্যাগ করছেন, নির্বাচনে না পারলে তাদের কি হবে।",Positive
test_id_9398,প্রশ্নপত্র ফাঁসের অভিযোগে ফেসবুকের ফাঁসি চাই।,Positive
test_id_9399,সঠিক ঔষধ যতদিন না খাওয়ানো হবে ততদিন রোগ ভালো হবে না।,Positive
test_id_9400,বদির লিস্ট ধরেই মিশন।,Positive
test_id_9401,মাননীয় নির্বাচন কমিশনার আমাকে আমার ভোটের অধিকার ফিরিয়ে দিন,Positive
test_id_9402,ক্ষমতায় না গিয়েই যে ধ্বনি দিচ্ছেন ! না জানি ক্ষমতায় গিয়ে কি করবেন?,Positive
test_id_9403,"আজিজ মার্কা বলেন নি, ভাগ্যিস",Positive
test_id_9404,ঘরে বসে না থেকে মর্দা মানুষের মত ভোটের মাঠে গিয়ে নিজের অধিকার ফিরিয়ে নিন !,Positive
test_id_9405,সবাই সরকারের তোতাপাখি হয়েই আছে,Positive
test_id_9406,উন্নয়নে তো দেশ ভাসছে! তাহলে এত প্রচার লাগছে কেন? যেখানে অন্যদের সুযোগই দেয়া হচ্ছে না।,Positive
test_id_9407,এ সব কথার কোনই মূল্য বহন করে না।,Positive
test_id_9408,"একটা প্রবাদ আছে, চোর শোনে না ধর্মের বাণী! আপনার দেশে চোর আছে? থাকলে প্রবাদও আছে।",Positive
test_id_9409,বিলম্বিত আহবান যা হবার হয়ে গেছে এখন নিরপেক্ষ হলেও কোন লাভ নেই!,Positive
test_id_9410,নতুন নাটকের মঞ্চায়ন।,Positive
test_id_9411,ঘুষ নেওয়ার অভিযোগে যদি পুলিশ বরখাস্ত হয় তবেত অচিরেই বাংলাদেশ পুলিশবিহীন রাষ্ট্রে পরিণত হবে।,Positive
test_id_9412,এটাও ইউনেস্কোর স্বীকৃতি।,Positive
test_id_9413,অভিনন্দন সবাইকে।আমাদের শীতল পাটি এখন বিশ্ব ঐত্যিযের অংশ।,Positive
test_id_9414,এসে আওয়ামী লীগের হাল ধরেন।,Positive
test_id_9415,আলহামদুলিল্লাহ!,Positive
test_id_9416,দুনিয়ার সকল প্রাণী সুখী হোক সেই সাথে কাদের ভাই সুস্থ হয়ে ফিরে আসুন আমাদের কাছে।,Positive
test_id_9417,দোয়া করি উনি সুস্থ হয়ে ফিরে আসুন,Positive
test_id_9418,সুস্থ হয়ে ফিরে আসুন চ্যাম্প।,Positive
test_id_9419,ফিরে আসুন প্রিয় নেতা।,Positive
test_id_9420,ব্যাংকের পরীক্ষা কবে হবে,Positive
test_id_9421,ভালো সিদ্ধান্ত,Positive
test_id_9422,"ধন্যবাদ প্রথম আলো, সত্য সুন্দরকে তুলে ধরুন জঙ্গিদের কে না লিখুন ।",Positive
test_id_9423,গায়ের পশম দাঁড়িয়ে যায় সেই ঘটনার কথা মনে পড়লে। ঘুরে দাঁড়িয়েছে। মানবতাকে হারতে দেয়নি।,Positive
test_id_9424,এটা খুব ভাল হয়েছে ।,Positive
test_id_9425,বাপ কা বেটা!,Positive
test_id_9426,এই ভালো উদ্যোগকে সমর্থন। অনুপ্রেরণা ছড়িয়ে পড়ুক সবার মাঝে।,Positive
test_id_9427,উনার উচিত হেফাজত এবং হাটহাজারী থেকে অবিলম্বে পদত্যাগ করা।,Positive
test_id_9428,কারও বক্তব্য নিয়ে মন্তব্য করতে হলে আপনাকে তাঁর কথা বুঝতে হবে।,Positive
test_id_9429,আস্তে,Positive
test_id_9430,কারো বক্তব্য না বুঝে নিজের মতো করে ব্যাখ্যা করা একধরনের অপরাধ।,Positive
test_id_9431,আমরা কি ইরান থেকে জ্ঞান বিজ্ঞানে উন্নত?,Positive
test_id_9432,আপনি তো নতুন বিতর্কের জন্ম দিলেন,Positive
test_id_9433,ধর্ম ব্যক্তিগত বিষয়।,Positive
test_id_9434,বোরকা মরুভূমির পোষাক।,Positive
test_id_9435,বুয়েট মেডিকেল থেকে বের হওয়াই জীবনের সব না। শালীনতার বিকল্প উচ্চশিক্ষা নয়।,Positive
test_id_9436,সে কে?,Positive
test_id_9437,"অনুগ্রহ করে জেগে উটুন, এটা একবিংশ শতাব্দী!",Positive
test_id_9438,ধর্ষণ ঠেকাতে পোশাককোড বা শিক্ষককোড যথাযথ নয়।,Positive
test_id_9439,এই দেশে কত ধরণের মতামত!,Positive
test_id_9440,কারও বক্তব্য ব্যাখ্যা দিতে হলে আপনাকে তাঁর কথা বুঝতে হবে।,Positive
test_id_9441,ঠ্যালার নাম বাবাজী ।,Positive
test_id_9442,"এইতো, পথে এসেছেন!",Positive
test_id_9443,সকল ধর্মের নাকি শুধু মুসলিমদের।,Positive
test_id_9444,এসব মধ্যযুগীয় কথাবার্তা মিডিয়ায় কাভারেজ পায় কীভাবে আমি বুঝিনা।,Positive
test_id_9445,ভালো সিদ্ধান্ত। কিন্তু সতর্ক থাকতে হবে. আবার যেন তৃতীয়বার পরীক্ষা নেয়া না লাগে।,Positive
test_id_9446,দেইখেন আবার যেন পরিক্ষা না নেওয়া লাগে!,Positive
test_id_9447,সঠিক সিদ্ধান্ত,Positive
test_id_9448,এবারও যে ফাঁস হবে না তার গ্যারান্টি কী?,Positive
test_id_9449,এটি আশার কথা। এ সিদ্ধান্ত মানুষকে আনন্দিত করবে।,Positive
test_id_9450,তাই নাকি ? বাংলাদেেশ তো ওদেরই বাড়ীঘর,Positive
test_id_9451,"আপনি নতুন কেউ নন, তাই জনগণ আপনাকে চেনে।",Positive
test_id_9452,সামনে নির্বাচন না?,Positive
test_id_9453,আপনার কথা বিশ্বাস করার মতো কারন আছে কি?,Positive
test_id_9454,এই সরকার মহাকাশও জয় করেছে বুঝেন অবস্থা,Positive
test_id_9455,ঠিক,Positive
test_id_9456,বক্তব্য ভাল লাগলো,Positive
test_id_9457,কথাটা কঠিন শুনালেও খুব শীঘ্রই সেদিন আসছে,Positive
test_id_9458,আপনে পাইলে কি করতেন । পান নাই তাই না ।,Positive
test_id_9459,"জনগণ শুধু রাজনীতির সুফলভোগী হতে পারে না, জনগণেরও সমালোচনার মুখোমুখি হওয়া উচিত।",Positive
test_id_9460,বর্তমান সরকার ও নির্বাচন কমিশনের অধীনে আর কোনো নির্বাচনে অংশ নেবে না কৃষক-শ্রমিক-জনতা লীগ।,Positive
test_id_9461,লেজকাটা শিয়াল বরাবরই লেজওয়ালা শিয়ালদের প্রতি ঈর্ষান্বিত হয় !,Positive
test_id_9462,এই অবস্থায় লোকটা কতটা আশা নিয়ে হাসপাতালে এসেছিল ভাবতে পারেন?,Positive
test_id_9463,দায়িত্বে অবহেলার জন্য হাসপাতাল কর্তৃপক্ষের বিরুদ্ধে মামলা করা উচিৎ।,Positive
test_id_9464,নির্দলীয় সরকারের দাবী তো আওয়ামিলীগের ছিল তাহলে বিএনপি এর জন্য আন্দোলন করে কেন?,Positive
test_id_9465,দেশের মানুষের আর খাইয়া কাম কাজ নাই।,Positive
test_id_9466,আচ্ছা ঠিক আছে।সময় আসুক- তারপর আন্দোলন করেন।,Positive
test_id_9467,আল্লাহ তোমার কুদরতি রহমত দ্বারা ছেলেটাকে ভাল করে দাও।,Positive
test_id_9468,"আহ্, কি কষ্ট, চোখে পানি চলে আসে। আমি একটা অংশ দিতে চাই। আপনারাও এগিয়ে আসুন।",Positive
test_id_9469,প্রথম আলো এই মহত কাজ করার জন্য ধন্যবাদ,Positive
test_id_9470,আমাদের প্রধানমন্ত্রী এখন বিশ্বনন্দিত নেতা।তিনি আমাদের গর্ব।,Positive
test_id_9471,"আমেরিকার প্রতিটি প্রেসিডেন্টই বিশ্বনন্দিত নেতা, কিন্তু তাঁরা দু বার এর বেশী ক্ষমতায় থাকে না।",Positive
test_id_9472,শেখ হাসিনা যোগ্য নেত্রী।,Positive
test_id_9473,দেশকে যদি আরো উপরে নিয়ে যেতে চাই- শেখ হাসিনার বিকল্প নাই।,Positive
test_id_9474,প্রস্তাবে কি বলা আছে সেটাই তো বললেন না !,Positive
test_id_9475,শেখ হাসিনার কদর বিশ্ববাসী ঠিকই করে খালি এদেশের কিছু অন্ধ বধির বাদে।,Positive
test_id_9476,তা তো হওয়ারই কথা।,Positive
test_id_9477,খারাপের কতটুকু অবশিষ্ট আছে তা জানার হলেও ঐক্যফ্রন্টকে ক্ষমতায় দেখতে চাই।,Positive
test_id_9478,আপনার কথার উত্তর ফটোগ্রাফার সহিদুল আলম ভালো দিতে পারবে।,Positive
test_id_9479,ঐক্যফ্রন্ট ক্ষমতায় গেলে বাক্‌স্বাধীনতা এখনকার থেকে ভালো হবে নিশ্চিত,Positive
test_id_9480,সেটা কি এখন আছে?,Positive
test_id_9481,"তাইতো, এখন ফুরফুরা স্বাধিনতা ভোগ করতেছি",Positive
test_id_9482,ওই টা কি? এটা কি এখন আছে?,Positive
test_id_9483,এটা ঠিক বলেছেন। বিএনপি এসে যদি আপনাদের আইনই বলবত রাখে তবে বাকস্বাধীনতা থাকবে কী করে!,Positive
test_id_9484,সেই কারণেই কি আমাদের ভোট দিতে বাঁধা দিবেন ?,Positive
test_id_9485,এখন আছে?,Positive
test_id_9486,হাইস্যকর! দেশের মানুষের জন্য এইটা বড়ই হাইস্যকর!,Positive
test_id_9487,আওয়ামী লীগের সময়ের চেয়ে খারাপ কিছু হবে না।,Positive
test_id_9488,ঘুমন্ত ব্যক্তিকে জাগানো যায় কিন্তু জাগ্রতকে নয়,Positive
test_id_9489,চাঞ্চল্যকর এই মামলাগুলোতে আইনশৃঙ্খলা বাহিনীর ব্যর্থতা জনমনে তাদের প্রতি অনাস্থা সৃষ্টি করেছে।,Positive
test_id_9490,মানববন্ধনে এ দাবির পিছনে মনে হয় হাত কারণ তারাই বেশি ক্ষতিগ্রস্ত,Positive
test_id_9491,আসলে মোবাইল কোম্পানি আর সরকারি বাহিনী কথা বলে জনগনকে বোকা বানাতে চায়,Positive
test_id_9492,জরুরী ভাবে কলরেট বারানো হয়েছে। সরকারের রাজস্ব কমবে।,Positive
test_id_9493,মোবাইল ফোনের অযৌক্তিক নতুন কলরেট প্রত্যাহার এর দাবি জানাচ্ছি,Positive
test_id_9494,ইহা একটি ধ্রুব সত্য,Positive
test_id_9495,"তার আগে শেষ হলেই ভালই হয়, কারণ পয়সা দিয়েও গ্যাস পাচ্ছি না",Positive
test_id_9496,অবিলম্বে ব্যবস্থা নেয়া হোক।,Positive
test_id_9497,"দলীয় নোংরামি, সন্ত্রাস আর চান্দাবাজীর ছাত্র রাজনীতি নিষিদ্ধ করে ছাত্র সংসদ চালু করতে হবে।",Positive
test_id_9498,"আমরাও জানি, যখন কাজ থাকেনা- তখন আপনারাও গুজব ছড়িয়ে জনমনে বিভ্রান্তি তৈরি করেন",Positive
test_id_9499,সামাজিক মাধ্যমে নির্দিষ্ট হ্যাস ট্যাগ ব্যবহারের আহবান জানাতে পারে।,Positive
test_id_9500,পরবর্তী নির্বাচনের আগে পারলেই হবে।,Positive
test_id_9501,প্রধান বিচারপতি সুরেন্দ্র কুমার সিনহা ইতিহাস হয়ে থাকবেন এই বাংলায়।,Positive
test_id_9502,আজ্ঞে হুজুর।,Positive
test_id_9503,জ্বী ঠিকই বলেছেন ।,Positive
test_id_9504,"প্রধান বিচারপ্রতির দোস কেন, নিজেদের দোস খুজে বের করেন?",Positive
test_id_9505,মতিয়া আপার মুখে মানায় না।,Positive
test_id_9506,"ভাল বলেছেন, সম্পুর্ন একমত।",Positive
test_id_9507,"জয় বাংলা, জয় বঙ্গবন্ধু।",Positive
test_id_9508,আপনি আরও অনেকদিন বেচে থাকেন স্যার,Positive
test_id_9509,"অভিযোগ পেলে ব্যবস্থা, এট আবার কি?বেআইনী কিছু ঘটলে ব্যবস্থা নেয়া কি পুলিশের দায়িত্ব নয়?",Positive
test_id_9510,কেন?,Positive
test_id_9511,"এটা বঙ্গবন্ধুর আওয়ামীলীগ নয়, মুক্তিযুদ্ধের আওয়ামীলীগও নয়। এটা এরশাদের উত্তরসুরী",Positive
test_id_9512,দেশে কোন নির্বাচন হচ্ছে না হচ্ছে সম্পুর্ন আনাড়ি পরিচালকের হাতে নির্মিত নির্বাচন নামের একটি নাটক,Positive
test_id_9513,সেনাবাহিনী নামেনি,Positive
test_id_9514,ওসি সাহেব আপনার ব্যবস্থা নেন জনগন মারা যাওয়ার পর,Positive
test_id_9515,"রূপম সাহেব, গত মাসের পাননি নাকি?",Positive
test_id_9516,জিম্মি বাংলাদেশ,Positive
test_id_9517,"শুভ কামনা বস।আপনার জনসেবা শুধু নড়াইলেই নয়, সারাদেশেই ছড়িয়ে যাবে।",Positive
test_id_9518,ক্রিকেটার মাশরাফিকে ভালবাসি কিন্তু হঠাৎ রাজনীতিক বনে যাওয়া মাশরাফিকে নয়।,Positive
test_id_9519,আহা মাশরাফির মত কেউ যদি দেশের প্রধানমন্ত্রী হতেন!,Positive
test_id_9520,আওয়ামী লীগকে সমর্থন দেয়ার জন্য?,Positive
test_id_9521,মাশরাফির সম্মানে অন্যান্য প্রার্থীদেরও উচিৎ নির্বাচন থেকে সরে আসা।,Positive
test_id_9522,"আমরা মাশরাফিকে শুধু নড়াইলের জন্য নয়, সারা দেশের জন্য দেখতে চাই।",Positive
test_id_9523,ভালোবাসার কাঙাল।,Positive
test_id_9524,তার জন্য সবাই একাজটি করবে সে আমাদের আবেগ আমাদের গর্ব।,Positive
test_id_9525,মুক্তির জন্য -ধানের শীষে ভোট দিন ।,Positive
test_id_9526,"জঙ্গি দের সঙ্গ ছাড়ুন, নাহলে সেটাই হবে।",Positive
test_id_9527,আসল কথা বলছেন ভাই,Positive
test_id_9528,রত্নগর্ভা ছিলেন। সার্থক এমন জীবন। আমরা তার আত্মার মাগফেরাত কামনা করি।,Positive
test_id_9529,নদী খাদকদের বিরুদ্ধে আন্দোলন চাই।,Positive
test_id_9530,শুরু করবো কৃষি ইচ্ছা আছে। বাকিটা আল্লাহর,Positive
test_id_9531,"যুব সমাজের আইকন সাহিদুল ইসলাম, যিনি যুবকদের অন্তরদৃষ্টি খুলে দিয়েছে।",Positive
test_id_9532,"অসাধারণ ভাই, আপনার কাছ থেকে অনেক কিছু শিখতে পেলাম",Positive
test_id_9533,অসাধারণ। একটি ‍উজ্জল দৃষ্টান্ত।,Positive
test_id_9534,ও ভাইয়া এটা গল্প নয়।,Positive
test_id_9535,চমৎকার উদাহরণ।,Positive
test_id_9536,মোহাম্মদপুরের কোথায় থাকেন তিনি!,Positive
test_id_9537,কুপাকুপি বিএনপির লোকজন জানেনা। ওইসব আওয়ামীলীগারদের দ্বারাই সম্ভব।,Positive
test_id_9538,"ভোট কেন্দ্রে সিল মারতে গিয়েছিল আওয়ামিরা, প্রতিরোধ গড়ে তুলেছিল এলাকার জনগন।",Positive
test_id_9539,ভোট নিয়ে ২ নম্বরি করতে গেলে ধরা খাওয়ার ভয় আছে।,Positive
test_id_9540,খুনি-সন্ত্রাসীদের দল বিএনপি,Positive
test_id_9541,"ঐক্যফ্রন্ট বনাম মহাজোট, কেমন হবে ভোট?",Positive
test_id_9542,মৃত্যু কারো কাম্য নয়।,Positive
test_id_9543,এই খানে বাজেট বাড়ান আমরা যানজট মুক্ত চোলাফেরা করি।,Positive
test_id_9544,১০০% সত্য কথা,Positive
test_id_9545,ভালবাসা হয় যদি অপরাধতাহলে দু'জনেই সমান অপরাধিকাঁদবে তুমিও যদি আমি কাঁদি৷,Positive
test_id_9546,প্রেমিকের সাথে ঘুরতে যায় সেটা সমস্যা না। সমস্যা রাতে হোটেলে থাকা।ভুলটা দুজনের।,Positive
test_id_9547,দু্দকই পারে বাংলাদেশকে বদলে দিতে ।,Positive
test_id_9548,কুতুব উদ্দিন কুতুব উদ্দিন কুতুব উদ্দিন,Positive
test_id_9549,দু্দক অবশ্য পারে বাংলাদেশকে বদলে দিতে । দুদক কে সে ক্ষমতা দেওয়া কি সম্ভব ?,Positive
test_id_9550,নির্বাচনের দিন সব গাড়ি কেনো বন্ধ রাখতে হবে? এটার পেছনে যুক্তিটা কী?,Positive
test_id_9551,দেশের সামগ্রিক নিরাপত্তার স্বার্থে।,Positive
test_id_9552,দেশে মনে হচ্ছে নির্বাচন না কারফিউ চলতেসে।,Positive
test_id_9553,৩০০ আসনে নির্বাচন মুখের কথা না।,Positive
test_id_9554,"এ ধরনের মন্তব্য ভীষণভাবে আপত্তিকর, বর্ণবাদী ও নিন্দনীয়।",Positive
test_id_9555,খুন অবশ্যই নিন্দনীয়। কোন হত্যাই কাম্য নয়। কিন্তু,Positive
test_id_9556,সঠিক বিচার চাই। যে দোষি তার সাজা চাই।,Positive
test_id_9557,গুরু সবে তো শুরু,Positive
test_id_9558,এই মহান কবির দ্রুত সুস্থতা ও দীর্ঘায়ু কামনা করছি!,Positive
test_id_9559,"কবির সুস্থতা কামনা করছি।আল্লাহ, কবিকে দ্রুত সুস্থ করে দাও।আমিন",Positive
test_id_9560,আল্লাহ প্রিয় কবিকে দ্রুত আরগ্য দান করুনআমিন।,Positive
test_id_9561,মেয়েদেরকে,Positive
test_id_9562,এত দিন পর মনে পড়ল ?,Positive
test_id_9563,"সব সম্ভববের দেশ, আমার বাংলাদেশ",Positive
test_id_9564,দেশের লোমহর্ষক হত্যাকাণ্ডের বিচার কি হতে নেই?,Positive
test_id_9565,বাবুল জড়িত না থাকলে কোনো মতেই তাঁর চাকুরী যাওয়ার কথা নয়।,Positive
test_id_9566,"পুলিশ এখনো আশায় আছে, মুছা ফিরলে মামলার জট খুলবে!",Positive
test_id_9567,এখন বাবুলকে দোষী সাব্যস্ত করা সঙ্গত নয়।,Positive
test_id_9568,বাবুল আক্তারকে দ্রুত গ্রেপ্তার করা উচিত,Positive
test_id_9569,অভিযোগ সত্য হলে বাবুলকে ধরা হোক।,Positive
test_id_9570,বাবুলকে কেন তাঁর শ্বশুড় বাড়ি ছাড়তে হয়েছিল তাও উল্লেখ করা উচিৎ,Positive
test_id_9571,জোর করে বিয়ে দেবার জন্য এটা হচ্ছে।,Positive
test_id_9572,শিক্ষিত সমাজেই তালাকের হার বেশি। শিক্ষিত মানুষকে কেউ জোড় করে বিয়ে দেয় না,Positive
test_id_9573,বিবাহবিচ্ছেদের বিষয়টি নেতিবাচকভাবে না দেখে ইতিবাচকভাবে দেখা উচিত?,Positive
test_id_9574,খালেদার গণতন্ত্রের সবচেয়ে বড় উদাহরন তার পুত্র তারেক জিয়া।,Positive
test_id_9575,একটি দেশের জন্য গণতন্ত্র কতোটা মূল্যবান তা আমাদের শেখাচ্ছেন খালেদা জিয়া।,Positive
test_id_9576,কেনো আপনার মোবাইল না থাকলেও অনেক লোকোই ছবী নেবে,Positive
test_id_9577,অবশ্যই চাই।,Positive
test_id_9578,ভোট কেন্দ্রে সিসি ক্যামেরা চাই,Positive
test_id_9579,"মাননীয় প্রধানমন্ত্রী, দয়া করে জনগনের ভাষা বোঝার চেষ্টা করুন।প্রস্তাব ফেরত পাঠান।",Positive
test_id_9580,"মাত্র ১% দূর্নীতি কমান আর ১% সেবার মান বাড়ান, লাভ ১০% বেড়ে যাবে।",Positive
test_id_9581,"প্রিয় সরকার, এত উন্নয়ন দরকার নেই, আর কর এর বোঝা নিতে পরছি না",Positive
test_id_9582,"আার এ জন্যই প্রয়োজন, নির্বাচনকালীন দল নিরপেক্ষ সরকার ও প্রশাসন।",Positive
test_id_9583,বিএনপি–জামাতের কোনো অপরাধী যেন আইনের বাইরে না থাকে।,Positive
test_id_9584,মির্জা ফখরুলের গাড়িবহরে হামলা,Positive
test_id_9585,আ.লীগ–বিএনপির সংঘর্ষে আহত শতাধিক,Positive
test_id_9586,বাংলাদেশে এখন দলীয় সরকারের অধীন নির্বাচন সম্ভব নয়৷ তত্ত্বাবধায়ক সরকার অতীব জরুরী ।,Positive
test_id_9587,মেঘ দেখে কেউ করিস নে ভয় আড়ালে তার সূর্য হাসে,Positive
test_id_9588,"যে দাগী অপরাধী, তাকে তো পুলিশ অ্যারেস্ট করে, এটা স্বাভাবিক",Positive
test_id_9589,তাহলে অন্য দলে কোন অপরাধী নাই?,Positive
test_id_9590,মি. সিনহার ঘটনা আপনার অজানা,Positive
test_id_9591,জনগন না আপনারা যদি সুযোগ পান তা হলে কি হবে?,Positive
test_id_9592,ইসির নির্দেশে গণগ্রেপ্তার শুরু।,Positive
test_id_9593,"চালিয়ে যান, জণগন যদি সুযোগ পায় আপনাদের দেখিয়ে দেবে ।",Positive
test_id_9594,নতুন কিছু নাই একই কাহিনী!,Positive
test_id_9595,নাম প্রকাশে অনিচ্ছুক আমরা যদি দলকানা হই তাহলে আপনি কি?,Positive
test_id_9596,সাবধান! মাঠ সমতলকরনের কাজ চলিতেছে,Positive
test_id_9597,এরা কি সত্যিই পুলিশ? না অন্যকিছু,Positive
test_id_9598,২০১৪–এর অপরাধ ছাড়িবে না কাউকে।,Positive
test_id_9599,বড় সমস্যা এই নির্বাচনে বড় দুই দল কেউই হারতে চায় না,Positive
test_id_9600,সুনির্দিষ্ট মানুষেরা দিতে পারবে। শুধু নৌকা মার্কায়।,Positive
test_id_9601,লেভেল প্লেয়িং ফিল্ডের চমৎকার উদাহরণ!,Positive
test_id_9602,ফেয়ার ইলেকশনের লক্ষণ,Positive
test_id_9603,মনের কথা বলসেন ভাই।,Positive
test_id_9604,মধ্যস্বত্ত্বভোগীদের উত্পাত কমাতে পারলে লাভ জনগণের ।,Positive
test_id_9605,৩৮ কেজি হলে ৬০০ টাকা কেজি ২২৮০০ টাকা হয়ে।,Positive
test_id_9606,গত ১০ বছর ধরে তাদের দল ক্ষমতায় - বুঝতে হবে।,Positive
test_id_9607,যে হিসেব তারা ওপেন করেছেন তার চেয়ে হাজারগুণ বেশি আছে।,Positive
test_id_9608,আপনার কথা সত্য কিন্তু এই হিসাব তাদের কর ফাইল অনুযায়ী !,Positive
test_id_9609,প্রাণ গোপাল দত্ত ভাল মানুষ।,Positive
test_id_9610,বাহ্ চমৎকার,Positive
test_id_9611,শিরোনাম দেখে ভেবেছিলাম লোকটি রেকর্ড করতে যাচ্ছে বাচ্চা জন্ম দিয়ে।,Positive
test_id_9612,"এম, এ, সমমান হওয়ার পর থেকে আমাদের কওমিরাও বসে নেই।",Positive
test_id_9613,সাধারনের ভিতর থেকে শিবির বের হওয়ার প্রয়োজন নাই।,Positive
test_id_9614,স্বতন্ত্র প্রার্থী না দাঁড়িয়ে আমি তাদের দাঁড়িপাল্লা মার্কাই দাঁড়ানোর অনুরধ করছি।,Positive
test_id_9615,বেনামে ছাত্রশিবির নির্বাচন করার একটা সুযোগ পেলো।,Positive
test_id_9616,"কোটা বিরোধীরা কোন ছাত্র সংগঠন হতে পারে না, যেভাবে এখন আছে সেভাবে খাকলে ভালো",Positive
test_id_9617,এগিয়ে যান।,Positive
test_id_9618,হিরু আলমের স্বপ্ন এমপি হবে আর নুরু স্বপ্ন দেখে ডাকসু ভিপি হবে।স্বপ্ন দেখা দোষের কিছুনা।,Positive
test_id_9619,ঢাকা বিশ্ববিদ্যালয়ে নিষিদ্ধ ছাত্রশিবির সমর্থিত এই তথাকথিত অরাজনৈতিক সংগঠনের আসল চেহারা আজ উন্মোচিত হল।,Positive
test_id_9620,শা বাঁশ!,Positive
test_id_9621,"খুব ভাল উদ্যোগ, এতে সাধারণ ছাত্রদের অনেক দাবি পুরনে সহায়ক হবে।",Positive
test_id_9622,কুকুরের কামরে ভয়ে তো আর ঘরে বসে থাকা যায়না।,Positive
test_id_9623,এবার ফাইনাল ধরা খাবে আশংকা করছি ।,Positive
test_id_9624,"ভালো, তবে মাঝরাতে যেন ভোট দেয়া না হয় সেটা নিশ্চিন্ত করুন।",Positive
test_id_9625,ভালো সীদ্ধান্ত,Positive
test_id_9626,যৌক্তিক কথা। আর নাসিম সাহেবের যুক্তি অনুসারে প্রধান নির্বূাচন কমিশনারের পদত্যাগ আরো আগে হওয়া উচিত।,Positive
test_id_9627,"ওসি সাহেব, গায়েবী মামলা করলে কোন অভিযোগ লাগেনা অার বাস্তব ঘটনায় অভিযোগ লাগে!",Positive
test_id_9628,"মুছাকে কোনো দিনই পাওয়া যাবে না, কারণ মুছা জানে আসল কথা।",Positive
test_id_9629,নেতার উন্নয়ন মানে দেশের উন্নয়ন!নেতারা গড় আয়ে দেশ আজ মধ্যম আয়ের দেশে পরিণত হয়ে গেছে।,Positive
test_id_9630,"এদেরকে হারাতে শুধু একটি প্রতীকই যথেষ্ট, ধানের শীষ।",Positive
test_id_9631,এই দেশে আওয়ামীলীগ যা বলবে তা সব কিছু সাংবিধানিক,Positive
test_id_9632,সত্যি বলেছেন স্যার! এদের রাখার কি দরকার?,Positive
test_id_9633,সরাসরি না নিয়ে বিভিন্ন ফির নামে টাকা নেওয়া বন্ধ করুন।,Positive
test_id_9634,এ জন্য হাসপাতাল কর্তৃপক্ষকে চিকিতসার জন্য জেলে দিতে হবে।,Positive
test_id_9635,"ওয়েলকাম, চিঠি দেন আশা করি ২ নভেম্বর ডেট পেয়ে যাবেন।",Positive
test_id_9636,অযথা পানি ঘোলা না করে সরাসরি লীগে যোগ দিলেই হয়!,Positive
test_id_9637,কোটা সংস্কার আন্দোলনকারী নামে ছাত্রশিবিরকে ঢাকা বিশ্ববিদ্যালয়ে ঢুকতে দেওয়া ঠিক হবে না।,Positive
test_id_9638,উনি চলে গেলে মাঠ আরও ফাঁকা হয়ে যায়।,Positive
test_id_9639,মাহবুব তালুকদার বিএনপি'র শেখানো বুলি আওড়িয়ে চলেছেন। ৫ মিনিটের মধ্যে সভাত্যাগ যৌক্তিক হতে পারে না।,Positive
test_id_9640,প্রথম আলো এবং ১   ২৪ সামাজিক আন্দোলন স্বেচ্ছাসেবী সংগঠনকে ধন্যবাদ।,Positive
test_id_9641,ঐক্য ফ্রন্টকে ডাকা হয়েছে। উনাকেও না ডাকলে তো মান সম্মান থাকবে না।,Positive
test_id_9642,অতি লোভে সাইড লাইনে পরে গেলেন মাহী সাহেব।,Positive
test_id_9643,বিকল্প ধারাই সঠিক,Positive
test_id_9644,চলিতেছে সার্কাস,Positive
test_id_9645,আসল বিএনপি (কামরুল) সমান সুযোগ চাইতেই পারে।,Positive
test_id_9646,নাটকের শেষ দৃশ্য কি হতে পারে?,Positive
test_id_9647,আওয়ামী বি টিমের সংলাপ কি দরকার?,Positive
test_id_9648,আম–ছালা পরিশেষে বিএনপিই হারাবে।,Positive
test_id_9649,চালিয়ে যান,Positive
test_id_9650,"সময় আছে ঐক্যফ্রন্টে যান। আম তো পাবেনই না, ছালাও হারাবেন।",Positive
test_id_9651,"রাজিব, কবে আর বুদ্ধিসুদ্ধি নিয়ে কথা বলবেন?",Positive
test_id_9652,কারন উনার অনুমোতি নাই !,Positive
test_id_9653,এ যেন সিনেমার মতই,Positive
test_id_9654,"বড় ভাই আর ছোট বোনের ব্যাপার, তৃতীয় পক্ষ মাথা ঘামালেই সমস্যা।",Positive
test_id_9655,"আ.লীগ করলে বিচ্ছিন্ন ঘটনা, অন্য দল করলে সন্ত্রাস",Positive
test_id_9656,"মারামারি, কাটাকাটি, ভাংচুর, অবরোধ, বিশৃঙ্খলা, অস্ত্র, আতংক কি ছিলনা সেদিন? তারপরও কেন কোন মামলা হয়নি?",Positive
test_id_9657,ভোট ছাড়া ক্ষমতায় টিকে থাকতে এদেরকেই দরকার!,Positive
test_id_9658,স্বরাষ্ট্র মন্ত্রীর তর্জন গর্জনই আছে। কাজের কিছুই নেই।,Positive
test_id_9659,"মিলেমিশে চলুন, জনগনের সন্মান ও ভালবাসা অর্জন করুন।",Positive
test_id_9660,রুপমের মত।,Positive
test_id_9661,এসব সুবিধাবাদি অতিথি পাখি দলের কোন ভাল কাজেই আসেনা।,Positive
test_id_9662,বিএনপি জল ঘোলা করে মাছ শিকার করছে। শামীম ভাই সেটা টের পেয়েছেন।,Positive
test_id_9663,ক্যাডার পোষা মানুষ রাজনীতি থেকে দূর হলেই দেশ আর জনগনের জন্য মঙ্গল।,Positive
test_id_9664,ভুল !,Positive
test_id_9665,পানি ঘোলা করলে নিশ্চই কারও আপত্তি নেই। চললাম আমি,Positive
test_id_9666,যতদিন পর্যন্ত শামীম ওসমান মেয়র না হতে পারবেন ততদিন তাঁর প্রতিশোধের আগুন,Positive
test_id_9667,"শিরোনাম দেখে মনে হল এটা কোন আওয়ামী লীগ নেতার বক্তব্য, পড়ে বুঝলাম এটা নিজস্ব রিপোর্ট!",Positive
test_id_9668,"বিএনপির গণতন্ত্র মানেই খালেদা, তারেক, জামাত, যুদ্ধাপরাধীদের পুষ্টি দেয়া।",Positive
test_id_9669,"ব্রাজিল এর বউ আসল, এবার একটা আরজেন্টিনার বউ চাই",Positive
test_id_9670,আপনার মত লোকেরাই আর্জেন্টিনা-ব্রাজিল নিয়ে পরে থাকে বাংলাদেশকে নিয়ে ভাবুন,Positive
test_id_9671,৪ বছর পর যখন বিশ্বকাপে,Positive
test_id_9672,"ঢেঁকি ধানই যদি না ভাঙবে, তার আর কাজ কী? তো সে স্বর্গে (বিদেশে) হোক অথবা",Positive
test_id_9673,গাড়ি বা মোটর সাইকেলের তেল বিক্রি সরকারি কিছু কর্মকর্তা ও কর্মচারীর আয়ের একটা উত্স।,Positive
test_id_9674,বেচারা শেষ পর্যন্ত সবকিছু আর ম্যানেজ করতে পারেননি।,Positive
test_id_9675,এটা অন্তরদন্দ মনে হয়। লীগেরা নিজেরা নিজেদের মেরেছে।,Positive
test_id_9676,দেখান দেখি সরকারি কোন প্রতিষ্ঠানটি লাভে আছে?,Positive
test_id_9677,"কোনো লাভ নাই। যাহা লাউ, তাহাই কদু।",Positive
test_id_9678,আকাশে শান্তির নীড় সুদূর পরাহত,Positive
test_id_9679,বিমান সংস্থায় এখন লুট হইতেছে। অাবার কর্পোরেশনের অধীনে গেলে হবে হরিলুট।,Positive
test_id_9680,বি চৌধুরীর উচিত রিটায়ারমেন্টে গিয়ে শমসের মবিন চৌধুরীকে দলের সভাপতি ঘোষণা করা।,Positive
test_id_9681,"আর বেশী দেরী নাই, এবার নির্বাচনের পর বিএনপিরও একই দশা হবে",Positive
test_id_9682,রাজনীতিতে শেষ কথা বলে কিছু থাকা উচিত।,Positive
test_id_9683,ফুটবলের খ্যাপ খেলার মতো নির্বাচনের আগে দুইজনকে দলে ভেড়ানো হয়েছে।,Positive
test_id_9684,দেশের ক্রান্তিকালে ঐক্য না করে নাটক করছে বিকল্পধারা।,Positive
test_id_9685,কি ভাই জ্বলে?,Positive
test_id_9686,প্রথম আলোর কাছে জিজ্ঞাসা বিকল্পধারা এতোবড় হেডলাইন পাওয়ার যোগ্য কি না?,Positive
test_id_9687,আশা করি আমি যোগ দিলেও বিকল্পধারার প্রেসিডিয়াম পদ পাবো কারন এখনো অনেক গুলো পদ খালি।,Positive
test_id_9688,১৬ হাজার কোটি টাকা দিয়ে কি কিছু হয়? নিজেদের পেট ও তো ভরেনা। নিয়োগ বাণিজ্যে,Positive
test_id_9689,রেলওয়ের লোকেরাই চায় না রেলওয়ের উন্নতি হোক ।,Positive
test_id_9690,"জী স্যার, ট্রেনের ভাডার ক্ষেত্রে ব্যাপক উন্নয়ন হয়েছে ।",Positive
test_id_9691,জননেএী আপনার যাএা শুভ হোক,Positive
test_id_9692,"সরকারি চাকুরিতে ঘুষ খেলে চাকুরি যায় না, কেউ কোন উদাহরন দিতে পারবেন?",Positive
test_id_9693,কর্তা কী ইহা জানিতেন না! এখন কেন একা শহীদুল হক বলির পাঠা?,Positive
test_id_9694,শ্রেফ সসন্মানে প্রত্যাহার ? চাকুরিচূত করে জেলে পাঠান ।,Positive
test_id_9695,"আহারে, লাইফে সরকারি চাকরি কেন করলাম না !",Positive
test_id_9696,এতদিন তিনি ঘুষ নিয়েছেন নিজের স্বার্থে আর এখন থেকে ঘুষ নিবেন জনস্বার্থে!,Positive
test_id_9697,"সরকারী চাকুরীর এই এক সুবিধা যতই দুর্নীতি করুন না কেন চাকরী যাবে না, সর্বোচ্চ প্রত্যাহার",Positive
test_id_9698,আনন্দিত হবার কিছুই নাই,Positive
test_id_9699,প্রত্যাহার কি ধরনের শাস্তি ?,Positive
test_id_9700,এখন বেশী ঘুষ খেতে পারবেন,Positive
test_id_9701,এ রকম গুনি মানুষকে অবমুক্ত করা কি ঠিক হয়েছে?,Positive
test_id_9702,এবার,Positive
test_id_9703,"ব্যস!
 ,কতদিন এইভাবে মানুষের উপর অত্যাচার করছে ?
 ,বাহা",Positive
test_id_9704,প্রতপ্রত্যাহার থেকে বুঝলেন না? উনাদের সুনার ছেলেরা কিছু করলে প্রত্যাহার বা স্থগিতেই কঠোর সাস্তি?,Positive
test_id_9705,"ওরা সরকারি চাকরীজীবি, ওদের বিরুদ্ধে আবার মামলা !",Positive
test_id_9706,গুনে,Positive
test_id_9707,কতজনকে প্রত্যাহার করবেন?,Positive
test_id_9708,পদন্নতি,Positive
test_id_9709,ঘুষ খাওয়ার নতুন জায়গা।,Positive
test_id_9710,এটাই কি সঠিক বিচার?,Positive
test_id_9711,"মনে হয় তিনি অতি ভাল কাজটি করেছেন, এজন্য বুঝি প্রমোশন !",Positive
test_id_9712,জনস্বার্থে তাকে বানিজ্য মন্ত্রনালয়ে দেওয়া হয়েছে,Positive
test_id_9713,এতোদিন সে ঘুষ নিছে হাতে গুনে এখন ঘুষ নিবে মেশিনে গুনে,Positive
test_id_9714,এমন মানুষ বদলী করা হোক যে,Positive
test_id_9715,এটা বাংলাদেশ,Positive
test_id_9716,গ্রেফতার না করে প্রত্যাহার? এ কেমন দুর্নীতিবাজের পুরস্কার?,Positive
test_id_9717,সত্যি সেলুকাস কি বিচিত্র এ বঙ্গ জননী আমার।,Positive
test_id_9718,ত আর কি! এখন তিনি বাণিজ্য মন্ত্রনালয়ে,Positive
test_id_9719,প্রত্যাহার! কোন মামলা নেই?,Positive
test_id_9720,এর থেকে আর বড় প্রমান কি থাকতে পারে ?,Positive
test_id_9721,দুঃখ্য পাবার ও কিছু নাই ভাইজান।,Positive
test_id_9722,উন্নতি,Positive
test_id_9723,সম্ভবত: তার খুঁটির জোর বেশ শক্ত তাই প্রকাশ্যে ঘুষ গ্রহন করেও শাস্তি কেবল বদলী।,Positive
test_id_9724,"তুই ঘুস খোর, তুই দেশের শত্রু",Positive
test_id_9725,তাকে দ্রুত জেলে ঢুকানো হউক। সে এখনো মুক্ত কিভাবে?,Positive
test_id_9726,ওয়াও,Positive
test_id_9727,এটা অবনতি হল না উন্নতি হল বুঝলাম না !,Positive
test_id_9728,যুদ্ধাপরাধীর ছেলেদের না বলুন।,Positive
test_id_9729,"আইন করা উচিত, প্রমাণিত কোন যুদ্ধাপরাধীর ছেলে নির্বাচন করতে পারবেনা।",Positive
test_id_9730,কোটায় যারা চাকরী পায় তারা লিখিত পরিক্ষা পাশ করে না?তাহলে মেধাশুন্য কিভাবে হয়?,Positive
test_id_9731,"আবার একটা আন্দোলন, বিশ্লেষণ, ঝামেলা।",Positive
test_id_9732,সহমত,Positive
test_id_9733,ভেজালদের টাকার বিনিময়ে সনদ দেওয়ার মাধ্যমে প্রকৃত বীর মুক্তিযোদ্ধাদেরকে অপমান আগেই করা হয়েছে।,Positive
test_id_9734,মুক্তিযুদ্ধ মন্ত্রনালয়,Positive
test_id_9735,চালেও ভেজাল? কি খাচ্ছি আমরা?,Positive
test_id_9736,যাদের ঘটে শয়তানী বুদ্ধি ঘুরঘুর করে তারা প্লাস্টিকের দানাকে চাউল পরিচয় দিয়ে ফেসবুক আর পত্রিকায়,Positive
test_id_9737,ধানের শীষে ভোট না দেওয়াতে প্লাস্টিকের চাল খেতে হচ্ছে!,Positive
test_id_9738,নাম প্রকাশে অনিচ্ছুকওপরের চ্যাম্বার খালি থাকলেই অমন মন্তব্য করতে পারেন।,Positive
test_id_9739,প্লাস্টিক এর চাল থেকে ভাত হয় কীভাবে ?,Positive
test_id_9740,ইয়া আল্লাহ আপনি আমাদের রক্ষা করুন অতি মুনাফালোভীদের কাছ থেকে।,Positive
test_id_9741,প্লাস্টিকের চালের কেজি কি দশ টাকা?,Positive
test_id_9742,প্লাস্টিকের চাল সম্পূর্ন অবাস্তব ও কাল্পনিক বিষয়।,Positive
test_id_9743,এই চাল আমদানি ও বিক্রির সাথে জড়িত তাদের প্রত্যেকের ফাঁসি হওয়া উচিত।,Positive
test_id_9744,প্লাস্টিকের চালের আমদানি ও বিক্রির সাথে,Positive
test_id_9745,হিহিহিহিহিহিহিহিহিহিহিহিহিহিহিহিহিহিহিহি,Positive
test_id_9746,আপনি কি খোচা মারা কথা ছাড়া বলতে শেখেননি?,Positive
test_id_9747,"ভিক্ষে করুন, ফ্রিতেই পাবেন।",Positive
test_id_9748,"বেশি করে আলু খান, প্লাস্টিকের উপর চাপ কমান।",Positive
test_id_9749,দেশের মানুষ আসল ঘটনা জানে।,Positive
test_id_9750,২২ তারিখের পর প্রশাসন সরকারের কথা শুনবে না: ঐক্যফ্রন্ট,Positive
test_id_9751,"নির্বাচনের পরিবেশ যে সরকার বিরোধীদের জন্য অনুকুল নয়, সেটা স্বীকার করার জন্য ধন্যবাদ",Positive
test_id_9752,"আজকে তো প্রথম দিন, আগামী কাল থেকে আসল পরীক্ষা শুরু। লেটস্ ‍সী",Positive
test_id_9753,একটু হালকা শীত ছাড়া এখন মনোরম পরিবেশ বিরাজ করসে,Positive
test_id_9754,এরকম ক্ষমতাহীন সেনা মোতায়েনের কি দরকার ছিল। সেনাদেরকে তো কোনো ক্ষমতায় দেওয়া হয়নি।,Positive
test_id_9755,মির্জা আব্বাসের জনপ্রিয়তা এত কমে নাই!,Positive
test_id_9756,"জনগণ সুষ্ঠু, সুন্দর ও নিরপেক্ষ পরিবেশে ভোট দিতে সক্ষম হবে।",Positive
test_id_9757,"আওয়ামীলীগ বললে হয় অভিযোগ, বিএনপি বললে হয় নালিশ! পোড়া কপাল",Positive
test_id_9758,সেনাবাহিনীর সহায়তা নিন ভোট ডাকাতি রুখে দিন,Positive
test_id_9759,এতদিন তার মানে খারাপ ছিলো!,Positive
test_id_9760,"এই ঘটনায় শুধু যে দুজন মরেছে তা নয়, সামনে
 ,সমাজে ঘুণে ধরে গেছে",Positive
test_id_9761,সমাজ নিয়ে ভাববে কে ? দেশের সমাজপতিরা তো ২ ভাগে ভিভৎ,Positive
test_id_9762,১০০ % খাটি কথা । এ দুইজন কে দেশের বাইরে রেখে আশা দরকার।,Positive
test_id_9763,দেখার কি কেউ নেই?,Positive
test_id_9764,আমি দুঃখিত,Positive
test_id_9765,তাকে দেশে আনার দরকার নাই।,Positive
test_id_9766,লন্ডনে তো গণতন্ত্রও পাওয়া যায়,Positive
test_id_9767,"জ্বীনা, তবে ছাএশিবির পরিচালনা করে।",Positive
test_id_9768,"দেশে গনতন্ত্র বিরাজমান। শুধু যাদের গদি নাই, তারাই এ প্যাচাল পারছে।",Positive
test_id_9769,"তাইলে তো কুনো প্রবলেম নাই, ছাত্রলীগ হইলে তাও ফুলের মালার দাম চাইতাম",Positive
test_id_9770,ঠিক বলেছেন মাননীয় প্রধানমন্ত্রী।,Positive
test_id_9771,গনতন্ত্র ফিরিয়ে দিলে হবে? দেশের মান ক্ষুন্য হবেনা?,Positive
test_id_9772,একটা সুষ্ঠ নির্বাচনের ব্যবস্থা করেন,Positive
test_id_9773,তাই তো মশাই!সু-শাসনের নছিয়ত তো করবেন আপনারা!আপনাদের সু-শাসন ইতিহাসের পাতায় লিপিবদ্ধ থাকবেই।,Positive
test_id_9774,তাকে দ্রুত দেশে ফিরিয়ে এনে জেলে রাখার ব্যবস্থা করুন।,Positive
test_id_9775,আপনার দলের লোকজনের বিরুদ্ধে কি ব্যবস্থা নিয়েছেন?,Positive
test_id_9776,ক্ষমতা ধরে রাখতে এখন বংগবন্ধুর খুনিদের চাইতেও তারেক গুরুত্বপূর্ণ!,Positive
test_id_9777,"তারেক মুচলেকা দিছে রাজনীতি করবে না, ষড়যন্ত্র করবে না এই মুচলেকা সে দেয় নাই!",Positive
test_id_9778,"হলমার্ক, রিজার্ভ, ডেসটিনি এ গুলো বাদ গেল কেন?",Positive
test_id_9779,ভালোই বলেছেন!,Positive
test_id_9780,আইনের হাত তারেকের অপরাধের থেকে লম্বা।,Positive
test_id_9781,জেলের ভাত খাওয়ার জন্যে বুঝি কেয়ার টেকার ফিরিয়ে আনবে?সে গুঁড়ে বালি।,Positive
test_id_9782,তারেক রহমান কোন যোগ্যতায় বিএনপির ভারপ্রাপ্ত চেয়ারম্যান?,Positive
test_id_9783,দেশের একমাত্র সমস্যা এখন তারেক রহমান,Positive
test_id_9784,একে যত দ্রুত সম্ভব ফিরিয়ে এনে বিচার করা দরকার।,Positive
test_id_9785,"খালেদা-তারেক শুধু বিএনপি’র নয়, গোটা দেশের সবচে বড় সমস্যা।এদের যেভাবে উত্থান, পতন অবশ্যাম্ভাবী",Positive
test_id_9786,মন্তব্য করলাম না।,Positive
test_id_9787,তারেক রহমান লন্ডনে বসে কি ছাত্রলীগ পরিচালনা করে?,Positive
test_id_9788,তারেকের জন্য সৌদি ছাড়া পথ নাই!,Positive
test_id_9789,"আমরা চাই তারেক নিজেই আসুক, সে প্রমান করুক দুর্নীতি করে নাই।",Positive
test_id_9790,দেশে সকল অপরাধের বিচার ও সাজা নিশ্চিত রাখা জুরুরী।,Positive
test_id_9791,আচ্ছা!ফেয়ার ইলেকশনের আগে কি?,Positive
test_id_9792,একটা সুষ্ঠ নির্বাচনের ব্যবস্থা করেন।,Positive
test_id_9793,বিদেশে,Positive
test_id_9794,"যুদ্ধ অপরাধ, জাতীর পিতার খুনিরা কই? তাদের ফিরিয়ে আনছেননা? না কি এখন আওয়ামিলীগের আজরাইল?",Positive
test_id_9795,জঙ্গি ও শিবির পরিচালনা করে।,Positive
test_id_9796,জনগণ যেন নির্ভয়ে ভোট দিতে পারে।,Positive
test_id_9797,ভালভাবে নির্বাচন দেন।,Positive
test_id_9798,আইনকে তার নিজস্ব গতিতে চলতে দেওয়া হোক।,Positive
test_id_9799,রকম অনেক আশা নিয়ে আমি জেগে উঠি ।,Neutral
test_id_9800,অনেক আশা নিয়ে আমি জেগে উঠি ক্ষত ।,Neutral
test_id_9801,আশা নিয়ে আমি জেগে উঠি ক্ষত সেরে ।,Neutral
test_id_9802,নিয়ে আমি জেগে উঠি ক্ষত সেরে গেলেই ।,Neutral
test_id_9803,আমি জেগে উঠি ক্ষত সেরে গেলেই আবার ।,Neutral
test_id_9804,জেগে উঠি ক্ষত সেরে গেলেই আবার বিব্রত ।,Neutral
test_id_9805,উঠি ক্ষত সেরে গেলেই আবার বিব্রত হয়ে ।,Neutral
test_id_9806,ক্ষত সেরে গেলেই আবার বিব্রত হয়ে পড়ি ।,Neutral
test_id_9807,রকম অনেক আশা নিয়ে আমি জেগে উঠি ক্ষত ।,Neutral
test_id_9808,অনেক আশা নিয়ে আমি জেগে উঠি ক্ষত সেরে ।,Neutral
test_id_9809,আশা নিয়ে আমি জেগে উঠি ক্ষত সেরে গেলেই ।,Neutral
test_id_9810,নিয়ে আমি জেগে উঠি ক্ষত সেরে গেলেই আবার ।,Neutral
test_id_9811,আমি জেগে উঠি ক্ষত সেরে গেলেই আবার বিব্রত ।,Neutral
test_id_9812,জেগে উঠি ক্ষত সেরে গেলেই আবার বিব্রত হয়ে ।,Neutral
test_id_9813,উঠি ক্ষত সেরে গেলেই আবার বিব্রত হয়ে পড়ি ।,Neutral
test_id_9814,আমার এ প্রাণ বৃথায় উড়ে বেড়ায় তোমারই ।,Neutral
test_id_9815,এ প্রাণ বৃথায় উড়ে বেড়ায় তোমারই ছায়ায় ।,Neutral
test_id_9816,আমার এ প্রাণ বৃথায় উড়ে বেড়ায় তোমারই ছায়ায় ।,Neutral
test_id_9817,কি এক উৎকন্ঠায় আমার সাঁঝের মেঘ ভেসে ।,Neutral
test_id_9818,এক উৎকন্ঠায় আমার সাঁঝের মেঘ ভেসে যায়- ।,Neutral
test_id_9819,উৎকন্ঠায় আমার সাঁঝের মেঘ ভেসে যায়- ভেসে ।,Neutral
test_id_9820,আমার সাঁঝের মেঘ ভেসে যায়- ভেসে যায় ।,Neutral
test_id_9821,কি এক উৎকন্ঠায় আমার সাঁঝের মেঘ ভেসে যায়- ।,Neutral
test_id_9822,এক উৎকন্ঠায় আমার সাঁঝের মেঘ ভেসে যায়- ভেসে ।,Neutral
test_id_9823,উৎকন্ঠায় আমার সাঁঝের মেঘ ভেসে যায়- ভেসে যায় ।,Neutral
test_id_9824,আমিও জেনেছি যে হায় শিশুর মতো হতে ।,Neutral
test_id_9825,জেনেছি যে হায় শিশুর মতো হতে হয় ।,Neutral
test_id_9826,যে হায় শিশুর মতো হতে হয় সরল ।,Neutral
test_id_9827,হায় শিশুর মতো হতে হয় সরল হয়ে ।,Neutral
test_id_9828,আমিও জেনেছি যে হায় শিশুর মতো হতে হয় ।,Neutral
test_id_9829,জেনেছি যে হায় শিশুর মতো হতে হয় সরল ।,Neutral
test_id_9830,যে হায় শিশুর মতো হতে হয় সরল হয়ে ।,Neutral
test_id_9831,আমিও বুঝেছি যে হায় শিশুর মতো হতে ।,Neutral
test_id_9832,বুঝেছি যে হায় শিশুর মতো হতে হয় ।,Neutral
test_id_9833,আমিও বুঝেছি যে হায় শিশুর মতো হতে হয় ।,Neutral
test_id_9834,বুঝেছি যে হায় শিশুর মতো হতে হয় সরল ।,Neutral
test_id_9835,যা কিছু সব আঁকা হয় তবুও সে ।,Neutral
test_id_9836,কিছু সব আঁকা হয় তবুও সে মুখ ।,Neutral
test_id_9837,সব আঁকা হয় তবুও সে মুখ আসে ।,Neutral
test_id_9838,আঁকা হয় তবুও সে মুখ আসে না ।,Neutral
test_id_9839,হয় তবুও সে মুখ আসে না এ ।,Neutral
test_id_9840,তবুও সে মুখ আসে না এ মায়ায় ।,Neutral
test_id_9841,যা কিছু সব আঁকা হয় তবুও সে মুখ ।,Neutral
test_id_9842,কিছু সব আঁকা হয় তবুও সে মুখ আসে ।,Neutral
test_id_9843,সব আঁকা হয় তবুও সে মুখ আসে না ।,Neutral
test_id_9844,আঁকা হয় তবুও সে মুখ আসে না এ ।,Neutral
test_id_9845,হয় তবুও সে মুখ আসে না এ মায়ায় ।,Neutral
test_id_9846,আসলে এরকম কোন মুখ নেই যে আসলে ।,Neutral
test_id_9847,এরকম কোন মুখ নেই যে আসলে এরকম ।,Neutral
test_id_9848,কোন মুখ নেই যে আসলে এরকম কোন ।,Neutral
test_id_9849,মুখ নেই যে আসলে এরকম কোন মানুষ ।,Neutral
test_id_9850,নেই যে আসলে এরকম কোন মানুষ নে ।,Neutral
test_id_9851,যে আসলে এরকম কোন মানুষ নে যে ।,Neutral
test_id_9852,আসলে এরকম কোন মুখ নেই যে আসলে এরকম ।,Neutral
test_id_9853,এরকম কোন মুখ নেই যে আসলে এরকম কোন ।,Neutral
test_id_9854,কোন মুখ নেই যে আসলে এরকম কোন মানুষ ।,Neutral
test_id_9855,মুখ নেই যে আসলে এরকম কোন মানুষ নে ।,Neutral
test_id_9856,নেই যে আসলে এরকম কোন মানুষ নে যে ।,Neutral
test_id_9857,সবই আছে মায়ায় মায়াবাদী নই আমি এ ।,Neutral
test_id_9858,আছে মায়ায় মায়াবাদী নই আমি এ ধরায় ।,Neutral
test_id_9859,সবই আছে মায়ায় মায়াবাদী নই আমি এ ধরায় ।,Neutral
test_id_9860,তোমাকে আলো ভেবে- চোখ চেয়ে থেকেছি আঁধারে ।,Neutral
test_id_9861,স্বপ্নগুলো হারিয়ে ফেলে চেয়েছি ফিরে আমার আলো ।,Neutral
test_id_9862,হারিয়ে ফেলে চেয়েছি ফিরে আমার আলো কে ।,Neutral
test_id_9863,স্বপ্নগুলো হারিয়ে ফেলে চেয়েছি ফিরে আমার আলো কে ।,Neutral
test_id_9864,তখনই জেনেছি আলো হয়ে আছো তুমি আমার ।,Neutral
test_id_9865,জেনেছি আলো হয়ে আছো তুমি আমার আঁধারে ।,Neutral
test_id_9866,তখনই জেনেছি আলো হয়ে আছো তুমি আমার আঁধারে ।,Neutral
test_id_9867,আর যখনই ভেবেছি বাঁধবো সীমা চারপাশে তোমাকে ।,Neutral
test_id_9868,যখনই ভেবেছি বাঁধবো সীমা চারপাশে তোমাকে ঘিরে ।,Neutral
test_id_9869,আর যখনই ভেবেছি বাঁধবো সীমা চারপাশে তোমাকে ঘিরে ।,Neutral
test_id_9870,সেই ছবিতে অন্ধ কবি আমিএক হাতরে ফিরি ।,Neutral
test_id_9871,ছবিতে অন্ধ কবি আমিএক হাতরে ফিরি আলোর ।,Neutral
test_id_9872,অন্ধ কবি আমিএক হাতরে ফিরি আলোর সিড়ি ।,Neutral
test_id_9873,সেই ছবিতে অন্ধ কবি আমিএক হাতরে ফিরি আলোর ।,Neutral
test_id_9874,ছবিতে অন্ধ কবি আমিএক হাতরে ফিরি আলোর সিড়ি ।,Neutral
test_id_9875,যখন পড়বে না মোর পায়ের চিহ্ন এই ।,Neutral
test_id_9876,পড়বে না মোর পায়ের চিহ্ন এই বাটে ।,Neutral
test_id_9877,যখন পড়বে না মোর পায়ের চিহ্ন এই বাটে ।,Neutral
test_id_9878,আমি বাইব না মোর খেয়াতরী এই ঘাটে ।,Neutral
test_id_9879,বন্ধ হবে আনাগোনা এই হাটে- তখন আমায় ।,Neutral
test_id_9880,হবে আনাগোনা এই হাটে- তখন আমায় নাইবা ।,Neutral
test_id_9881,আনাগোনা এই হাটে- তখন আমায় নাইবা মনে ।,Neutral
test_id_9882,এই হাটে- তখন আমায় নাইবা মনে রাখলে ।,Neutral
test_id_9883,বন্ধ হবে আনাগোনা এই হাটে- তখন আমায় নাইবা ।,Neutral
test_id_9884,হবে আনাগোনা এই হাটে- তখন আমায় নাইবা মনে ।,Neutral
test_id_9885,আনাগোনা এই হাটে- তখন আমায় নাইবা মনে রাখলে ।,Neutral
test_id_9886,তারার পানে চেয়ে চেয়ে নাইবা আমায় ডাকলে ।,Neutral
test_id_9887,পানে চেয়ে চেয়ে নাইবা আমায় ডাকলে যখন ।,Neutral
test_id_9888,চেয়ে চেয়ে নাইবা আমায় ডাকলে যখন জমবে ।,Neutral
test_id_9889,চেয়ে নাইবা আমায় ডাকলে যখন জমবে ধূলা ।,Neutral
test_id_9890,নাইবা আমায় ডাকলে যখন জমবে ধূলা তানপুরাটার ।,Neutral
test_id_9891,আমায় ডাকলে যখন জমবে ধূলা তানপুরাটার তারগুলায় ।,Neutral
test_id_9892,তারার পানে চেয়ে চেয়ে নাইবা আমায় ডাকলে যখন ।,Neutral
test_id_9893,পানে চেয়ে চেয়ে নাইবা আমায় ডাকলে যখন জমবে ।,Neutral
test_id_9894,চেয়ে চেয়ে নাইবা আমায় ডাকলে যখন জমবে ধূলা ।,Neutral
test_id_9895,চেয়ে নাইবা আমায় ডাকলে যখন জমবে ধূলা তানপুরাটার ।,Neutral
test_id_9896,নাইবা আমায় ডাকলে যখন জমবে ধূলা তানপুরাটার তারগুলায় ।,Neutral
test_id_9897,ফুলের বাগান ঘন ঘাসের পরবে সজ্জা বনবাসের ।,Neutral
test_id_9898,শ্যাওলা এসে ঘিরবে দিঘির ধারগুলায়- তখন আমায় ।,Neutral
test_id_9899,এসে ঘিরবে দিঘির ধারগুলায়- তখন আমায় নাইবা ।,Neutral
test_id_9900,ঘিরবে দিঘির ধারগুলায়- তখন আমায় নাইবা মনে ।,Neutral
test_id_9901,দিঘির ধারগুলায়- তখন আমায় নাইবা মনে রাখলে ।,Neutral
test_id_9902,শ্যাওলা এসে ঘিরবে দিঘির ধারগুলায়- তখন আমায় নাইবা ।,Neutral
test_id_9903,এসে ঘিরবে দিঘির ধারগুলায়- তখন আমায় নাইবা মনে ।,Neutral
test_id_9904,ঘিরবে দিঘির ধারগুলায়- তখন আমায় নাইবা মনে রাখলে ।,Neutral
test_id_9905,পানে চেয়ে চেয়ে নাইবা আমায় ডাকলে তখন ।,Neutral
test_id_9906,চেয়ে চেয়ে নাইবা আমায় ডাকলে তখন এমনি ।,Neutral
test_id_9907,চেয়ে নাইবা আমায় ডাকলে তখন এমনি করেই ।,Neutral
test_id_9908,নাইবা আমায় ডাকলে তখন এমনি করেই বাজবে ।,Neutral
test_id_9909,আমায় ডাকলে তখন এমনি করেই বাজবে বাঁশি ।,Neutral
test_id_9910,ডাকলে তখন এমনি করেই বাজবে বাঁশি এই ।,Neutral
test_id_9911,তখন এমনি করেই বাজবে বাঁশি এই নাটে ।,Neutral
test_id_9912,তারার পানে চেয়ে চেয়ে নাইবা আমায় ডাকলে তখন ।,Neutral
test_id_9913,পানে চেয়ে চেয়ে নাইবা আমায় ডাকলে তখন এমনি ।,Neutral
test_id_9914,চেয়ে চেয়ে নাইবা আমায় ডাকলে তখন এমনি করেই ।,Neutral
test_id_9915,চেয়ে নাইবা আমায় ডাকলে তখন এমনি করেই বাজবে ।,Neutral
test_id_9916,নাইবা আমায় ডাকলে তখন এমনি করেই বাজবে বাঁশি ।,Neutral
test_id_9917,আমায় ডাকলে তখন এমনি করেই বাজবে বাঁশি এই ।,Neutral
test_id_9918,ডাকলে তখন এমনি করেই বাজবে বাঁশি এই নাটে ।,Neutral
test_id_9919,কাটবে গো দিন আজও যেমন দিন কাটে ।,Neutral
test_id_9920,ঘাটে ঘাটে খেয়ার তরী এমনি সে দিন ।,Neutral
test_id_9921,ঘাটে খেয়ার তরী এমনি সে দিন উঠবে ।,Neutral
test_id_9922,খেয়ার তরী এমনি সে দিন উঠবে ভরি- ।,Neutral
test_id_9923,তরী এমনি সে দিন উঠবে ভরি- চরবে ।,Neutral
test_id_9924,এমনি সে দিন উঠবে ভরি- চরবে গরু ।,Neutral
test_id_9925,সে দিন উঠবে ভরি- চরবে গরু খেলবে ।,Neutral
test_id_9926,দিন উঠবে ভরি- চরবে গরু খেলবে রাখাল ।,Neutral
test_id_9927,উঠবে ভরি- চরবে গরু খেলবে রাখাল ওই ।,Neutral
test_id_9928,ভরি- চরবে গরু খেলবে রাখাল ওই মাঠে. ।,Neutral
test_id_9929,ঘাটে ঘাটে খেয়ার তরী এমনি সে দিন উঠবে ।,Neutral
test_id_9930,ঘাটে খেয়ার তরী এমনি সে দিন উঠবে ভরি- ।,Neutral
test_id_9931,খেয়ার তরী এমনি সে দিন উঠবে ভরি- চরবে ।,Neutral
test_id_9932,তরী এমনি সে দিন উঠবে ভরি- চরবে গরু ।,Neutral
test_id_9933,এমনি সে দিন উঠবে ভরি- চরবে গরু খেলবে ।,Neutral
test_id_9934,সে দিন উঠবে ভরি- চরবে গরু খেলবে রাখাল ।,Neutral
test_id_9935,দিন উঠবে ভরি- চরবে গরু খেলবে রাখাল ওই ।,Neutral
test_id_9936,উঠবে ভরি- চরবে গরু খেলবে রাখাল ওই মাঠে. ।,Neutral
test_id_9937,চেয়ে চেয়ে নাইবা আমায় ডাকলে তখন কে ।,Neutral
test_id_9938,চেয়ে নাইবা আমায় ডাকলে তখন কে বলে ।,Neutral
test_id_9939,নাইবা আমায় ডাকলে তখন কে বলে গো ।,Neutral
test_id_9940,আমায় ডাকলে তখন কে বলে গো সেই ।,Neutral
test_id_9941,ডাকলে তখন কে বলে গো সেই প্রভাতে ।,Neutral
test_id_9942,তখন কে বলে গো সেই প্রভাতে নেই ।,Neutral
test_id_9943,কে বলে গো সেই প্রভাতে নেই আমি. ।,Neutral
test_id_9944,পানে চেয়ে চেয়ে নাইবা আমায় ডাকলে তখন কে ।,Neutral
test_id_9945,চেয়ে চেয়ে নাইবা আমায় ডাকলে তখন কে বলে ।,Neutral
test_id_9946,চেয়ে নাইবা আমায় ডাকলে তখন কে বলে গো ।,Neutral
test_id_9947,নাইবা আমায় ডাকলে তখন কে বলে গো সেই ।,Neutral
test_id_9948,আমায় ডাকলে তখন কে বলে গো সেই প্রভাতে ।,Neutral
test_id_9949,ডাকলে তখন কে বলে গো সেই প্রভাতে নেই ।,Neutral
test_id_9950,তখন কে বলে গো সেই প্রভাতে নেই আমি. ।,Neutral
test_id_9951,সকল খেলায় করবে খেলা এই আমি - ।,Neutral
test_id_9952,খেলায় করবে খেলা এই আমি - আহা ।,Neutral
test_id_9953,সকল খেলায় করবে খেলা এই আমি - আহা ।,Neutral
test_id_9954,সেই তুমি কেন এতো অচেনা হলে সেই ।,Neutral
test_id_9955,তুমি কেন এতো অচেনা হলে সেই আমি ।,Neutral
test_id_9956,কেন এতো অচেনা হলে সেই আমি কেন ।,Neutral
test_id_9957,এতো অচেনা হলে সেই আমি কেন তোমাকে ।,Neutral
test_id_9958,অচেনা হলে সেই আমি কেন তোমাকে দুঃখ ।,Neutral
test_id_9959,হলে সেই আমি কেন তোমাকে দুঃখ দিলেম ।,Neutral
test_id_9960,সেই আমি কেন তোমাকে দুঃখ দিলেম কেমন ।,Neutral
test_id_9961,আমি কেন তোমাকে দুঃখ দিলেম কেমন করে ।,Neutral
test_id_9962,কেন তোমাকে দুঃখ দিলেম কেমন করে এতো ।,Neutral
test_id_9963,তোমাকে দুঃখ দিলেম কেমন করে এতো অচেনা ।,Neutral
test_id_9964,দুঃখ দিলেম কেমন করে এতো অচেনা হলে ।,Neutral
test_id_9965,দিলেম কেমন করে এতো অচেনা হলে তুমি ।,Neutral
test_id_9966,কেমন করে এতো অচেনা হলে তুমি কিভাবে ।,Neutral
test_id_9967,করে এতো অচেনা হলে তুমি কিভাবে এতো ।,Neutral
test_id_9968,এতো অচেনা হলে তুমি কিভাবে এতো বদলে ।,Neutral
test_id_9969,অচেনা হলে তুমি কিভাবে এতো বদলে গেছি ।,Neutral
test_id_9970,হলে তুমি কিভাবে এতো বদলে গেছি এই ।,Neutral
test_id_9971,তুমি কিভাবে এতো বদলে গেছি এই আমি ।,Neutral
test_id_9972,কিভাবে এতো বদলে গেছি এই আমি ও ।,Neutral
test_id_9973,এতো বদলে গেছি এই আমি ও বুকেরও ।,Neutral
test_id_9974,বদলে গেছি এই আমি ও বুকেরও সব ।,Neutral
test_id_9975,গেছি এই আমি ও বুকেরও সব কষ্ট ।,Neutral
test_id_9976,এই আমি ও বুকেরও সব কষ্ট দুহাতে ।,Neutral
test_id_9977,আমি ও বুকেরও সব কষ্ট দুহাতে সরিয়ে ।,Neutral
test_id_9978,ও বুকেরও সব কষ্ট দুহাতে সরিয়ে চলো ।,Neutral
test_id_9979,বুকেরও সব কষ্ট দুহাতে সরিয়ে চলো বদলে ।,Neutral
test_id_9980,সব কষ্ট দুহাতে সরিয়ে চলো বদলে যাই ।,Neutral
test_id_9981,কষ্ট দুহাতে সরিয়ে চলো বদলে যাই তুমি ।,Neutral
test_id_9982,দুহাতে সরিয়ে চলো বদলে যাই তুমি কেন ।,Neutral
test_id_9983,সরিয়ে চলো বদলে যাই তুমি কেন বোঝ ।,Neutral
test_id_9984,চলো বদলে যাই তুমি কেন বোঝ না ।,Neutral
test_id_9985,বদলে যাই তুমি কেন বোঝ না তোমাকে ।,Neutral
test_id_9986,যাই তুমি কেন বোঝ না তোমাকে ছাড়া ।,Neutral
test_id_9987,তুমি কেন বোঝ না তোমাকে ছাড়া আজ ।,Neutral
test_id_9988,কেন বোঝ না তোমাকে ছাড়া আজ আমি ।,Neutral
test_id_9989,বোঝ না তোমাকে ছাড়া আজ আমি অসহায় ।,Neutral
test_id_9990,না তোমাকে ছাড়া আজ আমি অসহায় আমার ।,Neutral
test_id_9991,তোমাকে ছাড়া আজ আমি অসহায় আমার সবটুকু ।,Neutral
test_id_9992,ছাড়া আজ আমি অসহায় আমার সবটুকু ভালোবাসা ।,Neutral
test_id_9993,আজ আমি অসহায় আমার সবটুকু ভালোবাসা তোমায় ।,Neutral
test_id_9994,আমি অসহায় আমার সবটুকু ভালোবাসা তোমায় জুড়ে ।,Neutral
test_id_9995,অসহায় আমার সবটুকু ভালোবাসা তোমায় জুড়ে আমার ।,Neutral
test_id_9996,আমার সবটুকু ভালোবাসা তোমায় জুড়ে আমার অপরাধ ।,Neutral
test_id_9997,সবটুকু ভালোবাসা তোমায় জুড়ে আমার অপরাধ ছিল ।,Neutral
test_id_9998,ভালোবাসা তোমায় জুড়ে আমার অপরাধ ছিল যতো ।,Neutral
test_id_9999,তোমায় জুড়ে আমার অপরাধ ছিল যতো তোমার ।,Neutral
test_id_10000,জুড়ে আমার অপরাধ ছিল যতো তোমার কাছে ।,Neutral
test_id_10001,আমার অপরাধ ছিল যতো তোমার কাছে তুমি ।,Neutral
test_id_10002,অপরাধ ছিল যতো তোমার কাছে তুমি ক্ষমা ।,Neutral
test_id_10003,ছিল যতো তোমার কাছে তুমি ক্ষমা করে ।,Neutral
test_id_10004,যতো তোমার কাছে তুমি ক্ষমা করে দিও ।,Neutral
test_id_10005,তোমার কাছে তুমি ক্ষমা করে দিও আমায় ।,Neutral
test_id_10006,কাছে তুমি ক্ষমা করে দিও আমায় কতরাত ।,Neutral
test_id_10007,তুমি ক্ষমা করে দিও আমায় কতরাত আমি ।,Neutral
test_id_10008,ক্ষমা করে দিও আমায় কতরাত আমি কেঁদেছি ।,Neutral
test_id_10009,করে দিও আমায় কতরাত আমি কেঁদেছি বুকেরই ।,Neutral
test_id_10010,দিও আমায় কতরাত আমি কেঁদেছি বুকেরই গভীরে ।,Neutral
test_id_10011,আমায় কতরাত আমি কেঁদেছি বুকেরই গভীরে কষ্ট ।,Neutral
test_id_10012,কতরাত আমি কেঁদেছি বুকেরই গভীরে কষ্ট নিয়ে ।,Neutral
test_id_10013,আমি কেঁদেছি বুকেরই গভীরে কষ্ট নিয়ে শূণ্যতায় ।,Neutral
test_id_10014,কেঁদেছি বুকেরই গভীরে কষ্ট নিয়ে শূণ্যতায় ডুবে ।,Neutral
test_id_10015,বুকেরই গভীরে কষ্ট নিয়ে শূণ্যতায় ডুবে গেছি ।,Neutral
test_id_10016,গভীরে কষ্ট নিয়ে শূণ্যতায় ডুবে গেছি আমি ।,Neutral
test_id_10017,কষ্ট নিয়ে শূণ্যতায় ডুবে গেছি আমি আমাকে ।,Neutral
test_id_10018,নিয়ে শূণ্যতায় ডুবে গেছি আমি আমাকে তুমি ।,Neutral
test_id_10019,শূণ্যতায় ডুবে গেছি আমি আমাকে তুমি ফিরিয়ে ।,Neutral
test_id_10020,ডুবে গেছি আমি আমাকে তুমি ফিরিয়ে নাও ।,Neutral
test_id_10021,গেছি আমি আমাকে তুমি ফিরিয়ে নাও কতবার ।,Neutral
test_id_10022,আমি আমাকে তুমি ফিরিয়ে নাও কতবার ভেবেছি ।,Neutral
test_id_10023,আমাকে তুমি ফিরিয়ে নাও কতবার ভেবেছি ভুলে ।,Neutral
test_id_10024,তুমি ফিরিয়ে নাও কতবার ভেবেছি ভুলে যাবো ।,Neutral
test_id_10025,ফিরিয়ে নাও কতবার ভেবেছি ভুলে যাবো তারও ।,Neutral
test_id_10026,নাও কতবার ভেবেছি ভুলে যাবো তারও বেশী ।,Neutral
test_id_10027,কতবার ভেবেছি ভুলে যাবো তারও বেশী মনে ।,Neutral
test_id_10028,ভেবেছি ভুলে যাবো তারও বেশী মনে পড়ে ।,Neutral
test_id_10029,ভুলে যাবো তারও বেশী মনে পড়ে যায় ।,Neutral
test_id_10030,যাবো তারও বেশী মনে পড়ে যায় ফেলে ।,Neutral
test_id_10031,তারও বেশী মনে পড়ে যায় ফেলে আসা ।,Neutral
test_id_10032,বেশী মনে পড়ে যায় ফেলে আসা সেই ।,Neutral
test_id_10033,মনে পড়ে যায় ফেলে আসা সেই সব ।,Neutral
test_id_10034,পড়ে যায় ফেলে আসা সেই সব দিনগুলি ।,Neutral
test_id_10035,যায় ফেলে আসা সেই সব দিনগুলি ভুলে ।,Neutral
test_id_10036,ফেলে আসা সেই সব দিনগুলি ভুলে যেতে ।,Neutral
test_id_10037,আসা সেই সব দিনগুলি ভুলে যেতে আমি ।,Neutral
test_id_10038,সেই সব দিনগুলি ভুলে যেতে আমি পারিনা ।,Neutral
test_id_10039,সব দিনগুলি ভুলে যেতে আমি পারিনা তুমি ।,Neutral
test_id_10040,দিনগুলি ভুলে যেতে আমি পারিনা তুমি চাইলে ।,Neutral
test_id_10041,ভুলে যেতে আমি পারিনা তুমি চাইলে বৃষ্টি ।,Neutral
test_id_10042,সেই তুমি কেন এতো অচেনা হলে সেই আমি ।,Neutral
test_id_10043,তুমি কেন এতো অচেনা হলে সেই আমি কেন ।,Neutral
test_id_10044,কেন এতো অচেনা হলে সেই আমি কেন তোমাকে ।,Neutral
test_id_10045,এতো অচেনা হলে সেই আমি কেন তোমাকে দুঃখ ।,Neutral
test_id_10046,অচেনা হলে সেই আমি কেন তোমাকে দুঃখ দিলেম ।,Neutral
test_id_10047,হলে সেই আমি কেন তোমাকে দুঃখ দিলেম কেমন ।,Neutral
test_id_10048,সেই আমি কেন তোমাকে দুঃখ দিলেম কেমন করে ।,Neutral
test_id_10049,আমি কেন তোমাকে দুঃখ দিলেম কেমন করে এতো ।,Neutral
test_id_10050,কেন তোমাকে দুঃখ দিলেম কেমন করে এতো অচেনা ।,Neutral
test_id_10051,তোমাকে দুঃখ দিলেম কেমন করে এতো অচেনা হলে ।,Neutral
test_id_10052,দুঃখ দিলেম কেমন করে এতো অচেনা হলে তুমি ।,Neutral
test_id_10053,দিলেম কেমন করে এতো অচেনা হলে তুমি কিভাবে ।,Neutral
test_id_10054,কেমন করে এতো অচেনা হলে তুমি কিভাবে এতো ।,Neutral
test_id_10055,করে এতো অচেনা হলে তুমি কিভাবে এতো বদলে ।,Neutral
test_id_10056,এতো অচেনা হলে তুমি কিভাবে এতো বদলে গেছি ।,Neutral
test_id_10057,অচেনা হলে তুমি কিভাবে এতো বদলে গেছি এই ।,Neutral
test_id_10058,হলে তুমি কিভাবে এতো বদলে গেছি এই আমি ।,Neutral
test_id_10059,তুমি কিভাবে এতো বদলে গেছি এই আমি ও ।,Neutral
test_id_10060,কিভাবে এতো বদলে গেছি এই আমি ও বুকেরও ।,Neutral
test_id_10061,এতো বদলে গেছি এই আমি ও বুকেরও সব ।,Neutral
test_id_10062,বদলে গেছি এই আমি ও বুকেরও সব কষ্ট ।,Neutral
test_id_10063,গেছি এই আমি ও বুকেরও সব কষ্ট দুহাতে ।,Neutral
test_id_10064,এই আমি ও বুকেরও সব কষ্ট দুহাতে সরিয়ে ।,Neutral
test_id_10065,আমি ও বুকেরও সব কষ্ট দুহাতে সরিয়ে চলো ।,Neutral
test_id_10066,ও বুকেরও সব কষ্ট দুহাতে সরিয়ে চলো বদলে ।,Neutral
test_id_10067,বুকেরও সব কষ্ট দুহাতে সরিয়ে চলো বদলে যাই ।,Neutral
test_id_10068,সব কষ্ট দুহাতে সরিয়ে চলো বদলে যাই তুমি ।,Neutral
test_id_10069,কষ্ট দুহাতে সরিয়ে চলো বদলে যাই তুমি কেন ।,Neutral
test_id_10070,দুহাতে সরিয়ে চলো বদলে যাই তুমি কেন বোঝ ।,Neutral
test_id_10071,সরিয়ে চলো বদলে যাই তুমি কেন বোঝ না ।,Neutral
test_id_10072,চলো বদলে যাই তুমি কেন বোঝ না তোমাকে ।,Neutral
test_id_10073,বদলে যাই তুমি কেন বোঝ না তোমাকে ছাড়া ।,Neutral
test_id_10074,যাই তুমি কেন বোঝ না তোমাকে ছাড়া আজ ।,Neutral
test_id_10075,তুমি কেন বোঝ না তোমাকে ছাড়া আজ আমি ।,Neutral
test_id_10076,কেন বোঝ না তোমাকে ছাড়া আজ আমি অসহায় ।,Neutral
test_id_10077,বোঝ না তোমাকে ছাড়া আজ আমি অসহায় আমার ।,Neutral
test_id_10078,না তোমাকে ছাড়া আজ আমি অসহায় আমার সবটুকু ।,Neutral
test_id_10079,তোমাকে ছাড়া আজ আমি অসহায় আমার সবটুকু ভালোবাসা ।,Neutral
test_id_10080,ছাড়া আজ আমি অসহায় আমার সবটুকু ভালোবাসা তোমায় ।,Neutral
test_id_10081,আজ আমি অসহায় আমার সবটুকু ভালোবাসা তোমায় জুড়ে ।,Neutral
test_id_10082,আমি অসহায় আমার সবটুকু ভালোবাসা তোমায় জুড়ে আমার ।,Neutral
test_id_10083,অসহায় আমার সবটুকু ভালোবাসা তোমায় জুড়ে আমার অপরাধ ।,Neutral
test_id_10084,আমার সবটুকু ভালোবাসা তোমায় জুড়ে আমার অপরাধ ছিল ।,Neutral
test_id_10085,সবটুকু ভালোবাসা তোমায় জুড়ে আমার অপরাধ ছিল যতো ।,Neutral
test_id_10086,ভালোবাসা তোমায় জুড়ে আমার অপরাধ ছিল যতো তোমার ।,Neutral
test_id_10087,তোমায় জুড়ে আমার অপরাধ ছিল যতো তোমার কাছে ।,Neutral
test_id_10088,জুড়ে আমার অপরাধ ছিল যতো তোমার কাছে তুমি ।,Neutral
test_id_10089,আমার অপরাধ ছিল যতো তোমার কাছে তুমি ক্ষমা ।,Neutral
test_id_10090,অপরাধ ছিল যতো তোমার কাছে তুমি ক্ষমা করে ।,Neutral
test_id_10091,ছিল যতো তোমার কাছে তুমি ক্ষমা করে দিও ।,Neutral
test_id_10092,যতো তোমার কাছে তুমি ক্ষমা করে দিও আমায় ।,Neutral
test_id_10093,তোমার কাছে তুমি ক্ষমা করে দিও আমায় কতরাত ।,Neutral
test_id_10094,কাছে তুমি ক্ষমা করে দিও আমায় কতরাত আমি ।,Neutral
test_id_10095,তুমি ক্ষমা করে দিও আমায় কতরাত আমি কেঁদেছি ।,Neutral
test_id_10096,ক্ষমা করে দিও আমায় কতরাত আমি কেঁদেছি বুকেরই ।,Neutral
test_id_10097,করে দিও আমায় কতরাত আমি কেঁদেছি বুকেরই গভীরে ।,Neutral
test_id_10098,দিও আমায় কতরাত আমি কেঁদেছি বুকেরই গভীরে কষ্ট ।,Neutral
test_id_10099,আমায় কতরাত আমি কেঁদেছি বুকেরই গভীরে কষ্ট নিয়ে ।,Neutral
test_id_10100,কতরাত আমি কেঁদেছি বুকেরই গভীরে কষ্ট নিয়ে শূণ্যতায় ।,Neutral
test_id_10101,আমি কেঁদেছি বুকেরই গভীরে কষ্ট নিয়ে শূণ্যতায় ডুবে ।,Neutral
test_id_10102,কেঁদেছি বুকেরই গভীরে কষ্ট নিয়ে শূণ্যতায় ডুবে গেছি ।,Neutral
test_id_10103,বুকেরই গভীরে কষ্ট নিয়ে শূণ্যতায় ডুবে গেছি আমি ।,Neutral
test_id_10104,গভীরে কষ্ট নিয়ে শূণ্যতায় ডুবে গেছি আমি আমাকে ।,Neutral
test_id_10105,কষ্ট নিয়ে শূণ্যতায় ডুবে গেছি আমি আমাকে তুমি ।,Neutral
test_id_10106,নিয়ে শূণ্যতায় ডুবে গেছি আমি আমাকে তুমি ফিরিয়ে ।,Neutral
test_id_10107,শূণ্যতায় ডুবে গেছি আমি আমাকে তুমি ফিরিয়ে নাও ।,Neutral
test_id_10108,ডুবে গেছি আমি আমাকে তুমি ফিরিয়ে নাও কতবার ।,Neutral
test_id_10109,গেছি আমি আমাকে তুমি ফিরিয়ে নাও কতবার ভেবেছি ।,Neutral
test_id_10110,আমি আমাকে তুমি ফিরিয়ে নাও কতবার ভেবেছি ভুলে ।,Neutral
test_id_10111,আমাকে তুমি ফিরিয়ে নাও কতবার ভেবেছি ভুলে যাবো ।,Neutral
test_id_10112,তুমি ফিরিয়ে নাও কতবার ভেবেছি ভুলে যাবো তারও ।,Neutral
test_id_10113,ফিরিয়ে নাও কতবার ভেবেছি ভুলে যাবো তারও বেশী ।,Neutral
test_id_10114,নাও কতবার ভেবেছি ভুলে যাবো তারও বেশী মনে ।,Neutral
test_id_10115,কতবার ভেবেছি ভুলে যাবো তারও বেশী মনে পড়ে ।,Neutral
test_id_10116,ভেবেছি ভুলে যাবো তারও বেশী মনে পড়ে যায় ।,Neutral
test_id_10117,ভুলে যাবো তারও বেশী মনে পড়ে যায় ফেলে ।,Neutral
test_id_10118,যাবো তারও বেশী মনে পড়ে যায় ফেলে আসা ।,Neutral
test_id_10119,তারও বেশী মনে পড়ে যায় ফেলে আসা সেই ।,Neutral
test_id_10120,বেশী মনে পড়ে যায় ফেলে আসা সেই সব ।,Neutral
test_id_10121,মনে পড়ে যায় ফেলে আসা সেই সব দিনগুলি ।,Neutral
test_id_10122,পড়ে যায় ফেলে আসা সেই সব দিনগুলি ভুলে ।,Neutral
test_id_10123,যায় ফেলে আসা সেই সব দিনগুলি ভুলে যেতে ।,Neutral
test_id_10124,ফেলে আসা সেই সব দিনগুলি ভুলে যেতে আমি ।,Neutral
test_id_10125,আসা সেই সব দিনগুলি ভুলে যেতে আমি পারিনা ।,Neutral
test_id_10126,সেই সব দিনগুলি ভুলে যেতে আমি পারিনা তুমি ।,Neutral
test_id_10127,সব দিনগুলি ভুলে যেতে আমি পারিনা তুমি চাইলে ।,Neutral
test_id_10128,দিনগুলি ভুলে যেতে আমি পারিনা তুমি চাইলে বৃষ্টি ।,Neutral
test_id_10129,দূরে পাখি গাইছে গান বৃষ্টি তোমার আহবান ।,Neutral
test_id_10130,শুধু তুমি চলে যাবে আমি স্বপ্নেও ভাবিনি ।,Neutral
test_id_10131,তুমি চলে যাবে আমি স্বপ্নেও ভাবিনি আমি ।,Neutral
test_id_10132,চলে যাবে আমি স্বপ্নেও ভাবিনি আমি বৃষ্টি ।,Neutral
test_id_10133,যাবে আমি স্বপ্নেও ভাবিনি আমি বৃষ্টি দেখেছি ।,Neutral
test_id_10134,আমি স্বপ্নেও ভাবিনি আমি বৃষ্টি দেখেছি চারটে ।,Neutral
test_id_10135,স্বপ্নেও ভাবিনি আমি বৃষ্টি দেখেছি চারটে দেয়াল ।,Neutral
test_id_10136,ভাবিনি আমি বৃষ্টি দেখেছি চারটে দেয়াল মানেই ।,Neutral
test_id_10137,আমি বৃষ্টি দেখেছি চারটে দেয়াল মানেই নয়তো ।,Neutral
test_id_10138,বৃষ্টি দেখেছি চারটে দেয়াল মানেই নয়তো ঘর ।,Neutral
test_id_10139,দেখেছি চারটে দেয়াল মানেই নয়তো ঘর নিজের ।,Neutral
test_id_10140,চারটে দেয়াল মানেই নয়তো ঘর নিজের ঘরেও ।,Neutral
test_id_10141,দেয়াল মানেই নয়তো ঘর নিজের ঘরেও অনেক ।,Neutral
test_id_10142,মানেই নয়তো ঘর নিজের ঘরেও অনেক মানুষ ।,Neutral
test_id_10143,নয়তো ঘর নিজের ঘরেও অনেক মানুষ পর ।,Neutral
test_id_10144,ঘর নিজের ঘরেও অনেক মানুষ পর কখন ।,Neutral
test_id_10145,নিজের ঘরেও অনেক মানুষ পর কখন কিসের ।,Neutral
test_id_10146,ঘরেও অনেক মানুষ পর কখন কিসের টানে ।,Neutral
test_id_10147,অনেক মানুষ পর কখন কিসের টানে মানুষ ।,Neutral
test_id_10148,মানুষ পর কখন কিসের টানে মানুষ পায় ।,Neutral
test_id_10149,পর কখন কিসের টানে মানুষ পায় যে ।,Neutral
test_id_10150,কখন কিসের টানে মানুষ পায় যে খুঁজে ।,Neutral
test_id_10151,কিসের টানে মানুষ পায় যে খুঁজে বাঁচার ।,Neutral
test_id_10152,টানে মানুষ পায় যে খুঁজে বাঁচার মানে ।,Neutral
test_id_10153,মানুষ পায় যে খুঁজে বাঁচার মানে ঝাপসা ।,Neutral
test_id_10154,পায় যে খুঁজে বাঁচার মানে ঝাপসা চোখে ।,Neutral
test_id_10155,যে খুঁজে বাঁচার মানে ঝাপসা চোখে দেখা ।,Neutral
test_id_10156,খুঁজে বাঁচার মানে ঝাপসা চোখে দেখা এই ।,Neutral
test_id_10157,বাঁচার মানে ঝাপসা চোখে দেখা এই শহর ।,Neutral
test_id_10158,মানে ঝাপসা চোখে দেখা এই শহর আমি ।,Neutral
test_id_10159,ঝাপসা চোখে দেখা এই শহর আমি অনেক ।,Neutral
test_id_10160,চোখে দেখা এই শহর আমি অনেক ভেঙ্গেচুরেও ।,Neutral
test_id_10161,দেখা এই শহর আমি অনেক ভেঙ্গেচুরেও আবার ।,Neutral
test_id_10162,এই শহর আমি অনেক ভেঙ্গেচুরেও আবার শুরু ।,Neutral
test_id_10163,শহর আমি অনেক ভেঙ্গেচুরেও আবার শুরু করেছি ।,Neutral
test_id_10164,আমি অনেক ভেঙ্গেচুরেও আবার শুরু করেছি আবার ।,Neutral
test_id_10165,অনেক ভেঙ্গেচুরেও আবার শুরু করেছি আবার পাওয়ার ।,Neutral
test_id_10166,ভেঙ্গেচুরেও আবার শুরু করেছি আবার পাওয়ার আশায় ।,Neutral
test_id_10167,আবার শুরু করেছি আবার পাওয়ার আশায় ঘুরে ।,Neutral
test_id_10168,শুরু করেছি আবার পাওয়ার আশায় ঘুরে মরেছি ।,Neutral
test_id_10169,করেছি আবার পাওয়ার আশায় ঘুরে মরেছি আমি ।,Neutral
test_id_10170,আবার পাওয়ার আশায় ঘুরে মরেছি আমি অনেক ।,Neutral
test_id_10171,পাওয়ার আশায় ঘুরে মরেছি আমি অনেক হেরে ।,Neutral
test_id_10172,আশায় ঘুরে মরেছি আমি অনেক হেরে গিয়েও ।,Neutral
test_id_10173,ঘুরে মরেছি আমি অনেক হেরে গিয়েও হারটা ।,Neutral
test_id_10174,মরেছি আমি অনেক হেরে গিয়েও হারটা স্বীকার ।,Neutral
test_id_10175,আমি অনেক হেরে গিয়েও হারটা স্বীকার করিনি ।,Neutral
test_id_10176,অনেক হেরে গিয়েও হারটা স্বীকার করিনি শুধু ।,Neutral
test_id_10177,হেরে গিয়েও হারটা স্বীকার করিনি শুধু তোমায় ।,Neutral
test_id_10178,গিয়েও হারটা স্বীকার করিনি শুধু তোমায় হারাবো ।,Neutral
test_id_10179,হারটা স্বীকার করিনি শুধু তোমায় হারাবো আমি ।,Neutral
test_id_10180,স্বীকার করিনি শুধু তোমায় হারাবো আমি স্বপ্নেও ।,Neutral
test_id_10181,করিনি শুধু তোমায় হারাবো আমি স্বপ্নেও ভাবিনি ।,Neutral
test_id_10182,শুধু তোমায় হারাবো আমি স্বপ্নেও ভাবিনি আমি ।,Neutral
test_id_10183,তোমায় হারাবো আমি স্বপ্নেও ভাবিনি আমি বৃষ্টি ।,Neutral
test_id_10184,হারাবো আমি স্বপ্নেও ভাবিনি আমি বৃষ্টি দেখেছি ।,Neutral
test_id_10185,আমি স্বপ্নেও ভাবিনি আমি বৃষ্টি দেখেছি হারিয়ে ।,Neutral
test_id_10186,স্বপ্নেও ভাবিনি আমি বৃষ্টি দেখেছি হারিয়ে গেছে ।,Neutral
test_id_10187,ভাবিনি আমি বৃষ্টি দেখেছি হারিয়ে গেছে তরতাজা ।,Neutral
test_id_10188,আমি বৃষ্টি দেখেছি হারিয়ে গেছে তরতাজা সময় ।,Neutral
test_id_10189,বৃষ্টি দেখেছি হারিয়ে গেছে তরতাজা সময় হারিয়ে ।,Neutral
test_id_10190,দেখেছি হারিয়ে গেছে তরতাজা সময় হারিয়ে যেতে ।,Neutral
test_id_10191,হারিয়ে গেছে তরতাজা সময় হারিয়ে যেতে করেনি ।,Neutral
test_id_10192,গেছে তরতাজা সময় হারিয়ে যেতে করেনি আমার ।,Neutral
test_id_10193,তরতাজা সময় হারিয়ে যেতে করেনি আমার ভয় ।,Neutral
test_id_10194,সময় হারিয়ে যেতে করেনি আমার ভয় কখন ।,Neutral
test_id_10195,হারিয়ে যেতে করেনি আমার ভয় কখন কিসের ।,Neutral
test_id_10196,যেতে করেনি আমার ভয় কখন কিসের টানে ।,Neutral
test_id_10197,করেনি আমার ভয় কখন কিসের টানে মানুষ ।,Neutral
test_id_10198,আমার ভয় কখন কিসের টানে মানুষ পায় ।,Neutral
test_id_10199,ভয় কখন কিসের টানে মানুষ পায় যে ।,Neutral
test_id_10200,চোখে দেখা এই শহর আমি অনেক স্রোতে ।,Neutral
test_id_10201,দেখা এই শহর আমি অনেক স্রোতে বয়ে ।,Neutral
test_id_10202,এই শহর আমি অনেক স্রোতে বয়ে গিয়ে ।,Neutral
test_id_10203,শহর আমি অনেক স্রোতে বয়ে গিয়ে অনেক ।,Neutral
test_id_10204,আমি অনেক স্রোতে বয়ে গিয়ে অনেক ঠকেছি ।,Neutral
test_id_10205,অনেক স্রোতে বয়ে গিয়ে অনেক ঠকেছি আমি ।,Neutral
test_id_10206,স্রোতে বয়ে গিয়ে অনেক ঠকেছি আমি আগুন ।,Neutral
test_id_10207,বয়ে গিয়ে অনেক ঠকেছি আমি আগুন থেকে ।,Neutral
test_id_10208,গিয়ে অনেক ঠকেছি আমি আগুন থেকে ঠেকে ।,Neutral
test_id_10209,অনেক ঠকেছি আমি আগুন থেকে ঠেকে শিখে ।,Neutral
test_id_10210,ঠকেছি আমি আগুন থেকে ঠেকে শিখে অনেক ।,Neutral
test_id_10211,আমি আগুন থেকে ঠেকে শিখে অনেক পুড়েছি ।,Neutral
test_id_10212,আগুন থেকে ঠেকে শিখে অনেক পুড়েছি আমি ।,Neutral
test_id_10213,থেকে ঠেকে শিখে অনেক পুড়েছি আমি অনেক ।,Neutral
test_id_10214,ঠেকে শিখে অনেক পুড়েছি আমি অনেক কষ্টে ।,Neutral
test_id_10215,শিখে অনেক পুড়েছি আমি অনেক কষ্টে অনেক ।,Neutral
test_id_10216,অনেক পুড়েছি আমি অনেক কষ্টে অনেক কিছুই ।,Neutral
test_id_10217,পুড়েছি আমি অনেক কষ্টে অনেক কিছুই দিতে ।,Neutral
test_id_10218,আমি অনেক কষ্টে অনেক কিছুই দিতে শিখেছি ।,Neutral
test_id_10219,অনেক কষ্টে অনেক কিছুই দিতে শিখেছি শুধু ।,Neutral
test_id_10220,কষ্টে অনেক কিছুই দিতে শিখেছি শুধু তোমায় ।,Neutral
test_id_10221,অনেক কিছুই দিতে শিখেছি শুধু তোমায় বিদায় ।,Neutral
test_id_10222,কিছুই দিতে শিখেছি শুধু তোমায় বিদায় দিতে ।,Neutral
test_id_10223,দিতে শিখেছি শুধু তোমায় বিদায় দিতে হবে ।,Neutral
test_id_10224,শিখেছি শুধু তোমায় বিদায় দিতে হবে স্বপ্নেও ।,Neutral
test_id_10225,শুধু তোমায় বিদায় দিতে হবে স্বপ্নেও ভাবিনি ।,Neutral
test_id_10226,তোমায় বিদায় দিতে হবে স্বপ্নেও ভাবিনি একদিন ।,Neutral
test_id_10227,বিদায় দিতে হবে স্বপ্নেও ভাবিনি একদিন স্বপ্নের ।,Neutral
test_id_10228,দিতে হবে স্বপ্নেও ভাবিনি একদিন স্বপ্নের দিন ।,Neutral
test_id_10229,শুধু তুমি চলে যাবে আমি স্বপ্নেও ভাবিনি আমি ।,Neutral
test_id_10230,তুমি চলে যাবে আমি স্বপ্নেও ভাবিনি আমি বৃষ্টি ।,Neutral
test_id_10231,চলে যাবে আমি স্বপ্নেও ভাবিনি আমি বৃষ্টি দেখেছি ।,Neutral
test_id_10232,যাবে আমি স্বপ্নেও ভাবিনি আমি বৃষ্টি দেখেছি চারটে ।,Neutral
test_id_10233,আমি স্বপ্নেও ভাবিনি আমি বৃষ্টি দেখেছি চারটে দেয়াল ।,Neutral
test_id_10234,স্বপ্নেও ভাবিনি আমি বৃষ্টি দেখেছি চারটে দেয়াল মানেই ।,Neutral
test_id_10235,ভাবিনি আমি বৃষ্টি দেখেছি চারটে দেয়াল মানেই নয়তো ।,Neutral
test_id_10236,আমি বৃষ্টি দেখেছি চারটে দেয়াল মানেই নয়তো ঘর ।,Neutral
test_id_10237,বৃষ্টি দেখেছি চারটে দেয়াল মানেই নয়তো ঘর নিজের ।,Neutral
test_id_10238,দেখেছি চারটে দেয়াল মানেই নয়তো ঘর নিজের ঘরেও ।,Neutral
test_id_10239,চারটে দেয়াল মানেই নয়তো ঘর নিজের ঘরেও অনেক ।,Neutral
test_id_10240,দেয়াল মানেই নয়তো ঘর নিজের ঘরেও অনেক মানুষ ।,Neutral
test_id_10241,মানেই নয়তো ঘর নিজের ঘরেও অনেক মানুষ পর ।,Neutral
test_id_10242,নয়তো ঘর নিজের ঘরেও অনেক মানুষ পর কখন ।,Neutral
test_id_10243,ঘর নিজের ঘরেও অনেক মানুষ পর কখন কিসের ।,Neutral
test_id_10244,নিজের ঘরেও অনেক মানুষ পর কখন কিসের টানে ।,Neutral
test_id_10245,ঘরেও অনেক মানুষ পর কখন কিসের টানে মানুষ ।,Neutral
test_id_10246,অনেক মানুষ পর কখন কিসের টানে মানুষ পায় ।,Neutral
test_id_10247,মানুষ পর কখন কিসের টানে মানুষ পায় যে ।,Neutral
test_id_10248,পর কখন কিসের টানে মানুষ পায় যে খুঁজে ।,Neutral
test_id_10249,কখন কিসের টানে মানুষ পায় যে খুঁজে বাঁচার ।,Neutral
test_id_10250,কিসের টানে মানুষ পায় যে খুঁজে বাঁচার মানে ।,Neutral
test_id_10251,টানে মানুষ পায় যে খুঁজে বাঁচার মানে ঝাপসা ।,Neutral
test_id_10252,মানুষ পায় যে খুঁজে বাঁচার মানে ঝাপসা চোখে ।,Neutral
test_id_10253,পায় যে খুঁজে বাঁচার মানে ঝাপসা চোখে দেখা ।,Neutral
test_id_10254,যে খুঁজে বাঁচার মানে ঝাপসা চোখে দেখা এই ।,Neutral
test_id_10255,খুঁজে বাঁচার মানে ঝাপসা চোখে দেখা এই শহর ।,Neutral
test_id_10256,বাঁচার মানে ঝাপসা চোখে দেখা এই শহর আমি ।,Neutral
test_id_10257,মানে ঝাপসা চোখে দেখা এই শহর আমি অনেক ।,Neutral
test_id_10258,ঝাপসা চোখে দেখা এই শহর আমি অনেক ভেঙ্গেচুরেও ।,Neutral
test_id_10259,চোখে দেখা এই শহর আমি অনেক ভেঙ্গেচুরেও আবার ।,Neutral
test_id_10260,দেখা এই শহর আমি অনেক ভেঙ্গেচুরেও আবার শুরু ।,Neutral
test_id_10261,এই শহর আমি অনেক ভেঙ্গেচুরেও আবার শুরু করেছি ।,Neutral
test_id_10262,শহর আমি অনেক ভেঙ্গেচুরেও আবার শুরু করেছি আবার ।,Neutral
test_id_10263,আমি অনেক ভেঙ্গেচুরেও আবার শুরু করেছি আবার পাওয়ার ।,Neutral
test_id_10264,অনেক ভেঙ্গেচুরেও আবার শুরু করেছি আবার পাওয়ার আশায় ।,Neutral
test_id_10265,ভেঙ্গেচুরেও আবার শুরু করেছি আবার পাওয়ার আশায় ঘুরে ।,Neutral
test_id_10266,আবার শুরু করেছি আবার পাওয়ার আশায় ঘুরে মরেছি ।,Neutral
test_id_10267,শুরু করেছি আবার পাওয়ার আশায় ঘুরে মরেছি আমি ।,Neutral
test_id_10268,করেছি আবার পাওয়ার আশায় ঘুরে মরেছি আমি অনেক ।,Neutral
test_id_10269,আবার পাওয়ার আশায় ঘুরে মরেছি আমি অনেক হেরে ।,Neutral
test_id_10270,পাওয়ার আশায় ঘুরে মরেছি আমি অনেক হেরে গিয়েও ।,Neutral
test_id_10271,আশায় ঘুরে মরেছি আমি অনেক হেরে গিয়েও হারটা ।,Neutral
test_id_10272,ঘুরে মরেছি আমি অনেক হেরে গিয়েও হারটা স্বীকার ।,Neutral
test_id_10273,মরেছি আমি অনেক হেরে গিয়েও হারটা স্বীকার করিনি ।,Neutral
test_id_10274,আমি অনেক হেরে গিয়েও হারটা স্বীকার করিনি শুধু ।,Neutral
test_id_10275,অনেক হেরে গিয়েও হারটা স্বীকার করিনি শুধু তোমায় ।,Neutral
test_id_10276,হেরে গিয়েও হারটা স্বীকার করিনি শুধু তোমায় হারাবো ।,Neutral
test_id_10277,গিয়েও হারটা স্বীকার করিনি শুধু তোমায় হারাবো আমি ।,Neutral
test_id_10278,হারটা স্বীকার করিনি শুধু তোমায় হারাবো আমি স্বপ্নেও ।,Neutral
test_id_10279,স্বীকার করিনি শুধু তোমায় হারাবো আমি স্বপ্নেও ভাবিনি ।,Neutral
test_id_10280,করিনি শুধু তোমায় হারাবো আমি স্বপ্নেও ভাবিনি আমি ।,Neutral
test_id_10281,শুধু তোমায় হারাবো আমি স্বপ্নেও ভাবিনি আমি বৃষ্টি ।,Neutral
test_id_10282,তোমায় হারাবো আমি স্বপ্নেও ভাবিনি আমি বৃষ্টি দেখেছি ।,Neutral
test_id_10283,হারাবো আমি স্বপ্নেও ভাবিনি আমি বৃষ্টি দেখেছি হারিয়ে ।,Neutral
test_id_10284,আমি স্বপ্নেও ভাবিনি আমি বৃষ্টি দেখেছি হারিয়ে গেছে ।,Neutral
test_id_10285,স্বপ্নেও ভাবিনি আমি বৃষ্টি দেখেছি হারিয়ে গেছে তরতাজা ।,Neutral
test_id_10286,ভাবিনি আমি বৃষ্টি দেখেছি হারিয়ে গেছে তরতাজা সময় ।,Neutral
test_id_10287,আমি বৃষ্টি দেখেছি হারিয়ে গেছে তরতাজা সময় হারিয়ে ।,Neutral
test_id_10288,বৃষ্টি দেখেছি হারিয়ে গেছে তরতাজা সময় হারিয়ে যেতে ।,Neutral
test_id_10289,দেখেছি হারিয়ে গেছে তরতাজা সময় হারিয়ে যেতে করেনি ।,Neutral
test_id_10290,হারিয়ে গেছে তরতাজা সময় হারিয়ে যেতে করেনি আমার ।,Neutral
test_id_10291,গেছে তরতাজা সময় হারিয়ে যেতে করেনি আমার ভয় ।,Neutral
test_id_10292,তরতাজা সময় হারিয়ে যেতে করেনি আমার ভয় কখন ।,Neutral
test_id_10293,সময় হারিয়ে যেতে করেনি আমার ভয় কখন কিসের ।,Neutral
test_id_10294,হারিয়ে যেতে করেনি আমার ভয় কখন কিসের টানে ।,Neutral
test_id_10295,যেতে করেনি আমার ভয় কখন কিসের টানে মানুষ ।,Neutral
test_id_10296,করেনি আমার ভয় কখন কিসের টানে মানুষ পায় ।,Neutral
test_id_10297,আমার ভয় কখন কিসের টানে মানুষ পায় যে ।,Neutral
test_id_10298,ভয় কখন কিসের টানে মানুষ পায় যে খুঁজে ।,Neutral
test_id_10299,ঝাপসা চোখে দেখা এই শহর আমি অনেক স্রোতে ।,Neutral
test_id_10300,চোখে দেখা এই শহর আমি অনেক স্রোতে বয়ে ।,Neutral
test_id_10301,দেখা এই শহর আমি অনেক স্রোতে বয়ে গিয়ে ।,Neutral
test_id_10302,এই শহর আমি অনেক স্রোতে বয়ে গিয়ে অনেক ।,Neutral
test_id_10303,শহর আমি অনেক স্রোতে বয়ে গিয়ে অনেক ঠকেছি ।,Neutral
test_id_10304,আমি অনেক স্রোতে বয়ে গিয়ে অনেক ঠকেছি আমি ।,Neutral
test_id_10305,অনেক স্রোতে বয়ে গিয়ে অনেক ঠকেছি আমি আগুন ।,Neutral
test_id_10306,স্রোতে বয়ে গিয়ে অনেক ঠকেছি আমি আগুন থেকে ।,Neutral
test_id_10307,বয়ে গিয়ে অনেক ঠকেছি আমি আগুন থেকে ঠেকে ।,Neutral
test_id_10308,গিয়ে অনেক ঠকেছি আমি আগুন থেকে ঠেকে শিখে ।,Neutral
test_id_10309,অনেক ঠকেছি আমি আগুন থেকে ঠেকে শিখে অনেক ।,Neutral
test_id_10310,ঠকেছি আমি আগুন থেকে ঠেকে শিখে অনেক পুড়েছি ।,Neutral
test_id_10311,আমি আগুন থেকে ঠেকে শিখে অনেক পুড়েছি আমি ।,Neutral
test_id_10312,আগুন থেকে ঠেকে শিখে অনেক পুড়েছি আমি অনেক ।,Neutral
test_id_10313,থেকে ঠেকে শিখে অনেক পুড়েছি আমি অনেক কষ্টে ।,Neutral
test_id_10314,ঠেকে শিখে অনেক পুড়েছি আমি অনেক কষ্টে অনেক ।,Neutral
test_id_10315,শিখে অনেক পুড়েছি আমি অনেক কষ্টে অনেক কিছুই ।,Neutral
test_id_10316,অনেক পুড়েছি আমি অনেক কষ্টে অনেক কিছুই দিতে ।,Neutral
test_id_10317,পুড়েছি আমি অনেক কষ্টে অনেক কিছুই দিতে শিখেছি ।,Neutral
test_id_10318,আমি অনেক কষ্টে অনেক কিছুই দিতে শিখেছি শুধু ।,Neutral
test_id_10319,অনেক কষ্টে অনেক কিছুই দিতে শিখেছি শুধু তোমায় ।,Neutral
test_id_10320,কষ্টে অনেক কিছুই দিতে শিখেছি শুধু তোমায় বিদায় ।,Neutral
test_id_10321,অনেক কিছুই দিতে শিখেছি শুধু তোমায় বিদায় দিতে ।,Neutral
test_id_10322,কিছুই দিতে শিখেছি শুধু তোমায় বিদায় দিতে হবে ।,Neutral
test_id_10323,দিতে শিখেছি শুধু তোমায় বিদায় দিতে হবে স্বপ্নেও ।,Neutral
test_id_10324,শিখেছি শুধু তোমায় বিদায় দিতে হবে স্বপ্নেও ভাবিনি ।,Neutral
test_id_10325,শুধু তোমায় বিদায় দিতে হবে স্বপ্নেও ভাবিনি একদিন ।,Neutral
test_id_10326,তোমায় বিদায় দিতে হবে স্বপ্নেও ভাবিনি একদিন স্বপ্নের ।,Neutral
test_id_10327,বিদায় দিতে হবে স্বপ্নেও ভাবিনি একদিন স্বপ্নের দিন ।,Neutral
test_id_10328,বেদনার বর্ণ বিহীন এ জীবনে যেন আসে ।,Neutral
test_id_10329,বর্ণ বিহীন এ জীবনে যেন আসে এমনি ।,Neutral
test_id_10330,বিহীন এ জীবনে যেন আসে এমনি স্বপ্নের ।,Neutral
test_id_10331,এ জীবনে যেন আসে এমনি স্বপ্নের দিন ।,Neutral
test_id_10332,বেদনার বর্ণ বিহীন এ জীবনে যেন আসে এমনি ।,Neutral
test_id_10333,বর্ণ বিহীন এ জীবনে যেন আসে এমনি স্বপ্নের ।,Neutral
test_id_10334,বিহীন এ জীবনে যেন আসে এমনি স্বপ্নের দিন ।,Neutral
test_id_10335,দুটি নয়নেতে ঘোর বর্ষা নামে আসেনা ফাগুন ।,Neutral
test_id_10336,একদিন হঠাৎ হাওয়া থামিয়ে আসা যাওয়া প্রশ্নের ।,Neutral
test_id_10337,হঠাৎ হাওয়া থামিয়ে আসা যাওয়া প্রশ্নের জাল ।,Neutral
test_id_10338,হাওয়া থামিয়ে আসা যাওয়া প্রশ্নের জাল বুনে ।,Neutral
test_id_10339,থামিয়ে আসা যাওয়া প্রশ্নের জাল বুনে সুরু ।,Neutral
test_id_10340,আসা যাওয়া প্রশ্নের জাল বুনে সুরু হয় ।,Neutral
test_id_10341,যাওয়া প্রশ্নের জাল বুনে সুরু হয় চাওয়া ।,Neutral
test_id_10342,প্রশ্নের জাল বুনে সুরু হয় চাওয়া পাওয়া ।,Neutral
test_id_10343,একদিন হঠাৎ হাওয়া থামিয়ে আসা যাওয়া প্রশ্নের জাল ।,Neutral
test_id_10344,হঠাৎ হাওয়া থামিয়ে আসা যাওয়া প্রশ্নের জাল বুনে ।,Neutral
test_id_10345,হাওয়া থামিয়ে আসা যাওয়া প্রশ্নের জাল বুনে সুরু ।,Neutral
test_id_10346,থামিয়ে আসা যাওয়া প্রশ্নের জাল বুনে সুরু হয় ।,Neutral
test_id_10347,আসা যাওয়া প্রশ্নের জাল বুনে সুরু হয় চাওয়া ।,Neutral
test_id_10348,যাওয়া প্রশ্নের জাল বুনে সুরু হয় চাওয়া পাওয়া ।,Neutral
test_id_10349,তোমাকে খুঁজে পাই ঐ নীল আকাশে পাই ।,Neutral
test_id_10350,খুঁজে পাই ঐ নীল আকাশে পাই যে ।,Neutral
test_id_10351,পাই ঐ নীল আকাশে পাই যে খুঁজে ।,Neutral
test_id_10352,ঐ নীল আকাশে পাই যে খুঁজে ঐ ।,Neutral
test_id_10353,নীল আকাশে পাই যে খুঁজে ঐ মিষ্টি ।,Neutral
test_id_10354,আকাশে পাই যে খুঁজে ঐ মিষ্টি বাতাসে ।,Neutral
test_id_10355,তোমাকে খুঁজে পাই ঐ নীল আকাশে পাই যে ।,Neutral
test_id_10356,খুঁজে পাই ঐ নীল আকাশে পাই যে খুঁজে ।,Neutral
test_id_10357,পাই ঐ নীল আকাশে পাই যে খুঁজে ঐ ।,Neutral
test_id_10358,ঐ নীল আকাশে পাই যে খুঁজে ঐ মিষ্টি ।,Neutral
test_id_10359,নীল আকাশে পাই যে খুঁজে ঐ মিষ্টি বাতাসে ।,Neutral
test_id_10360,তোমায় ভালোবাসি আমি ভালোবাসি পেতে চাই আরো ।,Neutral
test_id_10361,ভালোবাসি আমি ভালোবাসি পেতে চাই আরো কাছে ।,Neutral
test_id_10362,তোমায় ভালোবাসি আমি ভালোবাসি পেতে চাই আরো কাছে ।,Neutral
test_id_10363,নয় ঝর্না ধারাতে তোমার উপমা খুঁজি দু ।,Neutral
test_id_10364,চাঁদ উজাড় পূর্ণিমা ভেতর থেকে বলছে হৃদয় ।,Neutral
test_id_10365,উজাড় পূর্ণিমা ভেতর থেকে বলছে হৃদয় তুমি ।,Neutral
test_id_10366,পূর্ণিমা ভেতর থেকে বলছে হৃদয় তুমি আমার ।,Neutral
test_id_10367,ভেতর থেকে বলছে হৃদয় তুমি আমার প্রিয়তমা ।,Neutral
test_id_10368,চাঁদ উজাড় পূর্ণিমা ভেতর থেকে বলছে হৃদয় তুমি ।,Neutral
test_id_10369,উজাড় পূর্ণিমা ভেতর থেকে বলছে হৃদয় তুমি আমার ।,Neutral
test_id_10370,পূর্ণিমা ভেতর থেকে বলছে হৃদয় তুমি আমার প্রিয়তমা ।,Neutral
test_id_10371,পথের শুরু থেকে শেষে যাবো তোমায় ভালোবেসে ।,Neutral
test_id_10372,শুরু থেকে শেষে যাবো তোমায় ভালোবেসে বুকে ।,Neutral
test_id_10373,থেকে শেষে যাবো তোমায় ভালোবেসে বুকে আছে ।,Neutral
test_id_10374,শেষে যাবো তোমায় ভালোবেসে বুকে আছে তোমার ।,Neutral
test_id_10375,যাবো তোমায় ভালোবেসে বুকে আছে তোমার জন্য ।,Neutral
test_id_10376,তোমায় ভালোবেসে বুকে আছে তোমার জন্য অনেক ।,Neutral
test_id_10377,ভালোবেসে বুকে আছে তোমার জন্য অনেক কথা ।,Neutral
test_id_10378,বুকে আছে তোমার জন্য অনেক কথা জমা ।,Neutral
test_id_10379,পথের শুরু থেকে শেষে যাবো তোমায় ভালোবেসে বুকে ।,Neutral
test_id_10380,শুরু থেকে শেষে যাবো তোমায় ভালোবেসে বুকে আছে ।,Neutral
test_id_10381,থেকে শেষে যাবো তোমায় ভালোবেসে বুকে আছে তোমার ।,Neutral
test_id_10382,শেষে যাবো তোমায় ভালোবেসে বুকে আছে তোমার জন্য ।,Neutral
test_id_10383,যাবো তোমায় ভালোবেসে বুকে আছে তোমার জন্য অনেক ।,Neutral
test_id_10384,তোমায় ভালোবেসে বুকে আছে তোমার জন্য অনেক কথা ।,Neutral
test_id_10385,ভালোবেসে বুকে আছে তোমার জন্য অনেক কথা জমা ।,Neutral
test_id_10386,ভালোবাসি তোমায় কত দেখো হৃদয় খুলে রাঙিয়ে ।,Neutral
test_id_10387,তোমায় কত দেখো হৃদয় খুলে রাঙিয়ে দেবো ।,Neutral
test_id_10388,কত দেখো হৃদয় খুলে রাঙিয়ে দেবো তোমার ।,Neutral
test_id_10389,দেখো হৃদয় খুলে রাঙিয়ে দেবো তোমার পাঁজর ।,Neutral
test_id_10390,হৃদয় খুলে রাঙিয়ে দেবো তোমার পাঁজর মনের ।,Neutral
test_id_10391,খুলে রাঙিয়ে দেবো তোমার পাঁজর মনের রঙিন ।,Neutral
test_id_10392,রাঙিয়ে দেবো তোমার পাঁজর মনের রঙিন ফুলে ।,Neutral
test_id_10393,দেবো তোমার পাঁজর মনের রঙিন ফুলে ভালোবাসি ।,Neutral
test_id_10394,তোমার পাঁজর মনের রঙিন ফুলে ভালোবাসি তোমায় ।,Neutral
test_id_10395,পাঁজর মনের রঙিন ফুলে ভালোবাসি তোমায় কত ।,Neutral
test_id_10396,ভালোবাসি তোমায় কত দেখো হৃদয় খুলে রাঙিয়ে দেবো ।,Neutral
test_id_10397,তোমায় কত দেখো হৃদয় খুলে রাঙিয়ে দেবো তোমার ।,Neutral
test_id_10398,কত দেখো হৃদয় খুলে রাঙিয়ে দেবো তোমার পাঁজর ।,Neutral
test_id_10399,দেখো হৃদয় খুলে রাঙিয়ে দেবো তোমার পাঁজর মনের ।,Neutral
test_id_10400,হৃদয় খুলে রাঙিয়ে দেবো তোমার পাঁজর মনের রঙিন ।,Neutral
test_id_10401,খুলে রাঙিয়ে দেবো তোমার পাঁজর মনের রঙিন ফুলে ।,Neutral
test_id_10402,রাঙিয়ে দেবো তোমার পাঁজর মনের রঙিন ফুলে ভালোবাসি ।,Neutral
test_id_10403,দেবো তোমার পাঁজর মনের রঙিন ফুলে ভালোবাসি তোমায় ।,Neutral
test_id_10404,তোমার পাঁজর মনের রঙিন ফুলে ভালোবাসি তোমায় কত ।,Neutral
test_id_10405,দেবো তোমার পাঁজর মনের রঙিন ফুলে তোমায় ।,Neutral
test_id_10406,তোমার পাঁজর মনের রঙিন ফুলে তোমায় দেখার ।,Neutral
test_id_10407,পাঁজর মনের রঙিন ফুলে তোমায় দেখার শেষ ।,Neutral
test_id_10408,মনের রঙিন ফুলে তোমায় দেখার শেষ হবেনা ।,Neutral
test_id_10409,রঙিন ফুলে তোমায় দেখার শেষ হবেনা দুচোখ ।,Neutral
test_id_10410,ফুলে তোমায় দেখার শেষ হবেনা দুচোখ বোজার ।,Neutral
test_id_10411,তোমায় দেখার শেষ হবেনা দুচোখ বোজার আগে ।,Neutral
test_id_10412,দেখার শেষ হবেনা দুচোখ বোজার আগে আকাশ ।,Neutral
test_id_10413,শেষ হবেনা দুচোখ বোজার আগে আকাশ হয়ে ।,Neutral
test_id_10414,হবেনা দুচোখ বোজার আগে আকাশ হয়ে জড়িয়ে ।,Neutral
test_id_10415,দুচোখ বোজার আগে আকাশ হয়ে জড়িয়ে রবো ।,Neutral
test_id_10416,বোজার আগে আকাশ হয়ে জড়িয়ে রবো গভীর ।,Neutral
test_id_10417,আগে আকাশ হয়ে জড়িয়ে রবো গভীর অনুরাগে ।,Neutral
test_id_10418,আকাশ হয়ে জড়িয়ে রবো গভীর অনুরাগে তোমায় ।,Neutral
test_id_10419,হয়ে জড়িয়ে রবো গভীর অনুরাগে তোমায় দেখার ।,Neutral
test_id_10420,জড়িয়ে রবো গভীর অনুরাগে তোমায় দেখার শেষ ।,Neutral
test_id_10421,রবো গভীর অনুরাগে তোমায় দেখার শেষ হবেনা ।,Neutral
test_id_10422,গভীর অনুরাগে তোমায় দেখার শেষ হবেনা দুচোখ ।,Neutral
test_id_10423,অনুরাগে তোমায় দেখার শেষ হবেনা দুচোখ বোজার ।,Neutral
test_id_10424,আকাশ হয়ে জড়িয়ে রবো গভীর অনুরাগে তোমার ।,Neutral
test_id_10425,হয়ে জড়িয়ে রবো গভীর অনুরাগে তোমার চোখে ।,Neutral
test_id_10426,জড়িয়ে রবো গভীর অনুরাগে তোমার চোখে আকাশ ।,Neutral
test_id_10427,রবো গভীর অনুরাগে তোমার চোখে আকাশ আমার ।,Neutral
test_id_10428,গভীর অনুরাগে তোমার চোখে আকাশ আমার চাঁদ ।,Neutral
test_id_10429,অনুরাগে তোমার চোখে আকাশ আমার চাঁদ উজাড় ।,Neutral
test_id_10430,তোমার চোখে আকাশ আমার চাঁদ উজাড় পূর্ণিমা ।,Neutral
test_id_10431,চোখে আকাশ আমার চাঁদ উজাড় পূর্ণিমা ভেতর ।,Neutral
test_id_10432,আকাশ আমার চাঁদ উজাড় পূর্ণিমা ভেতর থেকে ।,Neutral
test_id_10433,আমার চাঁদ উজাড় পূর্ণিমা ভেতর থেকে বলছে ।,Neutral
test_id_10434,রাঙিয়ে দেবো তোমার পাঁজর মনের রঙিন ফুলে তোমায় ।,Neutral
test_id_10435,দেবো তোমার পাঁজর মনের রঙিন ফুলে তোমায় দেখার ।,Neutral
test_id_10436,তোমার পাঁজর মনের রঙিন ফুলে তোমায় দেখার শেষ ।,Neutral
test_id_10437,পাঁজর মনের রঙিন ফুলে তোমায় দেখার শেষ হবেনা ।,Neutral
test_id_10438,মনের রঙিন ফুলে তোমায় দেখার শেষ হবেনা দুচোখ ।,Neutral
test_id_10439,রঙিন ফুলে তোমায় দেখার শেষ হবেনা দুচোখ বোজার ।,Neutral
test_id_10440,ফুলে তোমায় দেখার শেষ হবেনা দুচোখ বোজার আগে ।,Neutral
test_id_10441,তোমায় দেখার শেষ হবেনা দুচোখ বোজার আগে আকাশ ।,Neutral
test_id_10442,দেখার শেষ হবেনা দুচোখ বোজার আগে আকাশ হয়ে ।,Neutral
test_id_10443,শেষ হবেনা দুচোখ বোজার আগে আকাশ হয়ে জড়িয়ে ।,Neutral
test_id_10444,হবেনা দুচোখ বোজার আগে আকাশ হয়ে জড়িয়ে রবো ।,Neutral
test_id_10445,দুচোখ বোজার আগে আকাশ হয়ে জড়িয়ে রবো গভীর ।,Neutral
test_id_10446,বোজার আগে আকাশ হয়ে জড়িয়ে রবো গভীর অনুরাগে ।,Neutral
test_id_10447,আগে আকাশ হয়ে জড়িয়ে রবো গভীর অনুরাগে তোমায় ।,Neutral
test_id_10448,আকাশ হয়ে জড়িয়ে রবো গভীর অনুরাগে তোমায় দেখার ।,Neutral
test_id_10449,হয়ে জড়িয়ে রবো গভীর অনুরাগে তোমায় দেখার শেষ ।,Neutral
test_id_10450,জড়িয়ে রবো গভীর অনুরাগে তোমায় দেখার শেষ হবেনা ।,Neutral
test_id_10451,রবো গভীর অনুরাগে তোমায় দেখার শেষ হবেনা দুচোখ ।,Neutral
test_id_10452,গভীর অনুরাগে তোমায় দেখার শেষ হবেনা দুচোখ বোজার ।,Neutral
test_id_10453,অনুরাগে তোমায় দেখার শেষ হবেনা দুচোখ বোজার আগে ।,Neutral
test_id_10454,আগে আকাশ হয়ে জড়িয়ে রবো গভীর অনুরাগে তোমার ।,Neutral
test_id_10455,আকাশ হয়ে জড়িয়ে রবো গভীর অনুরাগে তোমার চোখে ।,Neutral
test_id_10456,হয়ে জড়িয়ে রবো গভীর অনুরাগে তোমার চোখে আকাশ ।,Neutral
test_id_10457,জড়িয়ে রবো গভীর অনুরাগে তোমার চোখে আকাশ আমার ।,Neutral
test_id_10458,রবো গভীর অনুরাগে তোমার চোখে আকাশ আমার চাঁদ ।,Neutral
test_id_10459,গভীর অনুরাগে তোমার চোখে আকাশ আমার চাঁদ উজাড় ।,Neutral
test_id_10460,অনুরাগে তোমার চোখে আকাশ আমার চাঁদ উজাড় পূর্ণিমা ।,Neutral
test_id_10461,তোমার চোখে আকাশ আমার চাঁদ উজাড় পূর্ণিমা ভেতর ।,Neutral
test_id_10462,চোখে আকাশ আমার চাঁদ উজাড় পূর্ণিমা ভেতর থেকে ।,Neutral
test_id_10463,আকাশ আমার চাঁদ উজাড় পূর্ণিমা ভেতর থেকে বলছে ।,Neutral
test_id_10464,আমার চাঁদ উজাড় পূর্ণিমা ভেতর থেকে বলছে হৃদয় ।,Neutral
test_id_10465,মাঝে মাঝে সপ্ন দেখে অবাক কোনো রাতে ।,Neutral
test_id_10466,মাঝে সপ্ন দেখে অবাক কোনো রাতে মাঝে ।,Neutral
test_id_10467,সপ্ন দেখে অবাক কোনো রাতে মাঝে মাঝে ।,Neutral
test_id_10468,দেখে অবাক কোনো রাতে মাঝে মাঝে গল্প ।,Neutral
test_id_10469,অবাক কোনো রাতে মাঝে মাঝে গল্প বলি ।,Neutral
test_id_10470,কোনো রাতে মাঝে মাঝে গল্প বলি নিজেই ।,Neutral
test_id_10471,রাতে মাঝে মাঝে গল্প বলি নিজেই নিজের ।,Neutral
test_id_10472,মাঝে মাঝে গল্প বলি নিজেই নিজের সাথে ।,Neutral
test_id_10473,মাঝে গল্প বলি নিজেই নিজের সাথে ও ।,Neutral
test_id_10474,গল্প বলি নিজেই নিজের সাথে ও মাঝে ।,Neutral
test_id_10475,বলি নিজেই নিজের সাথে ও মাঝে মাঝে ।,Neutral
test_id_10476,নিজেই নিজের সাথে ও মাঝে মাঝে ইচ্চে ।,Neutral
test_id_10477,নিজের সাথে ও মাঝে মাঝে ইচ্চে করে ।,Neutral
test_id_10478,সাথে ও মাঝে মাঝে ইচ্চে করে কষ্ট ।,Neutral
test_id_10479,ও মাঝে মাঝে ইচ্চে করে কষ্ট উড়াই ।,Neutral
test_id_10480,মাঝে মাঝে ইচ্চে করে কষ্ট উড়াই হাওয়ায় ।,Neutral
test_id_10481,মাঝে ইচ্চে করে কষ্ট উড়াই হাওয়ায় মাঝে ।,Neutral
test_id_10482,ইচ্চে করে কষ্ট উড়াই হাওয়ায় মাঝে মাঝে ।,Neutral
test_id_10483,করে কষ্ট উড়াই হাওয়ায় মাঝে মাঝে তোমায় ।,Neutral
test_id_10484,কষ্ট উড়াই হাওয়ায় মাঝে মাঝে তোমায় সাজাই ।,Neutral
test_id_10485,উড়াই হাওয়ায় মাঝে মাঝে তোমায় সাজাই সকল ।,Neutral
test_id_10486,হাওয়ায় মাঝে মাঝে তোমায় সাজাই সকল চাওয়া ।,Neutral
test_id_10487,মাঝে মাঝে তোমায় সাজাই সকল চাওয়া পাওয়ায় ।,Neutral
test_id_10488,মাঝে তোমায় সাজাই সকল চাওয়া পাওয়ায় তুমি ।,Neutral
test_id_10489,তোমায় সাজাই সকল চাওয়া পাওয়ায় তুমি আমার ।,Neutral
test_id_10490,সাজাই সকল চাওয়া পাওয়ায় তুমি আমার না ।,Neutral
test_id_10491,সকল চাওয়া পাওয়ায় তুমি আমার না বলা ।,Neutral
test_id_10492,চাওয়া পাওয়ায় তুমি আমার না বলা ভালবাসা ।,Neutral
test_id_10493,পাওয়ায় তুমি আমার না বলা ভালবাসা তোমারি ।,Neutral
test_id_10494,তুমি আমার না বলা ভালবাসা তোমারি সেই ।,Neutral
test_id_10495,আমার না বলা ভালবাসা তোমারি সেই আঙ্গিনায় ।,Neutral
test_id_10496,না বলা ভালবাসা তোমারি সেই আঙ্গিনায় তোমায় ।,Neutral
test_id_10497,বলা ভালবাসা তোমারি সেই আঙ্গিনায় তোমায় ভালোবাসি ।,Neutral
test_id_10498,ভালবাসা তোমারি সেই আঙ্গিনায় তোমায় ভালোবাসি তাই ।,Neutral
test_id_10499,তোমারি সেই আঙ্গিনায় তোমায় ভালোবাসি তাই ছায়ামেঘ ।,Neutral
test_id_10500,সেই আঙ্গিনায় তোমায় ভালোবাসি তাই ছায়ামেঘ আমি ।,Neutral
test_id_10501,আঙ্গিনায় তোমায় ভালোবাসি তাই ছায়ামেঘ আমি হবো ।,Neutral
test_id_10502,তোমায় ভালোবাসি তাই ছায়ামেঘ আমি হবো যখন ।,Neutral
test_id_10503,ভালোবাসি তাই ছায়ামেঘ আমি হবো যখন রোদ্দুরে ।,Neutral
test_id_10504,তাই ছায়ামেঘ আমি হবো যখন রোদ্দুরে তুমি ।,Neutral
test_id_10505,ছায়ামেঘ আমি হবো যখন রোদ্দুরে তুমি হাঁটো ।,Neutral
test_id_10506,মাঝে মাঝে সপ্ন দেখে অবাক কোনো রাতে মাঝে ।,Neutral
test_id_10507,মাঝে সপ্ন দেখে অবাক কোনো রাতে মাঝে মাঝে ।,Neutral
test_id_10508,সপ্ন দেখে অবাক কোনো রাতে মাঝে মাঝে গল্প ।,Neutral
test_id_10509,দেখে অবাক কোনো রাতে মাঝে মাঝে গল্প বলি ।,Neutral
test_id_10510,অবাক কোনো রাতে মাঝে মাঝে গল্প বলি নিজেই ।,Neutral
test_id_10511,কোনো রাতে মাঝে মাঝে গল্প বলি নিজেই নিজের ।,Neutral
test_id_10512,রাতে মাঝে মাঝে গল্প বলি নিজেই নিজের সাথে ।,Neutral
test_id_10513,মাঝে মাঝে গল্প বলি নিজেই নিজের সাথে ও ।,Neutral
test_id_10514,মাঝে গল্প বলি নিজেই নিজের সাথে ও মাঝে ।,Neutral
test_id_10515,গল্প বলি নিজেই নিজের সাথে ও মাঝে মাঝে ।,Neutral
test_id_10516,বলি নিজেই নিজের সাথে ও মাঝে মাঝে ইচ্চে ।,Neutral
test_id_10517,নিজেই নিজের সাথে ও মাঝে মাঝে ইচ্চে করে ।,Neutral
test_id_10518,নিজের সাথে ও মাঝে মাঝে ইচ্চে করে কষ্ট ।,Neutral
test_id_10519,সাথে ও মাঝে মাঝে ইচ্চে করে কষ্ট উড়াই ।,Neutral
test_id_10520,ও মাঝে মাঝে ইচ্চে করে কষ্ট উড়াই হাওয়ায় ।,Neutral
test_id_10521,মাঝে মাঝে ইচ্চে করে কষ্ট উড়াই হাওয়ায় মাঝে ।,Neutral
test_id_10522,মাঝে ইচ্চে করে কষ্ট উড়াই হাওয়ায় মাঝে মাঝে ।,Neutral
test_id_10523,ইচ্চে করে কষ্ট উড়াই হাওয়ায় মাঝে মাঝে তোমায় ।,Neutral
test_id_10524,করে কষ্ট উড়াই হাওয়ায় মাঝে মাঝে তোমায় সাজাই ।,Neutral
test_id_10525,কষ্ট উড়াই হাওয়ায় মাঝে মাঝে তোমায় সাজাই সকল ।,Neutral
test_id_10526,উড়াই হাওয়ায় মাঝে মাঝে তোমায় সাজাই সকল চাওয়া ।,Neutral
test_id_10527,হাওয়ায় মাঝে মাঝে তোমায় সাজাই সকল চাওয়া পাওয়ায় ।,Neutral
test_id_10528,মাঝে মাঝে তোমায় সাজাই সকল চাওয়া পাওয়ায় তুমি ।,Neutral
test_id_10529,মাঝে তোমায় সাজাই সকল চাওয়া পাওয়ায় তুমি আমার ।,Neutral
test_id_10530,তোমায় সাজাই সকল চাওয়া পাওয়ায় তুমি আমার না ।,Neutral
test_id_10531,সাজাই সকল চাওয়া পাওয়ায় তুমি আমার না বলা ।,Neutral
test_id_10532,সকল চাওয়া পাওয়ায় তুমি আমার না বলা ভালবাসা ।,Neutral
test_id_10533,চাওয়া পাওয়ায় তুমি আমার না বলা ভালবাসা তোমারি ।,Neutral
test_id_10534,পাওয়ায় তুমি আমার না বলা ভালবাসা তোমারি সেই ।,Neutral
test_id_10535,তুমি আমার না বলা ভালবাসা তোমারি সেই আঙ্গিনায় ।,Neutral
test_id_10536,আমার না বলা ভালবাসা তোমারি সেই আঙ্গিনায় তোমায় ।,Neutral
test_id_10537,না বলা ভালবাসা তোমারি সেই আঙ্গিনায় তোমায় ভালোবাসি ।,Neutral
test_id_10538,বলা ভালবাসা তোমারি সেই আঙ্গিনায় তোমায় ভালোবাসি তাই ।,Neutral
test_id_10539,ভালবাসা তোমারি সেই আঙ্গিনায় তোমায় ভালোবাসি তাই ছায়ামেঘ ।,Neutral
test_id_10540,তোমারি সেই আঙ্গিনায় তোমায় ভালোবাসি তাই ছায়ামেঘ আমি ।,Neutral
test_id_10541,সেই আঙ্গিনায় তোমায় ভালোবাসি তাই ছায়ামেঘ আমি হবো ।,Neutral
test_id_10542,আঙ্গিনায় তোমায় ভালোবাসি তাই ছায়ামেঘ আমি হবো যখন ।,Neutral
test_id_10543,তোমায় ভালোবাসি তাই ছায়ামেঘ আমি হবো যখন রোদ্দুরে ।,Neutral
test_id_10544,ভালোবাসি তাই ছায়ামেঘ আমি হবো যখন রোদ্দুরে তুমি ।,Neutral
test_id_10545,তাই ছায়ামেঘ আমি হবো যখন রোদ্দুরে তুমি হাঁটো ।,Neutral
test_id_10546,থাক চোখভাঙ্গা হাসি তাই নুনে ভরা ব্যথা ।,Neutral
test_id_10547,চোখভাঙ্গা হাসি তাই নুনে ভরা ব্যথা জলটুকু ।,Neutral
test_id_10548,হাসি তাই নুনে ভরা ব্যথা জলটুকু তুমি ।,Neutral
test_id_10549,তাই নুনে ভরা ব্যথা জলটুকু তুমি আমার ।,Neutral
test_id_10550,নুনে ভরা ব্যথা জলটুকু তুমি আমার দু’চোখে ।,Neutral
test_id_10551,ভরা ব্যথা জলটুকু তুমি আমার দু’চোখে বাটো ।,Neutral
test_id_10552,থাক চোখভাঙ্গা হাসি তাই নুনে ভরা ব্যথা জলটুকু ।,Neutral
test_id_10553,চোখভাঙ্গা হাসি তাই নুনে ভরা ব্যথা জলটুকু তুমি ।,Neutral
test_id_10554,হাসি তাই নুনে ভরা ব্যথা জলটুকু তুমি আমার ।,Neutral
test_id_10555,তাই নুনে ভরা ব্যথা জলটুকু তুমি আমার দু’চোখে ।,Neutral
test_id_10556,নুনে ভরা ব্যথা জলটুকু তুমি আমার দু’চোখে বাটো ।,Neutral
test_id_10557,সারা দিনমান যেখানেই তুমি ঠিক সেখানেই থাকবো ।,Neutral
test_id_10558,দিনমান যেখানেই তুমি ঠিক সেখানেই থাকবো যতটুকু ।,Neutral
test_id_10559,যেখানেই তুমি ঠিক সেখানেই থাকবো যতটুকু ভালবাসা ।,Neutral
test_id_10560,তুমি ঠিক সেখানেই থাকবো যতটুকু ভালবাসা সম্ভব ।,Neutral
test_id_10561,ঠিক সেখানেই থাকবো যতটুকু ভালবাসা সম্ভব ততটুকু ।,Neutral
test_id_10562,সেখানেই থাকবো যতটুকু ভালবাসা সম্ভব ততটুকু ভালবাসবো ।,Neutral
test_id_10563,থাকবো যতটুকু ভালবাসা সম্ভব ততটুকু ভালবাসবো স্বপ্নেও ।,Neutral
test_id_10564,যতটুকু ভালবাসা সম্ভব ততটুকু ভালবাসবো স্বপ্নেও ওম ।,Neutral
test_id_10565,ভালবাসা সম্ভব ততটুকু ভালবাসবো স্বপ্নেও ওম ওম ।,Neutral
test_id_10566,সম্ভব ততটুকু ভালবাসবো স্বপ্নেও ওম ওম হবো ।,Neutral
test_id_10567,ততটুকু ভালবাসবো স্বপ্নেও ওম ওম হবো হবো ।,Neutral
test_id_10568,ভালবাসবো স্বপ্নেও ওম ওম হবো হবো তোমার ।,Neutral
test_id_10569,স্বপ্নেও ওম ওম হবো হবো তোমার রেশমী ।,Neutral
test_id_10570,ওম ওম হবো হবো তোমার রেশমী চাদর ।,Neutral
test_id_10571,ওম হবো হবো তোমার রেশমী চাদর যখন ।,Neutral
test_id_10572,হবো হবো তোমার রেশমী চাদর যখন ঘুমের ।,Neutral
test_id_10573,হবো তোমার রেশমী চাদর যখন ঘুমের রাজ্যে ।,Neutral
test_id_10574,তোমার রেশমী চাদর যখন ঘুমের রাজ্যে হাঁটো ।,Neutral
test_id_10575,সারা দিনমান যেখানেই তুমি ঠিক সেখানেই থাকবো যতটুকু ।,Neutral
test_id_10576,দিনমান যেখানেই তুমি ঠিক সেখানেই থাকবো যতটুকু ভালবাসা ।,Neutral
test_id_10577,যেখানেই তুমি ঠিক সেখানেই থাকবো যতটুকু ভালবাসা সম্ভব ।,Neutral
test_id_10578,তুমি ঠিক সেখানেই থাকবো যতটুকু ভালবাসা সম্ভব ততটুকু ।,Neutral
test_id_10579,ঠিক সেখানেই থাকবো যতটুকু ভালবাসা সম্ভব ততটুকু ভালবাসবো ।,Neutral
test_id_10580,সেখানেই থাকবো যতটুকু ভালবাসা সম্ভব ততটুকু ভালবাসবো স্বপ্নেও ।,Neutral
test_id_10581,থাকবো যতটুকু ভালবাসা সম্ভব ততটুকু ভালবাসবো স্বপ্নেও ওম ।,Neutral
test_id_10582,যতটুকু ভালবাসা সম্ভব ততটুকু ভালবাসবো স্বপ্নেও ওম ওম ।,Neutral
test_id_10583,ভালবাসা সম্ভব ততটুকু ভালবাসবো স্বপ্নেও ওম ওম হবো ।,Neutral
test_id_10584,সম্ভব ততটুকু ভালবাসবো স্বপ্নেও ওম ওম হবো হবো ।,Neutral
test_id_10585,ততটুকু ভালবাসবো স্বপ্নেও ওম ওম হবো হবো তোমার ।,Neutral
test_id_10586,ভালবাসবো স্বপ্নেও ওম ওম হবো হবো তোমার রেশমী ।,Neutral
test_id_10587,স্বপ্নেও ওম ওম হবো হবো তোমার রেশমী চাদর ।,Neutral
test_id_10588,ওম ওম হবো হবো তোমার রেশমী চাদর যখন ।,Neutral
test_id_10589,ওম হবো হবো তোমার রেশমী চাদর যখন ঘুমের ।,Neutral
test_id_10590,হবো হবো তোমার রেশমী চাদর যখন ঘুমের রাজ্যে ।,Neutral
test_id_10591,হবো তোমার রেশমী চাদর যখন ঘুমের রাজ্যে হাঁটো ।,Neutral
test_id_10592,খোলা হাওয়া হয়ে যাবো বয়ে বয়ে তোমার ।,Neutral
test_id_10593,হাওয়া হয়ে যাবো বয়ে বয়ে তোমার পাশে ।,Neutral
test_id_10594,হয়ে যাবো বয়ে বয়ে তোমার পাশে ভাসবো ।,Neutral
test_id_10595,যাবো বয়ে বয়ে তোমার পাশে ভাসবো বুক ।,Neutral
test_id_10596,বয়ে বয়ে তোমার পাশে ভাসবো বুক ভরে ।,Neutral
test_id_10597,বয়ে তোমার পাশে ভাসবো বুক ভরে তুমি ।,Neutral
test_id_10598,তোমার পাশে ভাসবো বুক ভরে তুমি নিঃশ্বাস ।,Neutral
test_id_10599,পাশে ভাসবো বুক ভরে তুমি নিঃশ্বাস নিও ।,Neutral
test_id_10600,ভাসবো বুক ভরে তুমি নিঃশ্বাস নিও তোমর ।,Neutral
test_id_10601,বুক ভরে তুমি নিঃশ্বাস নিও তোমর ভেতরে ।,Neutral
test_id_10602,ভরে তুমি নিঃশ্বাস নিও তোমর ভেতরে হাসবো ।,Neutral
test_id_10603,তুমি নিঃশ্বাস নিও তোমর ভেতরে হাসবো স্বাপ্নিক ।,Neutral
test_id_10604,নিঃশ্বাস নিও তোমর ভেতরে হাসবো স্বাপ্নিক পৃথিবী ।,Neutral
test_id_10605,নিও তোমর ভেতরে হাসবো স্বাপ্নিক পৃথিবী থেকে ।,Neutral
test_id_10606,তোমর ভেতরে হাসবো স্বাপ্নিক পৃথিবী থেকে এনে ।,Neutral
test_id_10607,ভেতরে হাসবো স্বাপ্নিক পৃথিবী থেকে এনে দেবো ।,Neutral
test_id_10608,হাসবো স্বাপ্নিক পৃথিবী থেকে এনে দেবো রঙ ।,Neutral
test_id_10609,স্বাপ্নিক পৃথিবী থেকে এনে দেবো রঙ সুতো ।,Neutral
test_id_10610,পৃথিবী থেকে এনে দেবো রঙ সুতো তুমি ।,Neutral
test_id_10611,থেকে এনে দেবো রঙ সুতো তুমি স্বপ্ন ।,Neutral
test_id_10612,এনে দেবো রঙ সুতো তুমি স্বপ্ন চরকা ।,Neutral
test_id_10613,দেবো রঙ সুতো তুমি স্বপ্ন চরকা কাটো ।,Neutral
test_id_10614,খোলা হাওয়া হয়ে যাবো বয়ে বয়ে তোমার পাশে ।,Neutral
test_id_10615,হাওয়া হয়ে যাবো বয়ে বয়ে তোমার পাশে ভাসবো ।,Neutral
test_id_10616,হয়ে যাবো বয়ে বয়ে তোমার পাশে ভাসবো বুক ।,Neutral
test_id_10617,যাবো বয়ে বয়ে তোমার পাশে ভাসবো বুক ভরে ।,Neutral
test_id_10618,বয়ে বয়ে তোমার পাশে ভাসবো বুক ভরে তুমি ।,Neutral
test_id_10619,বয়ে তোমার পাশে ভাসবো বুক ভরে তুমি নিঃশ্বাস ।,Neutral
test_id_10620,তোমার পাশে ভাসবো বুক ভরে তুমি নিঃশ্বাস নিও ।,Neutral
test_id_10621,পাশে ভাসবো বুক ভরে তুমি নিঃশ্বাস নিও তোমর ।,Neutral
test_id_10622,ভাসবো বুক ভরে তুমি নিঃশ্বাস নিও তোমর ভেতরে ।,Neutral
test_id_10623,বুক ভরে তুমি নিঃশ্বাস নিও তোমর ভেতরে হাসবো ।,Neutral
test_id_10624,ভরে তুমি নিঃশ্বাস নিও তোমর ভেতরে হাসবো স্বাপ্নিক ।,Neutral
test_id_10625,তুমি নিঃশ্বাস নিও তোমর ভেতরে হাসবো স্বাপ্নিক পৃথিবী ।,Neutral
test_id_10626,নিঃশ্বাস নিও তোমর ভেতরে হাসবো স্বাপ্নিক পৃথিবী থেকে ।,Neutral
test_id_10627,নিও তোমর ভেতরে হাসবো স্বাপ্নিক পৃথিবী থেকে এনে ।,Neutral
test_id_10628,তোমর ভেতরে হাসবো স্বাপ্নিক পৃথিবী থেকে এনে দেবো ।,Neutral
test_id_10629,ভেতরে হাসবো স্বাপ্নিক পৃথিবী থেকে এনে দেবো রঙ ।,Neutral
test_id_10630,হাসবো স্বাপ্নিক পৃথিবী থেকে এনে দেবো রঙ সুতো ।,Neutral
test_id_10631,স্বাপ্নিক পৃথিবী থেকে এনে দেবো রঙ সুতো তুমি ।,Neutral
test_id_10632,পৃথিবী থেকে এনে দেবো রঙ সুতো তুমি স্বপ্ন ।,Neutral
test_id_10633,থেকে এনে দেবো রঙ সুতো তুমি স্বপ্ন চরকা ।,Neutral
test_id_10634,এনে দেবো রঙ সুতো তুমি স্বপ্ন চরকা কাটো ।,Neutral
test_id_10635,সে যে বসে আছে একা একা রঙিন ।,Neutral
test_id_10636,যে বসে আছে একা একা রঙিন স্বপ্ন ।,Neutral
test_id_10637,বসে আছে একা একা রঙিন স্বপ্ন তার ।,Neutral
test_id_10638,আছে একা একা রঙিন স্বপ্ন তার বুনতে ।,Neutral
test_id_10639,একা একা রঙিন স্বপ্ন তার বুনতে সে ।,Neutral
test_id_10640,একা রঙিন স্বপ্ন তার বুনতে সে যে ।,Neutral
test_id_10641,রঙিন স্বপ্ন তার বুনতে সে যে চেয়ে ।,Neutral
test_id_10642,স্বপ্ন তার বুনতে সে যে চেয়ে আছে ।,Neutral
test_id_10643,তার বুনতে সে যে চেয়ে আছে ভরা ।,Neutral
test_id_10644,বুনতে সে যে চেয়ে আছে ভরা চোখে ।,Neutral
test_id_10645,সে যে চেয়ে আছে ভরা চোখে জানালার ।,Neutral
test_id_10646,যে চেয়ে আছে ভরা চোখে জানালার ফাঁকে ।,Neutral
test_id_10647,চেয়ে আছে ভরা চোখে জানালার ফাঁকে মেঘ ।,Neutral
test_id_10648,আছে ভরা চোখে জানালার ফাঁকে মেঘ ধরতে ।,Neutral
test_id_10649,সে যে বসে আছে একা একা রঙিন স্বপ্ন ।,Neutral
test_id_10650,যে বসে আছে একা একা রঙিন স্বপ্ন তার ।,Neutral
test_id_10651,বসে আছে একা একা রঙিন স্বপ্ন তার বুনতে ।,Neutral
test_id_10652,আছে একা একা রঙিন স্বপ্ন তার বুনতে সে ।,Neutral
test_id_10653,একা একা রঙিন স্বপ্ন তার বুনতে সে যে ।,Neutral
test_id_10654,একা রঙিন স্বপ্ন তার বুনতে সে যে চেয়ে ।,Neutral
test_id_10655,রঙিন স্বপ্ন তার বুনতে সে যে চেয়ে আছে ।,Neutral
test_id_10656,স্বপ্ন তার বুনতে সে যে চেয়ে আছে ভরা ।,Neutral
test_id_10657,তার বুনতে সে যে চেয়ে আছে ভরা চোখে ।,Neutral
test_id_10658,বুনতে সে যে চেয়ে আছে ভরা চোখে জানালার ।,Neutral
test_id_10659,সে যে চেয়ে আছে ভরা চোখে জানালার ফাঁকে ।,Neutral
test_id_10660,যে চেয়ে আছে ভরা চোখে জানালার ফাঁকে মেঘ ।,Neutral
test_id_10661,চেয়ে আছে ভরা চোখে জানালার ফাঁকে মেঘ ধরতে ।,Neutral
test_id_10662,তার গুন গুন মনের গান বাতাসে উড়ে ।,Neutral
test_id_10663,গুন গুন মনের গান বাতাসে উড়ে কান ।,Neutral
test_id_10664,গুন মনের গান বাতাসে উড়ে কান পাত ।,Neutral
test_id_10665,মনের গান বাতাসে উড়ে কান পাত মনে ।,Neutral
test_id_10666,গান বাতাসে উড়ে কান পাত মনে পাবে ।,Neutral
test_id_10667,বাতাসে উড়ে কান পাত মনে পাবে শুনতে ।,Neutral
test_id_10668,উড়ে কান পাত মনে পাবে শুনতে তার ।,Neutral
test_id_10669,কান পাত মনে পাবে শুনতে তার রঙের ।,Neutral
test_id_10670,পাত মনে পাবে শুনতে তার রঙের তুলির ।,Neutral
test_id_10671,মনে পাবে শুনতে তার রঙের তুলির নাচে ।,Neutral
test_id_10672,পাবে শুনতে তার রঙের তুলির নাচে মেঘেরা ।,Neutral
test_id_10673,শুনতে তার রঙের তুলির নাচে মেঘেরা ছুটে ।,Neutral
test_id_10674,তার রঙের তুলির নাচে মেঘেরা ছুটে চোখ ।,Neutral
test_id_10675,রঙের তুলির নাচে মেঘেরা ছুটে চোখ মেল ।,Neutral
test_id_10676,তুলির নাচে মেঘেরা ছুটে চোখ মেল যদি ।,Neutral
test_id_10677,নাচে মেঘেরা ছুটে চোখ মেল যদি পার ।,Neutral
test_id_10678,মেঘেরা ছুটে চোখ মেল যদি পার বুঝতে ।,Neutral
test_id_10679,তার গুন গুন মনের গান বাতাসে উড়ে কান ।,Neutral
test_id_10680,গুন গুন মনের গান বাতাসে উড়ে কান পাত ।,Neutral
test_id_10681,গুন মনের গান বাতাসে উড়ে কান পাত মনে ।,Neutral
test_id_10682,মনের গান বাতাসে উড়ে কান পাত মনে পাবে ।,Neutral
test_id_10683,গান বাতাসে উড়ে কান পাত মনে পাবে শুনতে ।,Neutral
test_id_10684,বাতাসে উড়ে কান পাত মনে পাবে শুনতে তার ।,Neutral
test_id_10685,উড়ে কান পাত মনে পাবে শুনতে তার রঙের ।,Neutral
test_id_10686,কান পাত মনে পাবে শুনতে তার রঙের তুলির ।,Neutral
test_id_10687,পাত মনে পাবে শুনতে তার রঙের তুলির নাচে ।,Neutral
test_id_10688,মনে পাবে শুনতে তার রঙের তুলির নাচে মেঘেরা ।,Neutral
test_id_10689,পাবে শুনতে তার রঙের তুলির নাচে মেঘেরা ছুটে ।,Neutral
test_id_10690,শুনতে তার রঙের তুলির নাচে মেঘেরা ছুটে চোখ ।,Neutral
test_id_10691,তার রঙের তুলির নাচে মেঘেরা ছুটে চোখ মেল ।,Neutral
test_id_10692,রঙের তুলির নাচে মেঘেরা ছুটে চোখ মেল যদি ।,Neutral
test_id_10693,তুলির নাচে মেঘেরা ছুটে চোখ মেল যদি পার ।,Neutral
test_id_10694,নাচে মেঘেরা ছুটে চোখ মেল যদি পার বুঝতে ।,Neutral
test_id_10695,সে যে বসে আছে একা একা তার ।,Neutral
test_id_10696,যে বসে আছে একা একা তার স্বপ্নের ।,Neutral
test_id_10697,বসে আছে একা একা তার স্বপ্নের কারখানা ।,Neutral
test_id_10698,আছে একা একা তার স্বপ্নের কারখানা চলেছে ।,Neutral
test_id_10699,একা একা তার স্বপ্নের কারখানা চলেছে আর ।,Neutral
test_id_10700,একা তার স্বপ্নের কারখানা চলেছে আর বুড়ো ।,Neutral
test_id_10701,তার স্বপ্নের কারখানা চলেছে আর বুড়ো বুড়ো ।,Neutral
test_id_10702,স্বপ্নের কারখানা চলেছে আর বুড়ো বুড়ো মেঘেদের ।,Neutral
test_id_10703,কারখানা চলেছে আর বুড়ো বুড়ো মেঘেদের দল ।,Neutral
test_id_10704,চলেছে আর বুড়ো বুড়ো মেঘেদের দল বৃষ্টি ।,Neutral
test_id_10705,আর বুড়ো বুড়ো মেঘেদের দল বৃষ্টি নামার ।,Neutral
test_id_10706,বুড়ো বুড়ো মেঘেদের দল বৃষ্টি নামার তাল ।,Neutral
test_id_10707,বুড়ো মেঘেদের দল বৃষ্টি নামার তাল গুনছে ।,Neutral
test_id_10708,সে যে বসে আছে একা একা তার স্বপ্নের ।,Neutral
test_id_10709,যে বসে আছে একা একা তার স্বপ্নের কারখানা ।,Neutral
test_id_10710,বসে আছে একা একা তার স্বপ্নের কারখানা চলেছে ।,Neutral
test_id_10711,আছে একা একা তার স্বপ্নের কারখানা চলেছে আর ।,Neutral
test_id_10712,একা একা তার স্বপ্নের কারখানা চলেছে আর বুড়ো ।,Neutral
test_id_10713,একা তার স্বপ্নের কারখানা চলেছে আর বুড়ো বুড়ো ।,Neutral
test_id_10714,তার স্বপ্নের কারখানা চলেছে আর বুড়ো বুড়ো মেঘেদের ।,Neutral
test_id_10715,স্বপ্নের কারখানা চলেছে আর বুড়ো বুড়ো মেঘেদের দল ।,Neutral
test_id_10716,কারখানা চলেছে আর বুড়ো বুড়ো মেঘেদের দল বৃষ্টি ।,Neutral
test_id_10717,চলেছে আর বুড়ো বুড়ো মেঘেদের দল বৃষ্টি নামার ।,Neutral
test_id_10718,আর বুড়ো বুড়ো মেঘেদের দল বৃষ্টি নামার তাল ।,Neutral
test_id_10719,বুড়ো বুড়ো মেঘেদের দল বৃষ্টি নামার তাল গুনছে ।,Neutral
test_id_10720,সেই গুন গুন মনের গান বৃষ্টি নামায় ।,Neutral
test_id_10721,গুন গুন মনের গান বৃষ্টি নামায় টপ ।,Neutral
test_id_10722,গুন মনের গান বৃষ্টি নামায় টপ টপ ।,Neutral
test_id_10723,মনের গান বৃষ্টি নামায় টপ টপ টপ ।,Neutral
test_id_10724,গান বৃষ্টি নামায় টপ টপ টপ ফোটা ।,Neutral
test_id_10725,বৃষ্টি নামায় টপ টপ টপ ফোটা পড়ে ।,Neutral
test_id_10726,নামায় টপ টপ টপ ফোটা পড়ে অনেক ।,Neutral
test_id_10727,টপ টপ টপ ফোটা পড়ে অনেক ক্ষণ ।,Neutral
test_id_10728,টপ টপ ফোটা পড়ে অনেক ক্ষণ সেই ।,Neutral
test_id_10729,টপ ফোটা পড়ে অনেক ক্ষণ সেই বৃষ্টি ।,Neutral
test_id_10730,ফোটা পড়ে অনেক ক্ষণ সেই বৃষ্টি ভেজা ।,Neutral
test_id_10731,পড়ে অনেক ক্ষণ সেই বৃষ্টি ভেজা মনে ।,Neutral
test_id_10732,অনেক ক্ষণ সেই বৃষ্টি ভেজা মনে ডাক ।,Neutral
test_id_10733,ক্ষণ সেই বৃষ্টি ভেজা মনে ডাক দিয়েছে ।,Neutral
test_id_10734,সেই বৃষ্টি ভেজা মনে ডাক দিয়েছে ভেজা ।,Neutral
test_id_10735,বৃষ্টি ভেজা মনে ডাক দিয়েছে ভেজা কাক ।,Neutral
test_id_10736,ভেজা মনে ডাক দিয়েছে ভেজা কাক হয়ে ।,Neutral
test_id_10737,মনে ডাক দিয়েছে ভেজা কাক হয়ে থাক ।,Neutral
test_id_10738,ডাক দিয়েছে ভেজা কাক হয়ে থাক আমার ।,Neutral
test_id_10739,দিয়েছে ভেজা কাক হয়ে থাক আমার মন ।,Neutral
test_id_10740,সেই গুন গুন মনের গান বৃষ্টি নামায় টপ ।,Neutral
test_id_10741,গুন গুন মনের গান বৃষ্টি নামায় টপ টপ ।,Neutral
test_id_10742,গুন মনের গান বৃষ্টি নামায় টপ টপ টপ ।,Neutral
test_id_10743,মনের গান বৃষ্টি নামায় টপ টপ টপ ফোটা ।,Neutral
test_id_10744,গান বৃষ্টি নামায় টপ টপ টপ ফোটা পড়ে ।,Neutral
test_id_10745,বৃষ্টি নামায় টপ টপ টপ ফোটা পড়ে অনেক ।,Neutral
test_id_10746,নামায় টপ টপ টপ ফোটা পড়ে অনেক ক্ষণ ।,Neutral
test_id_10747,টপ টপ টপ ফোটা পড়ে অনেক ক্ষণ সেই ।,Neutral
test_id_10748,টপ টপ ফোটা পড়ে অনেক ক্ষণ সেই বৃষ্টি ।,Neutral
test_id_10749,টপ ফোটা পড়ে অনেক ক্ষণ সেই বৃষ্টি ভেজা ।,Neutral
test_id_10750,ফোটা পড়ে অনেক ক্ষণ সেই বৃষ্টি ভেজা মনে ।,Neutral
test_id_10751,পড়ে অনেক ক্ষণ সেই বৃষ্টি ভেজা মনে ডাক ।,Neutral
test_id_10752,অনেক ক্ষণ সেই বৃষ্টি ভেজা মনে ডাক দিয়েছে ।,Neutral
test_id_10753,ক্ষণ সেই বৃষ্টি ভেজা মনে ডাক দিয়েছে ভেজা ।,Neutral
test_id_10754,সেই বৃষ্টি ভেজা মনে ডাক দিয়েছে ভেজা কাক ।,Neutral
test_id_10755,বৃষ্টি ভেজা মনে ডাক দিয়েছে ভেজা কাক হয়ে ।,Neutral
test_id_10756,ভেজা মনে ডাক দিয়েছে ভেজা কাক হয়ে থাক ।,Neutral
test_id_10757,মনে ডাক দিয়েছে ভেজা কাক হয়ে থাক আমার ।,Neutral
test_id_10758,ডাক দিয়েছে ভেজা কাক হয়ে থাক আমার মন ।,Neutral
test_id_10759,ছায়া কাঁপে ভয়ে অভিমানে হারিয়ে যাওয়ার নিয়ম ।,Neutral
test_id_10760,কাঁপে ভয়ে অভিমানে হারিয়ে যাওয়ার নিয়ম নেই ।,Neutral
test_id_10761,ভয়ে অভিমানে হারিয়ে যাওয়ার নিয়ম নেই এখানে ।,Neutral
test_id_10762,অভিমানে হারিয়ে যাওয়ার নিয়ম নেই এখানে হারাবো ।,Neutral
test_id_10763,হারিয়ে যাওয়ার নিয়ম নেই এখানে হারাবো বলে ।,Neutral
test_id_10764,ছায়া কাঁপে ভয়ে অভিমানে হারিয়ে যাওয়ার নিয়ম নেই ।,Neutral
test_id_10765,কাঁপে ভয়ে অভিমানে হারিয়ে যাওয়ার নিয়ম নেই এখানে ।,Neutral
test_id_10766,ভয়ে অভিমানে হারিয়ে যাওয়ার নিয়ম নেই এখানে হারাবো ।,Neutral
test_id_10767,অভিমানে হারিয়ে যাওয়ার নিয়ম নেই এখানে হারাবো বলে ।,Neutral
test_id_10768,পা টিপে এগোতে গেলেই গোটা শহর বাতি ।,Neutral
test_id_10769,টিপে এগোতে গেলেই গোটা শহর বাতি জ্বেলে ।,Neutral
test_id_10770,এগোতে গেলেই গোটা শহর বাতি জ্বেলে সতর্ক ।,Neutral
test_id_10771,গেলেই গোটা শহর বাতি জ্বেলে সতর্ক পায়ে ।,Neutral
test_id_10772,গোটা শহর বাতি জ্বেলে সতর্ক পায়ে পায়ে ।,Neutral
test_id_10773,শহর বাতি জ্বেলে সতর্ক পায়ে পায়ে হারাবার ।,Neutral
test_id_10774,বাতি জ্বেলে সতর্ক পায়ে পায়ে হারাবার জায়গা ।,Neutral
test_id_10775,জ্বেলে সতর্ক পায়ে পায়ে হারাবার জায়গা খুঁজে ।,Neutral
test_id_10776,সতর্ক পায়ে পায়ে হারাবার জায়গা খুঁজে মরি ।,Neutral
test_id_10777,পা টিপে এগোতে গেলেই গোটা শহর বাতি জ্বেলে ।,Neutral
test_id_10778,টিপে এগোতে গেলেই গোটা শহর বাতি জ্বেলে সতর্ক ।,Neutral
test_id_10779,এগোতে গেলেই গোটা শহর বাতি জ্বেলে সতর্ক পায়ে ।,Neutral
test_id_10780,গেলেই গোটা শহর বাতি জ্বেলে সতর্ক পায়ে পায়ে ।,Neutral
test_id_10781,গোটা শহর বাতি জ্বেলে সতর্ক পায়ে পায়ে হারাবার ।,Neutral
test_id_10782,শহর বাতি জ্বেলে সতর্ক পায়ে পায়ে হারাবার জায়গা ।,Neutral
test_id_10783,বাতি জ্বেলে সতর্ক পায়ে পায়ে হারাবার জায়গা খুঁজে ।,Neutral
test_id_10784,জ্বেলে সতর্ক পায়ে পায়ে হারাবার জায়গা খুঁজে মরি ।,Neutral
test_id_10785,কোথাও নেই ঝুম ঝুম অন্ধকার তক্ষক ডাকা ।,Neutral
test_id_10786,নেই ঝুম ঝুম অন্ধকার তক্ষক ডাকা নিশুতিতে ।,Neutral
test_id_10787,ঝুম ঝুম অন্ধকার তক্ষক ডাকা নিশুতিতে রূপকথা ।,Neutral
test_id_10788,ঝুম অন্ধকার তক্ষক ডাকা নিশুতিতে রূপকথা শুনে ।,Neutral
test_id_10789,অন্ধকার তক্ষক ডাকা নিশুতিতে রূপকথা শুনে শিউরে ।,Neutral
test_id_10790,তক্ষক ডাকা নিশুতিতে রূপকথা শুনে শিউরে ওঠে ।,Neutral
test_id_10791,ডাকা নিশুতিতে রূপকথা শুনে শিউরে ওঠে না ।,Neutral
test_id_10792,নিশুতিতে রূপকথা শুনে শিউরে ওঠে না গা ।,Neutral
test_id_10793,রূপকথা শুনে শিউরে ওঠে না গা স্বপ্নে ।,Neutral
test_id_10794,শুনে শিউরে ওঠে না গা স্বপ্নে আমার ।,Neutral
test_id_10795,শিউরে ওঠে না গা স্বপ্নে আমার শরীরে ।,Neutral
test_id_10796,ওঠে না গা স্বপ্নে আমার শরীরে কেউ ।,Neutral
test_id_10797,না গা স্বপ্নে আমার শরীরে কেউ ছড়ায় ।,Neutral
test_id_10798,গা স্বপ্নে আমার শরীরে কেউ ছড়ায় না ।,Neutral
test_id_10799,স্বপ্নে আমার শরীরে কেউ ছড়ায় না শিউলি ।,Neutral
test_id_10800,আমার শরীরে কেউ ছড়ায় না শিউলি ফুল ।,Neutral
test_id_10801,শরীরে কেউ ছড়ায় না শিউলি ফুল আলোর ।,Neutral
test_id_10802,কেউ ছড়ায় না শিউলি ফুল আলোর আকাশ ।,Neutral
test_id_10803,ছড়ায় না শিউলি ফুল আলোর আকাশ নুয়ে ।,Neutral
test_id_10804,না শিউলি ফুল আলোর আকাশ নুয়ে এসে ।,Neutral
test_id_10805,শিউলি ফুল আলোর আকাশ নুয়ে এসে ছোঁয় ।,Neutral
test_id_10806,ফুল আলোর আকাশ নুয়ে এসে ছোঁয় না ।,Neutral
test_id_10807,আলোর আকাশ নুয়ে এসে ছোঁয় না কপাল ।,Neutral
test_id_10808,কোথাও নেই ঝুম ঝুম অন্ধকার তক্ষক ডাকা নিশুতিতে ।,Neutral
test_id_10809,নেই ঝুম ঝুম অন্ধকার তক্ষক ডাকা নিশুতিতে রূপকথা ।,Neutral
test_id_10810,ঝুম ঝুম অন্ধকার তক্ষক ডাকা নিশুতিতে রূপকথা শুনে ।,Neutral
test_id_10811,ঝুম অন্ধকার তক্ষক ডাকা নিশুতিতে রূপকথা শুনে শিউরে ।,Neutral
test_id_10812,অন্ধকার তক্ষক ডাকা নিশুতিতে রূপকথা শুনে শিউরে ওঠে ।,Neutral
test_id_10813,তক্ষক ডাকা নিশুতিতে রূপকথা শুনে শিউরে ওঠে না ।,Neutral
test_id_10814,ডাকা নিশুতিতে রূপকথা শুনে শিউরে ওঠে না গা ।,Neutral
test_id_10815,নিশুতিতে রূপকথা শুনে শিউরে ওঠে না গা স্বপ্নে ।,Neutral
test_id_10816,রূপকথা শুনে শিউরে ওঠে না গা স্বপ্নে আমার ।,Neutral
test_id_10817,শুনে শিউরে ওঠে না গা স্বপ্নে আমার শরীরে ।,Neutral
test_id_10818,শিউরে ওঠে না গা স্বপ্নে আমার শরীরে কেউ ।,Neutral
test_id_10819,ওঠে না গা স্বপ্নে আমার শরীরে কেউ ছড়ায় ।,Neutral
test_id_10820,না গা স্বপ্নে আমার শরীরে কেউ ছড়ায় না ।,Neutral
test_id_10821,গা স্বপ্নে আমার শরীরে কেউ ছড়ায় না শিউলি ।,Neutral
test_id_10822,স্বপ্নে আমার শরীরে কেউ ছড়ায় না শিউলি ফুল ।,Neutral
test_id_10823,আমার শরীরে কেউ ছড়ায় না শিউলি ফুল আলোর ।,Neutral
test_id_10824,শরীরে কেউ ছড়ায় না শিউলি ফুল আলোর আকাশ ।,Neutral
test_id_10825,কেউ ছড়ায় না শিউলি ফুল আলোর আকাশ নুয়ে ।,Neutral
test_id_10826,ছড়ায় না শিউলি ফুল আলোর আকাশ নুয়ে এসে ।,Neutral
test_id_10827,না শিউলি ফুল আলোর আকাশ নুয়ে এসে ছোঁয় ।,Neutral
test_id_10828,শিউলি ফুল আলোর আকাশ নুয়ে এসে ছোঁয় না ।,Neutral
test_id_10829,ফুল আলোর আকাশ নুয়ে এসে ছোঁয় না কপাল ।,Neutral
test_id_10830,এটাই জরুরী খবর আকাঙ্খা আর হতাশায় হারিয়ে ।,Neutral
test_id_10831,জরুরী খবর আকাঙ্খা আর হতাশায় হারিয়ে যাওয়ার ।,Neutral
test_id_10832,খবর আকাঙ্খা আর হতাশায় হারিয়ে যাওয়ার কোনো ।,Neutral
test_id_10833,আকাঙ্খা আর হতাশায় হারিয়ে যাওয়ার কোনো মানে ।,Neutral
test_id_10834,আর হতাশায় হারিয়ে যাওয়ার কোনো মানে নেই ।,Neutral
test_id_10835,হতাশায় হারিয়ে যাওয়ার কোনো মানে নেই নিবিঢ় ।,Neutral
test_id_10836,হারিয়ে যাওয়ার কোনো মানে নেই নিবিঢ় ঘরে ।,Neutral
test_id_10837,যাওয়ার কোনো মানে নেই নিবিঢ় ঘরে আধো ।,Neutral
test_id_10838,কোনো মানে নেই নিবিঢ় ঘরে আধো আলো ।,Neutral
test_id_10839,মানে নেই নিবিঢ় ঘরে আধো আলো বিশ্বাসে ।,Neutral
test_id_10840,নেই নিবিঢ় ঘরে আধো আলো বিশ্বাসে বুকের ।,Neutral
test_id_10841,নিবিঢ় ঘরে আধো আলো বিশ্বাসে বুকের গভীরে ।,Neutral
test_id_10842,ঘরে আধো আলো বিশ্বাসে বুকের গভীরে কার ।,Neutral
test_id_10843,আধো আলো বিশ্বাসে বুকের গভীরে কার যেন ।,Neutral
test_id_10844,আলো বিশ্বাসে বুকের গভীরে কার যেন ডাক ।,Neutral
test_id_10845,বিশ্বাসে বুকের গভীরে কার যেন ডাক আসে ।,Neutral
test_id_10846,এটাই জরুরী খবর আকাঙ্খা আর হতাশায় হারিয়ে যাওয়ার ।,Neutral
test_id_10847,জরুরী খবর আকাঙ্খা আর হতাশায় হারিয়ে যাওয়ার কোনো ।,Neutral
test_id_10848,খবর আকাঙ্খা আর হতাশায় হারিয়ে যাওয়ার কোনো মানে ।,Neutral
test_id_10849,আকাঙ্খা আর হতাশায় হারিয়ে যাওয়ার কোনো মানে নেই ।,Neutral
test_id_10850,আর হতাশায় হারিয়ে যাওয়ার কোনো মানে নেই নিবিঢ় ।,Neutral
test_id_10851,হতাশায় হারিয়ে যাওয়ার কোনো মানে নেই নিবিঢ় ঘরে ।,Neutral
test_id_10852,হারিয়ে যাওয়ার কোনো মানে নেই নিবিঢ় ঘরে আধো ।,Neutral
test_id_10853,যাওয়ার কোনো মানে নেই নিবিঢ় ঘরে আধো আলো ।,Neutral
test_id_10854,কোনো মানে নেই নিবিঢ় ঘরে আধো আলো বিশ্বাসে ।,Neutral
test_id_10855,মানে নেই নিবিঢ় ঘরে আধো আলো বিশ্বাসে বুকের ।,Neutral
test_id_10856,নেই নিবিঢ় ঘরে আধো আলো বিশ্বাসে বুকের গভীরে ।,Neutral
test_id_10857,নিবিঢ় ঘরে আধো আলো বিশ্বাসে বুকের গভীরে কার ।,Neutral
test_id_10858,ঘরে আধো আলো বিশ্বাসে বুকের গভীরে কার যেন ।,Neutral
test_id_10859,আধো আলো বিশ্বাসে বুকের গভীরে কার যেন ডাক ।,Neutral
test_id_10860,আলো বিশ্বাসে বুকের গভীরে কার যেন ডাক আসে ।,Neutral
test_id_10861,করোনায় চাকরিপ্রত্যাশীদের কাছ থেকে প্রায় ২ বছর ।,Neutral
test_id_10862,চাকরিপ্রত্যাশীদের কাছ থেকে প্রায় ২ বছর সময় ।,Neutral
test_id_10863,কাছ থেকে প্রায় ২ বছর সময় কেড়ে ।,Neutral
test_id_10864,থেকে প্রায় ২ বছর সময় কেড়ে নিয়েছে ।,Neutral
test_id_10865,করোনায় চাকরিপ্রত্যাশীদের কাছ থেকে প্রায় ২ বছর সময় ।,Neutral
test_id_10866,চাকরিপ্রত্যাশীদের কাছ থেকে প্রায় ২ বছর সময় কেড়ে ।,Neutral
test_id_10867,কাছ থেকে প্রায় ২ বছর সময় কেড়ে নিয়েছে ।,Neutral
test_id_10868,তাদের ক্ষতি পুষিয়ে নেয়ার জন্য তাদের বিষয়গুলো ।,Neutral
test_id_10869,ক্ষতি পুষিয়ে নেয়ার জন্য তাদের বিষয়গুলো অন্তত ।,Neutral
test_id_10870,পুষিয়ে নেয়ার জন্য তাদের বিষয়গুলো অন্তত মানবিক ।,Neutral
test_id_10871,নেয়ার জন্য তাদের বিষয়গুলো অন্তত মানবিক দৃষ্টিকোণ ।,Neutral
test_id_10872,জন্য তাদের বিষয়গুলো অন্তত মানবিক দৃষ্টিকোণ থেকে ।,Neutral
test_id_10873,তাদের বিষয়গুলো অন্তত মানবিক দৃষ্টিকোণ থেকে বিবেচনা ।,Neutral
test_id_10874,বিষয়গুলো অন্তত মানবিক দৃষ্টিকোণ থেকে বিবেচনা করার ।,Neutral
test_id_10875,অন্তত মানবিক দৃষ্টিকোণ থেকে বিবেচনা করার উচিৎ ।,Neutral
test_id_10876,তাদের ক্ষতি পুষিয়ে নেয়ার জন্য তাদের বিষয়গুলো অন্তত ।,Neutral
test_id_10877,ক্ষতি পুষিয়ে নেয়ার জন্য তাদের বিষয়গুলো অন্তত মানবিক ।,Neutral
test_id_10878,পুষিয়ে নেয়ার জন্য তাদের বিষয়গুলো অন্তত মানবিক দৃষ্টিকোণ ।,Neutral
test_id_10879,নেয়ার জন্য তাদের বিষয়গুলো অন্তত মানবিক দৃষ্টিকোণ থেকে ।,Neutral
test_id_10880,জন্য তাদের বিষয়গুলো অন্তত মানবিক দৃষ্টিকোণ থেকে বিবেচনা ।,Neutral
test_id_10881,তাদের বিষয়গুলো অন্তত মানবিক দৃষ্টিকোণ থেকে বিবেচনা করার ।,Neutral
test_id_10882,বিষয়গুলো অন্তত মানবিক দৃষ্টিকোণ থেকে বিবেচনা করার উচিৎ ।,Neutral
test_id_10883,অনেক ছেলেমেয়েকে তাদের মা-বাবা মাথার ঘাম পায়ে ।,Neutral
test_id_10884,ছেলেমেয়েকে তাদের মা-বাবা মাথার ঘাম পায়ে ফেলে ।,Neutral
test_id_10885,অনেক ছেলেমেয়েকে তাদের মা-বাবা মাথার ঘাম পায়ে ফেলে ।,Neutral
test_id_10886,নিজে খেয়ে না খেয়ে অনেক স্বপ্ন নিয়ে ।,Neutral
test_id_10887,খেয়ে না খেয়ে অনেক স্বপ্ন নিয়ে পড়াশোনা ।,Neutral
test_id_10888,না খেয়ে অনেক স্বপ্ন নিয়ে পড়াশোনা করিয়েছেন ।,Neutral
test_id_10889,নিজে খেয়ে না খেয়ে অনেক স্বপ্ন নিয়ে পড়াশোনা ।,Neutral
test_id_10890,খেয়ে না খেয়ে অনেক স্বপ্ন নিয়ে পড়াশোনা করিয়েছেন ।,Neutral
test_id_10891,তাঁদের সেই কষ্টমিশ্রিত স্বপ্নগুলো নিয়েও অন্তত একবার ।,Neutral
test_id_10892,সেই কষ্টমিশ্রিত স্বপ্নগুলো নিয়েও অন্তত একবার ভাবা ।,Neutral
test_id_10893,কষ্টমিশ্রিত স্বপ্নগুলো নিয়েও অন্তত একবার ভাবা উচিৎ ।,Neutral
test_id_10894,তাঁদের সেই কষ্টমিশ্রিত স্বপ্নগুলো নিয়েও অন্তত একবার ভাবা ।,Neutral
test_id_10895,সেই কষ্টমিশ্রিত স্বপ্নগুলো নিয়েও অন্তত একবার ভাবা উচিৎ ।,Neutral
test_id_10896,কীভাবে আপনি অল্প সময়ে জব সলিউশন শেষ ।,Neutral
test_id_10897,আপনি অল্প সময়ে জব সলিউশন শেষ করবেন ।,Neutral
test_id_10898,কীভাবে আপনি অল্প সময়ে জব সলিউশন শেষ করবেন ।,Neutral
test_id_10899,এই ভিডিও এর মাধ্যমে জেনে দ্রুত ও ।,Neutral
test_id_10900,ভিডিও এর মাধ্যমে জেনে দ্রুত ও সঠিক ।,Neutral
test_id_10901,এর মাধ্যমে জেনে দ্রুত ও সঠিক পদ্ধতিতে ।,Neutral
test_id_10902,মাধ্যমে জেনে দ্রুত ও সঠিক পদ্ধতিতে জব ।,Neutral
test_id_10903,জেনে দ্রুত ও সঠিক পদ্ধতিতে জব সল্যুশন ।,Neutral
test_id_10904,দ্রুত ও সঠিক পদ্ধতিতে জব সল্যুশন পড়ার ।,Neutral
test_id_10905,ও সঠিক পদ্ধতিতে জব সল্যুশন পড়ার ও ।,Neutral
test_id_10906,সঠিক পদ্ধতিতে জব সল্যুশন পড়ার ও শেষ ।,Neutral
test_id_10907,পদ্ধতিতে জব সল্যুশন পড়ার ও শেষ করার ।,Neutral
test_id_10908,জব সল্যুশন পড়ার ও শেষ করার কৌশল ।,Neutral
test_id_10909,এই ভিডিও এর মাধ্যমে জেনে দ্রুত ও সঠিক ।,Neutral
test_id_10910,ভিডিও এর মাধ্যমে জেনে দ্রুত ও সঠিক পদ্ধতিতে ।,Neutral
test_id_10911,এর মাধ্যমে জেনে দ্রুত ও সঠিক পদ্ধতিতে জব ।,Neutral
test_id_10912,মাধ্যমে জেনে দ্রুত ও সঠিক পদ্ধতিতে জব সল্যুশন ।,Neutral
test_id_10913,জেনে দ্রুত ও সঠিক পদ্ধতিতে জব সল্যুশন পড়ার ।,Neutral
test_id_10914,দ্রুত ও সঠিক পদ্ধতিতে জব সল্যুশন পড়ার ও ।,Neutral
test_id_10915,ও সঠিক পদ্ধতিতে জব সল্যুশন পড়ার ও শেষ ।,Neutral
test_id_10916,সঠিক পদ্ধতিতে জব সল্যুশন পড়ার ও শেষ করার ।,Neutral
test_id_10917,পদ্ধতিতে জব সল্যুশন পড়ার ও শেষ করার কৌশল ।,Neutral
test_id_10918,আমাদের অনেকের মাঝে জব সলিউশন বই পড়ার ।,Neutral
test_id_10919,অনেকের মাঝে জব সলিউশন বই পড়ার নিয়ে ।,Neutral
test_id_10920,মাঝে জব সলিউশন বই পড়ার নিয়ে আতঙ্ক ।,Neutral
test_id_10921,জব সলিউশন বই পড়ার নিয়ে আতঙ্ক কাজ ।,Neutral
test_id_10922,সলিউশন বই পড়ার নিয়ে আতঙ্ক কাজ করে ।,Neutral
test_id_10923,আমাদের অনেকের মাঝে জব সলিউশন বই পড়ার নিয়ে ।,Neutral
test_id_10924,অনেকের মাঝে জব সলিউশন বই পড়ার নিয়ে আতঙ্ক ।,Neutral
test_id_10925,মাঝে জব সলিউশন বই পড়ার নিয়ে আতঙ্ক কাজ ।,Neutral
test_id_10926,জব সলিউশন বই পড়ার নিয়ে আতঙ্ক কাজ করে ।,Neutral
test_id_10927,প্রকৃতপক্ষে সঠিক কৌশল অবলম্বন করলে জব সলিউশন ।,Neutral
test_id_10928,সঠিক কৌশল অবলম্বন করলে জব সলিউশন সহজে ।,Neutral
test_id_10929,কৌশল অবলম্বন করলে জব সলিউশন সহজে পড়ে ।,Neutral
test_id_10930,অবলম্বন করলে জব সলিউশন সহজে পড়ে শেষ ।,Neutral
test_id_10931,করলে জব সলিউশন সহজে পড়ে শেষ করা ।,Neutral
test_id_10932,জব সলিউশন সহজে পড়ে শেষ করা যায় ।,Neutral
test_id_10933,সলিউশন সহজে পড়ে শেষ করা যায় এবং ।,Neutral
test_id_10934,সহজে পড়ে শেষ করা যায় এবং পরীক্ষায় ।,Neutral
test_id_10935,পড়ে শেষ করা যায় এবং পরীক্ষায় ভালো ।,Neutral
test_id_10936,শেষ করা যায় এবং পরীক্ষায় ভালো করার ।,Neutral
test_id_10937,করা যায় এবং পরীক্ষায় ভালো করার যায় ।,Neutral
test_id_10938,প্রকৃতপক্ষে সঠিক কৌশল অবলম্বন করলে জব সলিউশন সহজে ।,Neutral
test_id_10939,সঠিক কৌশল অবলম্বন করলে জব সলিউশন সহজে পড়ে ।,Neutral
test_id_10940,কৌশল অবলম্বন করলে জব সলিউশন সহজে পড়ে শেষ ।,Neutral
test_id_10941,অবলম্বন করলে জব সলিউশন সহজে পড়ে শেষ করা ।,Neutral
test_id_10942,করলে জব সলিউশন সহজে পড়ে শেষ করা যায় ।,Neutral
test_id_10943,জব সলিউশন সহজে পড়ে শেষ করা যায় এবং ।,Neutral
test_id_10944,সলিউশন সহজে পড়ে শেষ করা যায় এবং পরীক্ষায় ।,Neutral
test_id_10945,সহজে পড়ে শেষ করা যায় এবং পরীক্ষায় ভালো ।,Neutral
test_id_10946,পড়ে শেষ করা যায় এবং পরীক্ষায় ভালো করার ।,Neutral
test_id_10947,শেষ করা যায় এবং পরীক্ষায় ভালো করার যায় ।,Neutral
test_id_10948,অনেকে জব সলিউশন পড়ার নিয়ম জানেন না ।,Neutral
test_id_10949,জব সলিউশন পড়ার নিয়ম জানেন না বলেই ।,Neutral
test_id_10950,সলিউশন পড়ার নিয়ম জানেন না বলেই এই ।,Neutral
test_id_10951,পড়ার নিয়ম জানেন না বলেই এই নিয়ে ।,Neutral
test_id_10952,নিয়ম জানেন না বলেই এই নিয়ে অহেতুক ।,Neutral
test_id_10953,জানেন না বলেই এই নিয়ে অহেতুক দুঃশ্চিন্তায় ।,Neutral
test_id_10954,না বলেই এই নিয়ে অহেতুক দুঃশ্চিন্তায় ভুগেন ।,Neutral
test_id_10955,অনেকে জব সলিউশন পড়ার নিয়ম জানেন না বলেই ।,Neutral
test_id_10956,জব সলিউশন পড়ার নিয়ম জানেন না বলেই এই ।,Neutral
test_id_10957,সলিউশন পড়ার নিয়ম জানেন না বলেই এই নিয়ে ।,Neutral
test_id_10958,পড়ার নিয়ম জানেন না বলেই এই নিয়ে অহেতুক ।,Neutral
test_id_10959,নিয়ম জানেন না বলেই এই নিয়ে অহেতুক দুঃশ্চিন্তায় ।,Neutral
test_id_10960,জানেন না বলেই এই নিয়ে অহেতুক দুঃশ্চিন্তায় ভুগেন ।,Neutral
test_id_10961,এই ভিডিওতে জব সলুশন পড়ার নিয়মগুলো সহজভাবে ।,Neutral
test_id_10962,ভিডিওতে জব সলুশন পড়ার নিয়মগুলো সহজভাবে উপস্থাপন ।,Neutral
test_id_10963,জব সলুশন পড়ার নিয়মগুলো সহজভাবে উপস্থাপন করা ।,Neutral
test_id_10964,সলুশন পড়ার নিয়মগুলো সহজভাবে উপস্থাপন করা হয়েছে ।,Neutral
test_id_10965,এই ভিডিওতে জব সলুশন পড়ার নিয়মগুলো সহজভাবে উপস্থাপন ।,Neutral
test_id_10966,ভিডিওতে জব সলুশন পড়ার নিয়মগুলো সহজভাবে উপস্থাপন করা ।,Neutral
test_id_10967,জব সলুশন পড়ার নিয়মগুলো সহজভাবে উপস্থাপন করা হয়েছে ।,Neutral
test_id_10968,খাদ্য অধিদপ্তর নিয়োগ ও বিশ্ববিদ্যালয় ভর্তি পরীক্ষার ।,Neutral
test_id_10969,অধিদপ্তর নিয়োগ ও বিশ্ববিদ্যালয় ভর্তি পরীক্ষার ফ্রি ।,Neutral
test_id_10970,নিয়োগ ও বিশ্ববিদ্যালয় ভর্তি পরীক্ষার ফ্রি সাজেশন ।,Neutral
test_id_10971,খাদ্য অধিদপ্তর নিয়োগ ও বিশ্ববিদ্যালয় ভর্তি পরীক্ষার ফ্রি ।,Neutral
test_id_10972,অধিদপ্তর নিয়োগ ও বিশ্ববিদ্যালয় ভর্তি পরীক্ষার ফ্রি সাজেশন ।,Neutral
test_id_10973,টিপস ও গাইডলাইন পেতে এবং পাশাপাশি আপনার ।,Neutral
test_id_10974,ও গাইডলাইন পেতে এবং পাশাপাশি আপনার ক্যারিয়ার ।,Neutral
test_id_10975,গাইডলাইন পেতে এবং পাশাপাশি আপনার ক্যারিয়ার বিষয়ক ।,Neutral
test_id_10976,পেতে এবং পাশাপাশি আপনার ক্যারিয়ার বিষয়ক যে ।,Neutral
test_id_10977,এবং পাশাপাশি আপনার ক্যারিয়ার বিষয়ক যে কোনো ।,Neutral
test_id_10978,পাশাপাশি আপনার ক্যারিয়ার বিষয়ক যে কোনো জিজ্ঞাসা ।,Neutral
test_id_10979,আপনার ক্যারিয়ার বিষয়ক যে কোনো জিজ্ঞাসা থাকলে ।,Neutral
test_id_10980,ক্যারিয়ার বিষয়ক যে কোনো জিজ্ঞাসা থাকলে জয়েন ।,Neutral
test_id_10981,বিষয়ক যে কোনো জিজ্ঞাসা থাকলে জয়েন করুন- ।,Neutral
test_id_10982,যে কোনো জিজ্ঞাসা থাকলে জয়েন করুন- ৩৫তম ।,Neutral
test_id_10983,কোনো জিজ্ঞাসা থাকলে জয়েন করুন- ৩৫তম বিসিএস ।,Neutral
test_id_10984,জিজ্ঞাসা থাকলে জয়েন করুন- ৩৫তম বিসিএস ক্যাডার ।,Neutral
test_id_10985,থাকলে জয়েন করুন- ৩৫তম বিসিএস ক্যাডার ও ।,Neutral
test_id_10986,জয়েন করুন- ৩৫তম বিসিএস ক্যাডার ও সাবেক ।,Neutral
test_id_10987,করুন- ৩৫তম বিসিএস ক্যাডার ও সাবেক সিনিয়র ।,Neutral
test_id_10988,৩৫তম বিসিএস ক্যাডার ও সাবেক সিনিয়র অফিসার ।,Neutral
test_id_10989,টিপস ও গাইডলাইন পেতে এবং পাশাপাশি আপনার ক্যারিয়ার ।,Neutral
test_id_10990,ও গাইডলাইন পেতে এবং পাশাপাশি আপনার ক্যারিয়ার বিষয়ক ।,Neutral
test_id_10991,গাইডলাইন পেতে এবং পাশাপাশি আপনার ক্যারিয়ার বিষয়ক যে ।,Neutral
test_id_10992,পেতে এবং পাশাপাশি আপনার ক্যারিয়ার বিষয়ক যে কোনো ।,Neutral
test_id_10993,এবং পাশাপাশি আপনার ক্যারিয়ার বিষয়ক যে কোনো জিজ্ঞাসা ।,Neutral
test_id_10994,পাশাপাশি আপনার ক্যারিয়ার বিষয়ক যে কোনো জিজ্ঞাসা থাকলে ।,Neutral
test_id_10995,আপনার ক্যারিয়ার বিষয়ক যে কোনো জিজ্ঞাসা থাকলে জয়েন ।,Neutral
test_id_10996,ক্যারিয়ার বিষয়ক যে কোনো জিজ্ঞাসা থাকলে জয়েন করুন- ।,Neutral
test_id_10997,বিষয়ক যে কোনো জিজ্ঞাসা থাকলে জয়েন করুন- ৩৫তম ।,Neutral
test_id_10998,যে কোনো জিজ্ঞাসা থাকলে জয়েন করুন- ৩৫তম বিসিএস ।,Neutral
test_id_10999,কোনো জিজ্ঞাসা থাকলে জয়েন করুন- ৩৫তম বিসিএস ক্যাডার ।,Neutral
test_id_11000,জিজ্ঞাসা থাকলে জয়েন করুন- ৩৫তম বিসিএস ক্যাডার ও ।,Neutral
test_id_11001,থাকলে জয়েন করুন- ৩৫তম বিসিএস ক্যাডার ও সাবেক ।,Neutral
test_id_11002,জয়েন করুন- ৩৫তম বিসিএস ক্যাডার ও সাবেক সিনিয়র ।,Neutral
test_id_11003,করুন- ৩৫তম বিসিএস ক্যাডার ও সাবেক সিনিয়র অফিসার ।,Neutral
test_id_11004,গাজী মিজানুর রহমান স্যারের অফিসিয়াল ফেইসবুক গ্রুপে ।,Neutral
test_id_11005,শাহজালাল বিজ্ঞান ও প্রযুক্তি বিশ্ববিদ্যালয়ে শিক্ষার্থীদের সাথে ।,Neutral
test_id_11006,বিজ্ঞান ও প্রযুক্তি বিশ্ববিদ্যালয়ে শিক্ষার্থীদের সাথে যে ।,Neutral
test_id_11007,ও প্রযুক্তি বিশ্ববিদ্যালয়ে শিক্ষার্থীদের সাথে যে আচরণ ।,Neutral
test_id_11008,প্রযুক্তি বিশ্ববিদ্যালয়ে শিক্ষার্থীদের সাথে যে আচরণ করা ।,Neutral
test_id_11009,বিশ্ববিদ্যালয়ে শিক্ষার্থীদের সাথে যে আচরণ করা হয়েছে ।,Neutral
test_id_11010,শাহজালাল বিজ্ঞান ও প্রযুক্তি বিশ্ববিদ্যালয়ে শিক্ষার্থীদের সাথে যে ।,Neutral
test_id_11011,বিজ্ঞান ও প্রযুক্তি বিশ্ববিদ্যালয়ে শিক্ষার্থীদের সাথে যে আচরণ ।,Neutral
test_id_11012,ও প্রযুক্তি বিশ্ববিদ্যালয়ে শিক্ষার্থীদের সাথে যে আচরণ করা ।,Neutral
test_id_11013,প্রযুক্তি বিশ্ববিদ্যালয়ে শিক্ষার্থীদের সাথে যে আচরণ করা হয়েছে ।,Neutral
test_id_11014,আমরা নিজেরা যদি সহনশীলতার পরিচয় দিতে না ।,Neutral
test_id_11015,নিজেরা যদি সহনশীলতার পরিচয় দিতে না পারি ।,Neutral
test_id_11016,আমরা নিজেরা যদি সহনশীলতার পরিচয় দিতে না পারি ।,Neutral
test_id_11017,তাহলে শিক্ষার্থীদের সহনশীলতার কী দীক্ষা দিব আমরা ।,Neutral
test_id_11018,স্যার যে দেশে শিক্ষা ব্যাবস্হা শুধু এসএসসি ।,Neutral
test_id_11019,যে দেশে শিক্ষা ব্যাবস্হা শুধু এসএসসি আর ।,Neutral
test_id_11020,দেশে শিক্ষা ব্যাবস্হা শুধু এসএসসি আর এইচএসসিদের ।,Neutral
test_id_11021,শিক্ষা ব্যাবস্হা শুধু এসএসসি আর এইচএসসিদের নিয়ে ।,Neutral
test_id_11022,ব্যাবস্হা শুধু এসএসসি আর এইচএসসিদের নিয়ে পড়ে ।,Neutral
test_id_11023,শুধু এসএসসি আর এইচএসসিদের নিয়ে পড়ে থাকে ।,Neutral
test_id_11024,স্যার যে দেশে শিক্ষা ব্যাবস্হা শুধু এসএসসি আর ।,Neutral
test_id_11025,যে দেশে শিক্ষা ব্যাবস্হা শুধু এসএসসি আর এইচএসসিদের ।,Neutral
test_id_11026,দেশে শিক্ষা ব্যাবস্হা শুধু এসএসসি আর এইচএসসিদের নিয়ে ।,Neutral
test_id_11027,শিক্ষা ব্যাবস্হা শুধু এসএসসি আর এইচএসসিদের নিয়ে পড়ে ।,Neutral
test_id_11028,ব্যাবস্হা শুধু এসএসসি আর এইচএসসিদের নিয়ে পড়ে থাকে ।,Neutral
test_id_11029,ঐদেশে চাকরি প্রত্যাশা করাটা খুব বড়ধরনের বোকামী ।,Neutral
test_id_11030,আমাদের ইয়ার টা কি ব্যাক দেওয়া যাবে. ।,Neutral
test_id_11031,আমাদের বয়স টা কি ফিরিয়ে দিতে পারবে. ।,Neutral
test_id_11032,এইরকম শিক্ষা ব্যাবস্হার উপর তীব্র নিন্দা জানাই ।,Neutral
test_id_11033,শিক্ষা ব্যাবস্হার উপর তীব্র নিন্দা জানাই স্যার ।,Neutral
test_id_11034,এইরকম শিক্ষা ব্যাবস্হার উপর তীব্র নিন্দা জানাই স্যার ।,Neutral
test_id_11035,কেউ কেউ দেখছি অনেক নেগেটিভ কথাবার্তা বলছেন ।,Neutral
test_id_11036,কেউ দেখছি অনেক নেগেটিভ কথাবার্তা বলছেন অ্যাডভোকেট ।,Neutral
test_id_11037,দেখছি অনেক নেগেটিভ কথাবার্তা বলছেন অ্যাডভোকেট মোহাম্মদ ।,Neutral
test_id_11038,অনেক নেগেটিভ কথাবার্তা বলছেন অ্যাডভোকেট মোহাম্মদ ইসমাইল ।,Neutral
test_id_11039,নেগেটিভ কথাবার্তা বলছেন অ্যাডভোকেট মোহাম্মদ ইসমাইল ও ।,Neutral
test_id_11040,কথাবার্তা বলছেন অ্যাডভোকেট মোহাম্মদ ইসমাইল ও মিনোয়ারা ।,Neutral
test_id_11041,বলছেন অ্যাডভোকেট মোহাম্মদ ইসমাইল ও মিনোয়ারা বেগমের ।,Neutral
test_id_11042,অ্যাডভোকেট মোহাম্মদ ইসমাইল ও মিনোয়ারা বেগমের বিয়ে ।,Neutral
test_id_11043,মোহাম্মদ ইসমাইল ও মিনোয়ারা বেগমের বিয়ে নিয়ে ।,Neutral
test_id_11044,কেউ কেউ দেখছি অনেক নেগেটিভ কথাবার্তা বলছেন অ্যাডভোকেট ।,Neutral
test_id_11045,কেউ দেখছি অনেক নেগেটিভ কথাবার্তা বলছেন অ্যাডভোকেট মোহাম্মদ ।,Neutral
test_id_11046,দেখছি অনেক নেগেটিভ কথাবার্তা বলছেন অ্যাডভোকেট মোহাম্মদ ইসমাইল ।,Neutral
test_id_11047,অনেক নেগেটিভ কথাবার্তা বলছেন অ্যাডভোকেট মোহাম্মদ ইসমাইল ও ।,Neutral
test_id_11048,নেগেটিভ কথাবার্তা বলছেন অ্যাডভোকেট মোহাম্মদ ইসমাইল ও মিনোয়ারা ।,Neutral
test_id_11049,কথাবার্তা বলছেন অ্যাডভোকেট মোহাম্মদ ইসমাইল ও মিনোয়ারা বেগমের ।,Neutral
test_id_11050,বলছেন অ্যাডভোকেট মোহাম্মদ ইসমাইল ও মিনোয়ারা বেগমের বিয়ে ।,Neutral
test_id_11051,অ্যাডভোকেট মোহাম্মদ ইসমাইল ও মিনোয়ারা বেগমের বিয়ে নিয়ে ।,Neutral
test_id_11052,তাহলে এইটা নিয়ে এত নেগেটিভ চিন্তা কেন ।,Neutral
test_id_11053,আইনে বা ধর্মে কোথাও তো বলা নেই ।,Neutral
test_id_11054,বা ধর্মে কোথাও তো বলা নেই যে ।,Neutral
test_id_11055,আইনে বা ধর্মে কোথাও তো বলা নেই যে ।,Neutral
test_id_11056,৯০ বছর বয়স্ক সক্ষম কেউ বিয়ে করতে ।,Neutral
test_id_11057,বছর বয়স্ক সক্ষম কেউ বিয়ে করতে পারবে ।,Neutral
test_id_11058,বয়স্ক সক্ষম কেউ বিয়ে করতে পারবে না ।,Neutral
test_id_11059,৯০ বছর বয়স্ক সক্ষম কেউ বিয়ে করতে পারবে ।,Neutral
test_id_11060,বছর বয়স্ক সক্ষম কেউ বিয়ে করতে পারবে না ।,Neutral
test_id_11061,তাহলে ওনি ৯০ বছর বয়সে বিয়ে না ।,Neutral
test_id_11062,ওনি ৯০ বছর বয়সে বিয়ে না করে ।,Neutral
test_id_11063,৯০ বছর বয়সে বিয়ে না করে পরকীয়া ।,Neutral
test_id_11064,বছর বয়সে বিয়ে না করে পরকীয়া করলে ।,Neutral
test_id_11065,বয়সে বিয়ে না করে পরকীয়া করলে আপনাদের ।,Neutral
test_id_11066,বিয়ে না করে পরকীয়া করলে আপনাদের কাছে ।,Neutral
test_id_11067,না করে পরকীয়া করলে আপনাদের কাছে সেটা ।,Neutral
test_id_11068,করে পরকীয়া করলে আপনাদের কাছে সেটা ভালো ।,Neutral
test_id_11069,পরকীয়া করলে আপনাদের কাছে সেটা ভালো মনে ।,Neutral
test_id_11070,করলে আপনাদের কাছে সেটা ভালো মনে হত ।,Neutral
test_id_11071,তাহলে ওনি ৯০ বছর বয়সে বিয়ে না করে ।,Neutral
test_id_11072,ওনি ৯০ বছর বয়সে বিয়ে না করে পরকীয়া ।,Neutral
test_id_11073,৯০ বছর বয়সে বিয়ে না করে পরকীয়া করলে ।,Neutral
test_id_11074,বছর বয়সে বিয়ে না করে পরকীয়া করলে আপনাদের ।,Neutral
test_id_11075,বয়সে বিয়ে না করে পরকীয়া করলে আপনাদের কাছে ।,Neutral
test_id_11076,বিয়ে না করে পরকীয়া করলে আপনাদের কাছে সেটা ।,Neutral
test_id_11077,না করে পরকীয়া করলে আপনাদের কাছে সেটা ভালো ।,Neutral
test_id_11078,করে পরকীয়া করলে আপনাদের কাছে সেটা ভালো মনে ।,Neutral
test_id_11079,পরকীয়া করলে আপনাদের কাছে সেটা ভালো মনে হত ।,Neutral
test_id_11080,আমাদের সমাজের অধিকাংশ মানুষ কেন নিজের কাজে ।,Neutral
test_id_11081,সমাজের অধিকাংশ মানুষ কেন নিজের কাজে সময় ।,Neutral
test_id_11082,অধিকাংশ মানুষ কেন নিজের কাজে সময় না ।,Neutral
test_id_11083,মানুষ কেন নিজের কাজে সময় না দিয়ে ।,Neutral
test_id_11084,কেন নিজের কাজে সময় না দিয়ে অন্য ।,Neutral
test_id_11085,নিজের কাজে সময় না দিয়ে অন্য বিষয় ।,Neutral
test_id_11086,কাজে সময় না দিয়ে অন্য বিষয় নিয়ে ।,Neutral
test_id_11087,সময় না দিয়ে অন্য বিষয় নিয়ে অতি ।,Neutral
test_id_11088,না দিয়ে অন্য বিষয় নিয়ে অতি ব্যস্ত ।,Neutral
test_id_11089,আমাদের সমাজের অধিকাংশ মানুষ কেন নিজের কাজে সময় ।,Neutral
test_id_11090,সমাজের অধিকাংশ মানুষ কেন নিজের কাজে সময় না ।,Neutral
test_id_11091,অধিকাংশ মানুষ কেন নিজের কাজে সময় না দিয়ে ।,Neutral
test_id_11092,মানুষ কেন নিজের কাজে সময় না দিয়ে অন্য ।,Neutral
test_id_11093,কেন নিজের কাজে সময় না দিয়ে অন্য বিষয় ।,Neutral
test_id_11094,নিজের কাজে সময় না দিয়ে অন্য বিষয় নিয়ে ।,Neutral
test_id_11095,কাজে সময় না দিয়ে অন্য বিষয় নিয়ে অতি ।,Neutral
test_id_11096,সময় না দিয়ে অন্য বিষয় নিয়ে অতি ব্যস্ত ।,Neutral
test_id_11097,৩৭ বয়সী নারী যদি ৯০ বছর বয়স্ক ।,Neutral
test_id_11098,বয়সী নারী যদি ৯০ বছর বয়স্ক পুরুষকে ।,Neutral
test_id_11099,নারী যদি ৯০ বছর বয়স্ক পুরুষকে বিয়ে ।,Neutral
test_id_11100,যদি ৯০ বছর বয়স্ক পুরুষকে বিয়ে করে ।,Neutral
test_id_11101,৯০ বছর বয়স্ক পুরুষকে বিয়ে করে সুখে-শান্তিতে ।,Neutral
test_id_11102,বছর বয়স্ক পুরুষকে বিয়ে করে সুখে-শান্তিতে থাকতে ।,Neutral
test_id_11103,বয়স্ক পুরুষকে বিয়ে করে সুখে-শান্তিতে থাকতে পারে ।,Neutral
test_id_11104,৩৭ বয়সী নারী যদি ৯০ বছর বয়স্ক পুরুষকে ।,Neutral
test_id_11105,বয়সী নারী যদি ৯০ বছর বয়স্ক পুরুষকে বিয়ে ।,Neutral
test_id_11106,নারী যদি ৯০ বছর বয়স্ক পুরুষকে বিয়ে করে ।,Neutral
test_id_11107,যদি ৯০ বছর বয়স্ক পুরুষকে বিয়ে করে সুখে-শান্তিতে ।,Neutral
test_id_11108,৯০ বছর বয়স্ক পুরুষকে বিয়ে করে সুখে-শান্তিতে থাকতে ।,Neutral
test_id_11109,বছর বয়স্ক পুরুষকে বিয়ে করে সুখে-শান্তিতে থাকতে পারে ।,Neutral
test_id_11110,আমরা কি ওনাদের পবিত্র ও ভালো কাজের ।,Neutral
test_id_11111,কি ওনাদের পবিত্র ও ভালো কাজের জন্য ।,Neutral
test_id_11112,ওনাদের পবিত্র ও ভালো কাজের জন্য শুভ ।,Neutral
test_id_11113,পবিত্র ও ভালো কাজের জন্য শুভ কামনা ।,Neutral
test_id_11114,ও ভালো কাজের জন্য শুভ কামনা জানাতে ।,Neutral
test_id_11115,ভালো কাজের জন্য শুভ কামনা জানাতে পারি ।,Neutral
test_id_11116,কাজের জন্য শুভ কামনা জানাতে পারি না ।,Neutral
test_id_11117,আমরা কি ওনাদের পবিত্র ও ভালো কাজের জন্য ।,Neutral
test_id_11118,কি ওনাদের পবিত্র ও ভালো কাজের জন্য শুভ ।,Neutral
test_id_11119,ওনাদের পবিত্র ও ভালো কাজের জন্য শুভ কামনা ।,Neutral
test_id_11120,পবিত্র ও ভালো কাজের জন্য শুভ কামনা জানাতে ।,Neutral
test_id_11121,ও ভালো কাজের জন্য শুভ কামনা জানাতে পারি ।,Neutral
test_id_11122,ভালো কাজের জন্য শুভ কামনা জানাতে পারি না ।,Neutral
test_id_11123,প্রাইমারি শিক্ষক নিয়োগ পরীক্ষা শীঘ্রই শুরু হতে ।,Neutral
test_id_11124,শিক্ষক নিয়োগ পরীক্ষা শীঘ্রই শুরু হতে পারে ।,Neutral
test_id_11125,প্রাইমারি শিক্ষক নিয়োগ পরীক্ষা শীঘ্রই শুরু হতে পারে ।,Neutral
test_id_11126,যদিও সবকিছু নির্ভর করছে প্রাথমিক শিক্ষক অধিদপ্তর ।,Neutral
test_id_11127,সবকিছু নির্ভর করছে প্রাথমিক শিক্ষক অধিদপ্তর ও ।,Neutral
test_id_11128,নির্ভর করছে প্রাথমিক শিক্ষক অধিদপ্তর ও প্রাথমিক ।,Neutral
test_id_11129,করছে প্রাথমিক শিক্ষক অধিদপ্তর ও প্রাথমিক ও ।,Neutral
test_id_11130,প্রাথমিক শিক্ষক অধিদপ্তর ও প্রাথমিক ও গণশিক্ষা ।,Neutral
test_id_11131,শিক্ষক অধিদপ্তর ও প্রাথমিক ও গণশিক্ষা মন্ত্রণালয়ের ।,Neutral
test_id_11132,অধিদপ্তর ও প্রাথমিক ও গণশিক্ষা মন্ত্রণালয়ের উপর ।,Neutral
test_id_11133,যদিও সবকিছু নির্ভর করছে প্রাথমিক শিক্ষক অধিদপ্তর ও ।,Neutral
test_id_11134,সবকিছু নির্ভর করছে প্রাথমিক শিক্ষক অধিদপ্তর ও প্রাথমিক ।,Neutral
test_id_11135,নির্ভর করছে প্রাথমিক শিক্ষক অধিদপ্তর ও প্রাথমিক ও ।,Neutral
test_id_11136,করছে প্রাথমিক শিক্ষক অধিদপ্তর ও প্রাথমিক ও গণশিক্ষা ।,Neutral
test_id_11137,প্রাথমিক শিক্ষক অধিদপ্তর ও প্রাথমিক ও গণশিক্ষা মন্ত্রণালয়ের ।,Neutral
test_id_11138,শিক্ষক অধিদপ্তর ও প্রাথমিক ও গণশিক্ষা মন্ত্রণালয়ের উপর ।,Neutral
test_id_11139,শিগগিরই পরীক্ষা শুরু হওয়ার কথা শুনে অনেকেই ।,Neutral
test_id_11140,পরীক্ষা শুরু হওয়ার কথা শুনে অনেকেই চিন্তায় ।,Neutral
test_id_11141,শুরু হওয়ার কথা শুনে অনেকেই চিন্তায় পড়ে ।,Neutral
test_id_11142,হওয়ার কথা শুনে অনেকেই চিন্তায় পড়ে গেছেন ।,Neutral
test_id_11143,কথা শুনে অনেকেই চিন্তায় পড়ে গেছেন এই ।,Neutral
test_id_11144,শুনে অনেকেই চিন্তায় পড়ে গেছেন এই ভেবে- ।,Neutral
test_id_11145,অনেকেই চিন্তায় পড়ে গেছেন এই ভেবে- ‘এতো ।,Neutral
test_id_11146,চিন্তায় পড়ে গেছেন এই ভেবে- ‘এতো দিন ।,Neutral
test_id_11147,পড়ে গেছেন এই ভেবে- ‘এতো দিন তেমন ।,Neutral
test_id_11148,গেছেন এই ভেবে- ‘এতো দিন তেমন কিছু ।,Neutral
test_id_11149,এই ভেবে- ‘এতো দিন তেমন কিছু পড়লাম ।,Neutral
test_id_11150,ভেবে- ‘এতো দিন তেমন কিছু পড়লাম না ।,Neutral
test_id_11151,শিগগিরই পরীক্ষা শুরু হওয়ার কথা শুনে অনেকেই চিন্তায় ।,Neutral
test_id_11152,পরীক্ষা শুরু হওয়ার কথা শুনে অনেকেই চিন্তায় পড়ে ।,Neutral
test_id_11153,শুরু হওয়ার কথা শুনে অনেকেই চিন্তায় পড়ে গেছেন ।,Neutral
test_id_11154,হওয়ার কথা শুনে অনেকেই চিন্তায় পড়ে গেছেন এই ।,Neutral
test_id_11155,কথা শুনে অনেকেই চিন্তায় পড়ে গেছেন এই ভেবে- ।,Neutral
test_id_11156,শুনে অনেকেই চিন্তায় পড়ে গেছেন এই ভেবে- ‘এতো ।,Neutral
test_id_11157,অনেকেই চিন্তায় পড়ে গেছেন এই ভেবে- ‘এতো দিন ।,Neutral
test_id_11158,চিন্তায় পড়ে গেছেন এই ভেবে- ‘এতো দিন তেমন ।,Neutral
test_id_11159,পড়ে গেছেন এই ভেবে- ‘এতো দিন তেমন কিছু ।,Neutral
test_id_11160,গেছেন এই ভেবে- ‘এতো দিন তেমন কিছু পড়লাম ।,Neutral
test_id_11161,এই ভেবে- ‘এতো দিন তেমন কিছু পড়লাম না ।,Neutral
test_id_11162,আমি কীভাবে এতো অল্প সময়ে ভালো প্রস্তুতি ।,Neutral
test_id_11163,কীভাবে এতো অল্প সময়ে ভালো প্রস্তুতি নেব ।,Neutral
test_id_11164,আমি কীভাবে এতো অল্প সময়ে ভালো প্রস্তুতি নেব ।,Neutral
test_id_11165,আমি কি আসলেও পরীক্ষায় পাস করতে পারবো ।,Neutral
test_id_11166,২০২২ সালে সরকারি প্রাথমিকের সহকারী শিক্ষক পদে ।,Neutral
test_id_11167,সালে সরকারি প্রাথমিকের সহকারী শিক্ষক পদে ৩২ ।,Neutral
test_id_11168,সরকারি প্রাথমিকের সহকারী শিক্ষক পদে ৩২ হাজার ।,Neutral
test_id_11169,প্রাথমিকের সহকারী শিক্ষক পদে ৩২ হাজার ৫৭৭ ।,Neutral
test_id_11170,সহকারী শিক্ষক পদে ৩২ হাজার ৫৭৭ জনকে ।,Neutral
test_id_11171,শিক্ষক পদে ৩২ হাজার ৫৭৭ জনকে নিয়োগ ।,Neutral
test_id_11172,পদে ৩২ হাজার ৫৭৭ জনকে নিয়োগ দেওয়া ।,Neutral
test_id_11173,৩২ হাজার ৫৭৭ জনকে নিয়োগ দেওয়া হবে ।,Neutral
test_id_11174,২০২২ সালে সরকারি প্রাথমিকের সহকারী শিক্ষক পদে ৩২ ।,Neutral
test_id_11175,সালে সরকারি প্রাথমিকের সহকারী শিক্ষক পদে ৩২ হাজার ।,Neutral
test_id_11176,সরকারি প্রাথমিকের সহকারী শিক্ষক পদে ৩২ হাজার ৫৭৭ ।,Neutral
test_id_11177,প্রাথমিকের সহকারী শিক্ষক পদে ৩২ হাজার ৫৭৭ জনকে ।,Neutral
test_id_11178,সহকারী শিক্ষক পদে ৩২ হাজার ৫৭৭ জনকে নিয়োগ ।,Neutral
test_id_11179,শিক্ষক পদে ৩২ হাজার ৫৭৭ জনকে নিয়োগ দেওয়া ।,Neutral
test_id_11180,পদে ৩২ হাজার ৫৭৭ জনকে নিয়োগ দেওয়া হবে ।,Neutral
test_id_11181,এ পদের জন্য প্রায় ১৩ লাখ ৯ ।,Neutral
test_id_11182,পদের জন্য প্রায় ১৩ লাখ ৯ হাজার ।,Neutral
test_id_11183,জন্য প্রায় ১৩ লাখ ৯ হাজার চাকরিপ্রত্যাশী ।,Neutral
test_id_11184,প্রায় ১৩ লাখ ৯ হাজার চাকরিপ্রত্যাশী আবেদন ।,Neutral
test_id_11185,১৩ লাখ ৯ হাজার চাকরিপ্রত্যাশী আবেদন করেছেন ।,Neutral
test_id_11186,এ পদের জন্য প্রায় ১৩ লাখ ৯ হাজার ।,Neutral
test_id_11187,পদের জন্য প্রায় ১৩ লাখ ৯ হাজার চাকরিপ্রত্যাশী ।,Neutral
test_id_11188,জন্য প্রায় ১৩ লাখ ৯ হাজার চাকরিপ্রত্যাশী আবেদন ।,Neutral
test_id_11189,প্রায় ১৩ লাখ ৯ হাজার চাকরিপ্রত্যাশী আবেদন করেছেন ।,Neutral
test_id_11190,প্রথমে আপনি ভুলে যান কতজন চাকরির পরীক্ষা ।,Neutral
test_id_11191,আপনি ভুলে যান কতজন চাকরির পরীক্ষা দেবে ।,Neutral
test_id_11192,প্রথমে আপনি ভুলে যান কতজন চাকরির পরীক্ষা দেবে ।,Neutral
test_id_11193,আপনি শুধু নিজের প্রতি এই আস্থা রাখুন ।,Neutral
test_id_11194,৩২ হাজার নয় যদি ৩২ জনও নিয়োগ ।,Neutral
test_id_11195,হাজার নয় যদি ৩২ জনও নিয়োগ দেয় ।,Neutral
test_id_11196,৩২ হাজার নয় যদি ৩২ জনও নিয়োগ দেয় ।,Neutral
test_id_11197,কারণ যে ১৩ লাখ প্রার্থী চাকরি জন্য ।,Neutral
test_id_11198,যে ১৩ লাখ প্রার্থী চাকরি জন্য আবেদন ।,Neutral
test_id_11199,১৩ লাখ প্রার্থী চাকরি জন্য আবেদন করেছেন ।,Neutral
test_id_11200,লাখ প্রার্থী চাকরি জন্য আবেদন করেছেন তার ।,Neutral
test_id_11201,প্রার্থী চাকরি জন্য আবেদন করেছেন তার অধিকাংশই ।,Neutral
test_id_11202,চাকরি জন্য আবেদন করেছেন তার অধিকাংশই কেবল ।,Neutral
test_id_11203,জন্য আবেদন করেছেন তার অধিকাংশই কেবল চাকরি ।,Neutral
test_id_11204,আবেদন করেছেন তার অধিকাংশই কেবল চাকরি পরীক্ষার ।,Neutral
test_id_11205,করেছেন তার অধিকাংশই কেবল চাকরি পরীক্ষার অভিজ্ঞতা ।,Neutral
test_id_11206,তার অধিকাংশই কেবল চাকরি পরীক্ষার অভিজ্ঞতা জন্য ।,Neutral
test_id_11207,অধিকাংশই কেবল চাকরি পরীক্ষার অভিজ্ঞতা জন্য পরীক্ষাটা ।,Neutral
test_id_11208,কেবল চাকরি পরীক্ষার অভিজ্ঞতা জন্য পরীক্ষাটা দিচ্ছেন ।,Neutral
test_id_11209,কারণ যে ১৩ লাখ প্রার্থী চাকরি জন্য আবেদন ।,Neutral
test_id_11210,যে ১৩ লাখ প্রার্থী চাকরি জন্য আবেদন করেছেন ।,Neutral
test_id_11211,১৩ লাখ প্রার্থী চাকরি জন্য আবেদন করেছেন তার ।,Neutral
test_id_11212,লাখ প্রার্থী চাকরি জন্য আবেদন করেছেন তার অধিকাংশই ।,Neutral
test_id_11213,প্রার্থী চাকরি জন্য আবেদন করেছেন তার অধিকাংশই কেবল ।,Neutral
test_id_11214,চাকরি জন্য আবেদন করেছেন তার অধিকাংশই কেবল চাকরি ।,Neutral
test_id_11215,জন্য আবেদন করেছেন তার অধিকাংশই কেবল চাকরি পরীক্ষার ।,Neutral
test_id_11216,আবেদন করেছেন তার অধিকাংশই কেবল চাকরি পরীক্ষার অভিজ্ঞতা ।,Neutral
test_id_11217,করেছেন তার অধিকাংশই কেবল চাকরি পরীক্ষার অভিজ্ঞতা জন্য ।,Neutral
test_id_11218,তার অধিকাংশই কেবল চাকরি পরীক্ষার অভিজ্ঞতা জন্য পরীক্ষাটা ।,Neutral
test_id_11219,অধিকাংশই কেবল চাকরি পরীক্ষার অভিজ্ঞতা জন্য পরীক্ষাটা দিচ্ছেন ।,Neutral
test_id_11220,তেমন কোনো প্রস্তুতি নেই বা প্রস্তুতি নেবেনও ।,Neutral
test_id_11221,কোনো প্রস্তুতি নেই বা প্রস্তুতি নেবেনও না ।,Neutral
test_id_11222,তেমন কোনো প্রস্তুতি নেই বা প্রস্তুতি নেবেনও না ।,Neutral
test_id_11223,প্রস্তুতি নেওয়ার ইচ্ছে ও চাকরি পাওয়ার ইচ্ছে ।,Neutral
test_id_11224,নেওয়ার ইচ্ছে ও চাকরি পাওয়ার ইচ্ছে থাকলেও ।,Neutral
test_id_11225,ইচ্ছে ও চাকরি পাওয়ার ইচ্ছে থাকলেও কী ।,Neutral
test_id_11226,ও চাকরি পাওয়ার ইচ্ছে থাকলেও কী পড়বেন ।,Neutral
test_id_11227,চাকরি পাওয়ার ইচ্ছে থাকলেও কী পড়বেন আর ।,Neutral
test_id_11228,পাওয়ার ইচ্ছে থাকলেও কী পড়বেন আর কী ।,Neutral
test_id_11229,ইচ্ছে থাকলেও কী পড়বেন আর কী বাদ ।,Neutral
test_id_11230,থাকলেও কী পড়বেন আর কী বাদ দেবেন ।,Neutral
test_id_11231,প্রস্তুতি নেওয়ার ইচ্ছে ও চাকরি পাওয়ার ইচ্ছে থাকলেও ।,Neutral
test_id_11232,নেওয়ার ইচ্ছে ও চাকরি পাওয়ার ইচ্ছে থাকলেও কী ।,Neutral
test_id_11233,ইচ্ছে ও চাকরি পাওয়ার ইচ্ছে থাকলেও কী পড়বেন ।,Neutral
test_id_11234,ও চাকরি পাওয়ার ইচ্ছে থাকলেও কী পড়বেন আর ।,Neutral
test_id_11235,চাকরি পাওয়ার ইচ্ছে থাকলেও কী পড়বেন আর কী ।,Neutral
test_id_11236,পাওয়ার ইচ্ছে থাকলেও কী পড়বেন আর কী বাদ ।,Neutral
test_id_11237,ইচ্ছে থাকলেও কী পড়বেন আর কী বাদ দেবেন ।,Neutral
test_id_11238,কোন বিষয়গুলো বেশি গুরুত্বপূর্ণ আর কোনটি কম ।,Neutral
test_id_11239,বিষয়গুলো বেশি গুরুত্বপূর্ণ আর কোনটি কম গুরুত্বপূর্ণ ।,Neutral
test_id_11240,কোন বিষয়গুলো বেশি গুরুত্বপূর্ণ আর কোনটি কম গুরুত্বপূর্ণ ।,Neutral
test_id_11241,সেটা না বোঝার কারণে পরীক্ষার ভালো প্রস্তুতি ।,Neutral
test_id_11242,না বোঝার কারণে পরীক্ষার ভালো প্রস্তুতি নিতে ।,Neutral
test_id_11243,বোঝার কারণে পরীক্ষার ভালো প্রস্তুতি নিতে পারবেন ।,Neutral
test_id_11244,কারণে পরীক্ষার ভালো প্রস্তুতি নিতে পারবেন না ।,Neutral
test_id_11245,সেটা না বোঝার কারণে পরীক্ষার ভালো প্রস্তুতি নিতে ।,Neutral
test_id_11246,না বোঝার কারণে পরীক্ষার ভালো প্রস্তুতি নিতে পারবেন ।,Neutral
test_id_11247,বোঝার কারণে পরীক্ষার ভালো প্রস্তুতি নিতে পারবেন না ।,Neutral
test_id_11248,অর্থাৎ কী পড়বে আর কী বাদ দিবে ।,Neutral
test_id_11249,কী পড়বে আর কী বাদ দিবে সেটা ।,Neutral
test_id_11250,পড়বে আর কী বাদ দিবে সেটা বুঝে ।,Neutral
test_id_11251,আর কী বাদ দিবে সেটা বুঝে ওঠতে ।,Neutral
test_id_11252,কী বাদ দিবে সেটা বুঝে ওঠতে ওঠতেই ।,Neutral
test_id_11253,বাদ দিবে সেটা বুঝে ওঠতে ওঠতেই পরীক্ষার ।,Neutral
test_id_11254,দিবে সেটা বুঝে ওঠতে ওঠতেই পরীক্ষার তারিখ ।,Neutral
test_id_11255,সেটা বুঝে ওঠতে ওঠতেই পরীক্ষার তারিখ চলে ।,Neutral
test_id_11256,বুঝে ওঠতে ওঠতেই পরীক্ষার তারিখ চলে আসবে ।,Neutral
test_id_11257,অর্থাৎ কী পড়বে আর কী বাদ দিবে সেটা ।,Neutral
test_id_11258,কী পড়বে আর কী বাদ দিবে সেটা বুঝে ।,Neutral
test_id_11259,পড়বে আর কী বাদ দিবে সেটা বুঝে ওঠতে ।,Neutral
test_id_11260,আর কী বাদ দিবে সেটা বুঝে ওঠতে ওঠতেই ।,Neutral
test_id_11261,কী বাদ দিবে সেটা বুঝে ওঠতে ওঠতেই পরীক্ষার ।,Neutral
test_id_11262,বাদ দিবে সেটা বুঝে ওঠতে ওঠতেই পরীক্ষার তারিখ ।,Neutral
test_id_11263,দিবে সেটা বুঝে ওঠতে ওঠতেই পরীক্ষার তারিখ চলে ।,Neutral
test_id_11264,সেটা বুঝে ওঠতে ওঠতেই পরীক্ষার তারিখ চলে আসবে ।,Neutral
test_id_11265,তখন স্বাভাবিকভাবে পরীক্ষা খারাপ হয়ে যাবে ভালো ।,Neutral
test_id_11266,স্বাভাবিকভাবে পরীক্ষা খারাপ হয়ে যাবে ভালো প্রস্তুতির ।,Neutral
test_id_11267,পরীক্ষা খারাপ হয়ে যাবে ভালো প্রস্তুতির অভাবে ।,Neutral
test_id_11268,তখন স্বাভাবিকভাবে পরীক্ষা খারাপ হয়ে যাবে ভালো প্রস্তুতির ।,Neutral
test_id_11269,স্বাভাবিকভাবে পরীক্ষা খারাপ হয়ে যাবে ভালো প্রস্তুতির অভাবে ।,Neutral
test_id_11270,অনেকে আছে শুধু পরীক্ষার দেয়ার জন্যই পরীক্ষা ।,Neutral
test_id_11271,আছে শুধু পরীক্ষার দেয়ার জন্যই পরীক্ষা দিবে ।,Neutral
test_id_11272,অনেকে আছে শুধু পরীক্ষার দেয়ার জন্যই পরীক্ষা দিবে ।,Neutral
test_id_11273,তাই আপনি ভাবুন- ৩২ হাজার নয় ৩২ ।,Neutral
test_id_11274,আপনি ভাবুন- ৩২ হাজার নয় ৩২ জন ।,Neutral
test_id_11275,ভাবুন- ৩২ হাজার নয় ৩২ জন নিলেও ।,Neutral
test_id_11276,৩২ হাজার নয় ৩২ জন নিলেও আমি ।,Neutral
test_id_11277,হাজার নয় ৩২ জন নিলেও আমি সেই ।,Neutral
test_id_11278,নয় ৩২ জন নিলেও আমি সেই লিস্টে ।,Neutral
test_id_11279,৩২ জন নিলেও আমি সেই লিস্টে থাকবো ।,Neutral
test_id_11280,তাই আপনি ভাবুন- ৩২ হাজার নয় ৩২ জন ।,Neutral
test_id_11281,আপনি ভাবুন- ৩২ হাজার নয় ৩২ জন নিলেও ।,Neutral
test_id_11282,ভাবুন- ৩২ হাজার নয় ৩২ জন নিলেও আমি ।,Neutral
test_id_11283,৩২ হাজার নয় ৩২ জন নিলেও আমি সেই ।,Neutral
test_id_11284,হাজার নয় ৩২ জন নিলেও আমি সেই লিস্টে ।,Neutral
test_id_11285,নয় ৩২ জন নিলেও আমি সেই লিস্টে থাকবো ।,Neutral
test_id_11286,তাহলে আপনার সেই মনোবল আপনাকে অনেক দূর ।,Neutral
test_id_11287,আপনার সেই মনোবল আপনাকে অনেক দূর নিয়ে ।,Neutral
test_id_11288,সেই মনোবল আপনাকে অনেক দূর নিয়ে যাবে ।,Neutral
test_id_11289,তাহলে আপনার সেই মনোবল আপনাকে অনেক দূর নিয়ে ।,Neutral
test_id_11290,আপনার সেই মনোবল আপনাকে অনেক দূর নিয়ে যাবে ।,Neutral
test_id_11291,এবার আসি এই অল্প সময়ে শর্টকাটে কী ।,Neutral
test_id_11292,আসি এই অল্প সময়ে শর্টকাটে কী কী ।,Neutral
test_id_11293,এই অল্প সময়ে শর্টকাটে কী কী পড়বেন ।,Neutral
test_id_11294,এবার আসি এই অল্প সময়ে শর্টকাটে কী কী ।,Neutral
test_id_11295,আসি এই অল্প সময়ে শর্টকাটে কী কী পড়বেন ।,Neutral
test_id_11296,যেহেতু সময় কম তাই সব না পড়ে ।,Neutral
test_id_11297,সময় কম তাই সব না পড়ে কেবল ।,Neutral
test_id_11298,কম তাই সব না পড়ে কেবল গুরুত্বপূর্ণ ।,Neutral
test_id_11299,তাই সব না পড়ে কেবল গুরুত্বপূর্ণ বিষয়গুলো ।,Neutral
test_id_11300,সব না পড়ে কেবল গুরুত্বপূর্ণ বিষয়গুলো পড়ুন ।,Neutral
test_id_11301,যেহেতু সময় কম তাই সব না পড়ে কেবল ।,Neutral
test_id_11302,সময় কম তাই সব না পড়ে কেবল গুরুত্বপূর্ণ ।,Neutral
test_id_11303,কম তাই সব না পড়ে কেবল গুরুত্বপূর্ণ বিষয়গুলো ।,Neutral
test_id_11304,তাই সব না পড়ে কেবল গুরুত্বপূর্ণ বিষয়গুলো পড়ুন ।,Neutral
test_id_11305,যেখান থেকে বেশি বেশি কিংবা বারবার প্রশ্ন ।,Neutral
test_id_11306,থেকে বেশি বেশি কিংবা বারবার প্রশ্ন আসে ।,Neutral
test_id_11307,যেখান থেকে বেশি বেশি কিংবা বারবার প্রশ্ন আসে ।,Neutral
test_id_11308,এখন প্রশ্ন হলো আমি তা কীভাবে বোঝবো ।,Neutral
test_id_11309,উত্তর একদম সহজ- আপনি যদি প্রাইমারি সহকারী ।,Neutral
test_id_11310,একদম সহজ- আপনি যদি প্রাইমারি সহকারী নিয়োগ ।,Neutral
test_id_11311,সহজ- আপনি যদি প্রাইমারি সহকারী নিয়োগ পরীক্ষার ।,Neutral
test_id_11312,আপনি যদি প্রাইমারি সহকারী নিয়োগ পরীক্ষার প্রশ্নগুলো ।,Neutral
test_id_11313,যদি প্রাইমারি সহকারী নিয়োগ পরীক্ষার প্রশ্নগুলো ভালোভাবে ।,Neutral
test_id_11314,প্রাইমারি সহকারী নিয়োগ পরীক্ষার প্রশ্নগুলো ভালোভাবে খেয়াল ।,Neutral
test_id_11315,সহকারী নিয়োগ পরীক্ষার প্রশ্নগুলো ভালোভাবে খেয়াল করেন ।,Neutral
test_id_11316,উত্তর একদম সহজ- আপনি যদি প্রাইমারি সহকারী নিয়োগ ।,Neutral
test_id_11317,একদম সহজ- আপনি যদি প্রাইমারি সহকারী নিয়োগ পরীক্ষার ।,Neutral
test_id_11318,সহজ- আপনি যদি প্রাইমারি সহকারী নিয়োগ পরীক্ষার প্রশ্নগুলো ।,Neutral
test_id_11319,আপনি যদি প্রাইমারি সহকারী নিয়োগ পরীক্ষার প্রশ্নগুলো ভালোভাবে ।,Neutral
test_id_11320,যদি প্রাইমারি সহকারী নিয়োগ পরীক্ষার প্রশ্নগুলো ভালোভাবে খেয়াল ।,Neutral
test_id_11321,প্রাইমারি সহকারী নিয়োগ পরীক্ষার প্রশ্নগুলো ভালোভাবে খেয়াল করেন ।,Neutral
test_id_11322,তাহলে দেখতে পাবেন কোন টপিক থেকে বেশি ।,Neutral
test_id_11323,দেখতে পাবেন কোন টপিক থেকে বেশি প্রশ্ন ।,Neutral
test_id_11324,পাবেন কোন টপিক থেকে বেশি প্রশ্ন এসেছে ।,Neutral
test_id_11325,তাহলে দেখতে পাবেন কোন টপিক থেকে বেশি প্রশ্ন ।,Neutral
test_id_11326,দেখতে পাবেন কোন টপিক থেকে বেশি প্রশ্ন এসেছে ।,Neutral
test_id_11327,আপনার হাতে এতো সময় না থাকলে শুধু ।,Neutral
test_id_11328,হাতে এতো সময় না থাকলে শুধু ‘প্রাইমারি ।,Neutral
test_id_11329,এতো সময় না থাকলে শুধু ‘প্রাইমারি শিক্ষক ।,Neutral
test_id_11330,সময় না থাকলে শুধু ‘প্রাইমারি শিক্ষক নিয়োগ ।,Neutral
test_id_11331,না থাকলে শুধু ‘প্রাইমারি শিক্ষক নিয়োগ বইটির ।,Neutral
test_id_11332,থাকলে শুধু ‘প্রাইমারি শিক্ষক নিয়োগ বইটির সাজেশন ।,Neutral
test_id_11333,শুধু ‘প্রাইমারি শিক্ষক নিয়োগ বইটির সাজেশন ফলো ।,Neutral
test_id_11334,‘প্রাইমারি শিক্ষক নিয়োগ বইটির সাজেশন ফলো করতে ।,Neutral
test_id_11335,শিক্ষক নিয়োগ বইটির সাজেশন ফলো করতে পারেন ।,Neutral
test_id_11336,আপনার হাতে এতো সময় না থাকলে শুধু ‘প্রাইমারি ।,Neutral
test_id_11337,হাতে এতো সময় না থাকলে শুধু ‘প্রাইমারি শিক্ষক ।,Neutral
test_id_11338,এতো সময় না থাকলে শুধু ‘প্রাইমারি শিক্ষক নিয়োগ ।,Neutral
test_id_11339,সময় না থাকলে শুধু ‘প্রাইমারি শিক্ষক নিয়োগ বইটির ।,Neutral
test_id_11340,না থাকলে শুধু ‘প্রাইমারি শিক্ষক নিয়োগ বইটির সাজেশন ।,Neutral
test_id_11341,থাকলে শুধু ‘প্রাইমারি শিক্ষক নিয়োগ বইটির সাজেশন ফলো ।,Neutral
test_id_11342,শুধু ‘প্রাইমারি শিক্ষক নিয়োগ বইটির সাজেশন ফলো করতে ।,Neutral
test_id_11343,‘প্রাইমারি শিক্ষক নিয়োগ বইটির সাজেশন ফলো করতে পারেন ।,Neutral